개방자치단체코드,관리번호,인허가일자,인허가취소일자,영업상태명,폐업일자,휴업시작일자,휴업종료일자,재개업일자,소재지면적,소재지우편번호,도로명우편번호,사업장명,데이터갱신구분,권리주체일련번호,데이터갱신시점,도로명주소,상세업무구분명,상세영업상태명,상세영업상태코드,영업상태코드,전화번호,좌표정보(X),좌표정보(Y),지번주소,최종수정시점
3000000,300000004720180020,2018-12-13,,폐업,2020-08-19,,,,0,,03164,상자속고양이,I,000,2026-03-26 22:33:06,"서울특별시 종로구 삼일대로 ***-*, 세인빌딩 *층 (인사동)",,폐업,0002,03,,198811.965898086    ,452040.822179636    ,서울특별시 종로구 인사동 **-* 세인빌딩 ,2022-04-28 18:11:02
3000000,300000004720180018,2018-11-01,,폐업,2021-02-03,,,,0,,03078,금고양이카페,I,000,2026-03-26 22:33:06,"서울특별시 종로구 대명길 *, *층 (명륜*가)",,폐업,0002,03,,200013.660313627    ,453450.695152508    ,서울특별시 종로구 명륜*가 *-* ,2022-04-28 18:11:01
3000000,300000004720180015,2018-10-16,,폐업,2022-01-12,,,,0,,03053,집사의 하루 북촌점,I,000,2026-03-26 22:33:06,"서울특별시 종로구 북촌로*가길 **, *, *층 (화동)",,폐업,0002,03,027927984,198347.210186346    ,453115.086357308    ,서울특별시 종로구 화동 ** ,2022-04-28 18:11:01
3000000,300000004720240001,2024-08-23,,영업/정상,,,,,0,,03077,집사의하루 혜화점,I,000,2026-03-26 22:33:06,"서울특별시 종로구 창경궁로 ***-*, *층 (명륜*가)",,정상,0000,01,07048337985,199857.061677896    ,453424.659149132    ,서울특별시 종로구 명륜*가 ***-* ,2025-03-27 14:20:41
3000000,300000004720180007,2018-09-11,,영업/정상,,,,,0,,03086,미어켓파크,I,L00,2026-03-26 22:33:06,"서울특별시 종로구 대학로**길 **, *층 (동숭동)",,정상,0000,01,027627201,200178.724251664    ,453254.499540614    ,서울특별시 종로구 동숭동 *-*** ,2022-04-28 18:11:01
3000000,300000004720180017,2018-10-18,,취소/말소/만료/정지/중지,2023-06-14,,,,0,,03126,미션코리아,I,000,2026-03-26 22:33:06,"서울특별시 종로구 대학로 **, *층 (효제동)",,말소,0004,04,,200126.766304313    ,452265.173517838    ,서울특별시 종로구 효제동 ***-* ,2023-06-14 09:43:23
3010000,301000004720240002,2024-08-26,,영업/정상,,,,,0,,04537,고양이카페 루프캣미 명동점,I,L00,2026-03-26 22:33:07,"서울특별시 중구 명동*가길 **, *층 (충무로*가)",,정상,0000,01,,198737.553769773    ,451081.894647871    ,서울특별시 중구 충무로*가 **-* ,2024-08-26 17:05:50
3010000,301000004720200003,2020-08-12,,폐업,2021-08-30,,,,0,,04536,고양이 다락방,I,000,2026-03-26 22:33:07,"서울특별시 중구 명동*길 *-*, *층 (명동*가)",,폐업,0002,03,023183123,198539.24646227     ,451217.150102455    ,서울특별시 중구 명동*가 **-** ,2022-04-28 18:11:05
3010000,301000004720230002,2023-05-22,,폐업,2025-09-01,,,,0,,04536,스카이캣명동2호점,I,000,2026-03-26 22:33:07,"서울특별시 중구 명동*나길 *, *층 (충무로*가)",,폐업,0002,03,,198590.414302969    ,451038.262729925    ,서울특별시 중구 충무로*가 **-* ,2025-09-01 16:53:56
3010000,301000004720240001,2024-04-05,,영업/정상,,,,,0,,04537,고양이사랑채,I,000,2026-03-26 22:33:07,"서울특별시 중구 명동**길 **-*, *층 (명동*가)",,정상,0000,01,,198659.446197759    ,451198.789321829    ,서울특별시 중구 명동*가 *-* ,2024-04-05 08:14:55
3010000,301000004720200002,2020-08-12,,영업/정상,,,,,0,,04536,하늘을 걷는 고양이 카페,I,000,2026-03-26 22:33:07,"서울특별시 중구 명동*길 *, *층 (명동*가)",,정상,0000,01,023197647,198467.126665171    ,451240.860896184    ,서울특별시 중구 명동*가 **-* ,2022-07-15 09:54:06
3010000,301000004720230001,2023-01-17,,영업/정상,,,,,0,,04536,고양이 놀이터,I,000,2026-03-26 22:33:07,"서울특별시 중구 명동*길 **-**, *층 (충무로*가)",,정상,0000,01,0237892207,198648.436946782    ,451076.674084561    ,서울특별시 중구 충무로*가 **-* ,2023-01-17 15:36:58
3020000,302000004720220001,2022-07-22,,영업/정상,,,,,0,,04390,아이조아 캣파크 서울점,I,000,2026-01-13 18:16:32,"서울특별시 용산구 녹사평대로**길 **, *층 (이태원동)",,정상,0000,01,,199069.934522247    ,447914.896960472    ,서울특별시 용산구 이태원동 **-** *층 ,2025-07-03 08:11:29
3020000,302000004720180025,2018-09-14,,폐업,2020-11-23,,,,0,,04345,다독,I,000,2026-01-13 18:16:32,"서울특별시 용산구 녹사평대로**길 *, *층 (이태원동)",,폐업,0002,03,027499519,198791.952672996    ,448364.553023469    ,서울특별시 용산구 이태원동 *** *층 ,2022-04-28 18:11:00
3030000,303000004720210002,2021-01-26,,영업/정상,,,,,0,,04788,댕댕이루,I,L00,2026-01-13 18:59:04,서울특별시 성동구 상원길 ** (성수동*가),,정상,0000,01,024665787,204108.403825914    ,449864.570401349    ,서울특별시 성동구 성수동*가 ***-*** ,2022-04-28 18:10:57
3030000,303000004720240001,2024-07-02,,영업/정상,,,,,0,,04768,너즐,I,000,2026-01-13 18:59:04,"서울특별시 성동구 서울숲*길 **, 거암아트빌라 *층 (성수동*가)",,정상,0000,01,025676065,203735.354304094    ,449472.508622038    ,서울특별시 성동구 성수동*가 ***-** 거암아트빌라 ,2024-07-02 08:57:03
3030000,303000004720250001,2025-09-09,,영업/정상,,,,,0,,04794,길고양이마을 성수협력2호점,I,000,2026-01-13 18:59:04,"서울특별시 성동구 아차산로 **, 현진빌딩 *층 (성수동*가)",,정상,0000,01,,204744.808759887    ,449227.219539688    ,서울특별시 성동구 성수동*가 ***-** 현진빌딩 ,2025-09-09 16:54:41
3040000,304000004720230001,2023-10-18,,폐업,2025-06-30,,,,0,,05012,동물다방,I,000,2026-01-13 18:09:03,"서울특별시 광진구 능동로**길 **, 지하층 (화양동)",,폐업,0002,03,,206065.616749053    ,449158.252745395    ,서울특별시 광진구 화양동 **-** ,2025-06-30 13:35:56
3040000,304000004720180057,2018-09-12,,폐업,2025-06-17,,,,0,,05074,로얄에이알씨(주),I,L00,2026-01-13 18:09:03,"서울특별시 광진구 능동로 **, 영지빌딩 *층 ***호 (자양동)",,폐업,0002,03,024680955,205969.966011569    ,448175.917404606    ,서울특별시 광진구 자양동 ***-* 영지빌딩 ,2025-06-17 16:03:48
3040000,304000004720210011,2021-12-06,,폐업,2025-11-13,,,,0,,05073,냥이네 하우스,I,000,2026-01-13 18:09:03,"서울특별시 광진구 동일로**길 ***, *층 (자양동)",,폐업,0002,03,024650329,206094.706599251    ,448582.083585779    ,서울특별시 광진구 자양동 *-* *층 ,2025-11-17 11:14:53
3040000,304000004720180032,2018-08-01,,폐업,2020-02-13,,,,0,,04915,coffee pet#,I,000,2026-01-13 18:09:03,"서울특별시 광진구 능동로 ***, 성학빌딩 *층 (중곡동)",,폐업,0002,03,024657700,207114.406978584    ,450968.166497544    ,서울특별시 광진구 중곡동 ***-* 성학빌딩 ,2022-04-28 18:10:53
3040000,304000004720220005,2022-08-05,,영업/정상,,,,,0,,05010,플레이독스,I,000,2026-01-13 18:09:03,"서울특별시 광진구 능동로 ***, 지하*층 (화양동)",,정상,0000,01,024975789,206374.220854801    ,449238.603801436    ,서울특별시 광진구 화양동 **-** 지하*층 ,2022-08-05 09:24:56
3040000,304000004720220004,2022-03-02,,영업/정상,,,,,0,,05073,우주로캣,I,000,2026-01-13 18:09:03,"서울특별시 광진구 아차산로 ***, 아차산로 *층 (자양동)",,정상,0000,01,0222053123,206109.987109224    ,448630.832988973    ,서울특별시 광진구 자양동 *-* *층 ,2024-12-23 14:03:45
3040000,304000004720210013,2021-12-10,,영업/정상,,,,,0,,05018,집사의 하루 건대점,I,000,2026-01-13 18:09:03,"서울특별시 광진구 아차산로**길 **, *층 (화양동, 화양동근생)",,정상,0000,01,,205993.83264866     ,448828.43265301     ,서울특별시 광진구 화양동 *-** 화양동근생 ,2022-04-28 18:11:05
3040000,304000004720180059,2018-09-14,,영업/정상,,,,,0,,05021,카페히릿,I,000,2026-01-13 18:09:03,"서울특별시 광진구 광나루로 ***, *층 (화양동)",,정상,0000,01,07088704442,206508.851523954    ,449413.728670008    ,서울특별시 광진구 화양동 ***-** ,2022-12-08 17:34:00
3050000,305000004720190016,2019-10-25,,영업/정상,,,,,0,,02637,견우,I,000,2026-01-13 18:11:33,"서울특별시 동대문구 장한로 ***, *층 (장안동)",,정상,0000,01,,206255.326876991    ,452142.790091635    ,서울특별시 동대문구 장안동 ***-* ,2022-04-28 18:10:51
3050000,305000004720180063,2018-11-12,,폐업,2020-01-01,,,,0,,02432,도도한 사랑,I,000,2026-01-13 18:11:33,서울특별시 동대문구 외대역동로 **-* (휘경동),,폐업,0002,03,029631676,205657.071206262    ,454519.340081307    ,서울특별시 동대문구 휘경동 ***-** ,2022-04-28 18:10:50
3050000,305000004720240001,2024-08-14,,영업/정상,,,,,0,,02453,개귀여워,I,000,2026-01-13 18:11:33,"서울특별시 동대문구 경희대로 *, *층 (회기동)",,정상,0000,01,,204576.94200714     ,454391.545875285    ,서울특별시 동대문구 회기동 **-** *층 ,2024-08-14 15:55:37
3060000,306000004720180070,2018-10-08,,폐업,2020-02-27,,,,0,,02007,펫피,I,000,2026-01-13 18:18:33,"서울특별시 중랑구 중랑역로 ***-*, *층 (묵동)",,폐업,0002,03,,206618.898401536    ,456531.726268462    ,서울특별시 중랑구 묵동 ***-** ,2022-04-28 18:11:07
3060000,306000004720180057,2018-09-17,,폐업,2023-04-14,,,,0,,02117,주식회사 알에이엠씨로얄지점,I,L00,2026-01-13 18:18:33,"서울특별시 중랑구 망우로 ***, 로얄스포츠센터 (중화동)",,폐업,0002,03,62150955,206997.270586637    ,454794.043242834    ,서울특별시 중랑구 중화동 *** 로얄스포츠센터 ,2023-04-14 09:36:45
3060000,306000004720190017,2019-08-02,,폐업,2020-02-28,,,,0,,02192,멍냥캐슬,I,000,2026-01-13 18:18:33,"서울특별시 중랑구 용마산로 ***, gs**시 *층 (면목동)",,폐업,0002,03,,208430.677480744    ,453944.188797295    ,서울특별시 중랑구 면목동 **-* gs**시 ,2022-04-28 18:11:07
3060000,306000004720220014,2022-04-18,,폐업,2023-03-29,,,,0,,02069,멍스테이,I,000,2026-01-13 18:18:33,"서울특별시 중랑구 신내로 **, *층 (신내동)",,폐업,0002,03,0222082296,208382.408445754    ,455786.130233204    ,서울특별시 중랑구 신내동 ***-* ,2023-03-29 17:30:40
3060000,306000004720230001,2023-08-07,,폐업,2024-05-20,,,,0,,02013,패밀리독,I,000,2026-01-13 18:18:33,"서울특별시 중랑구 동일로***길 **, 적순빌딩 *-*층 (묵동)",,폐업,0002,03,,206751.143086862    ,455895.938640456    ,서울특별시 중랑구 묵동 ***-** 적순빌딩 ,2024-05-20 14:35:15
3060000,306000004720220016,2022-08-05,,폐업,2023-03-29,,,,0,,02047,눈이부시개,I,000,2026-01-13 18:18:33,"서울특별시 중랑구 동일로***길 **, *층 (중화동)",,폐업,0002,03,024957942,206993.031979321    ,455790.278886248    ,서울특별시 중랑구 중화동 ***-** ,2023-03-29 15:55:55
3060000,306000004720250001,2025-04-08,,영업/정상,,,,,0,,02017,고양이 카페 여기,I,000,2026-01-13 18:18:33,"서울특별시 중랑구 동일로 ***, *층 (중화동)",,정상,0000,01,,206906.987423398    ,455572.822339958    ,서울특별시 중랑구 중화동 ***-** ,2025-04-08 11:16:00
3060000,306000004720240001,2024-02-21,,영업/정상,,,,,0,,02165,다시사랑받개,I,000,2026-01-13 18:18:33,"서울특별시 중랑구 용마산로 ***, 언신회관 *층 (망우동)",,정상,0000,01,,208766.66188129     ,455118.157244334    ,서울특별시 중랑구 망우동 ***-* 언신회관 ,2024-02-21 14:22:56
3060000,306000004720220015,2022-08-03,,영업/정상,,,,,0,,02249,내친구고양이,I,000,2026-01-13 18:18:33,"서울특별시 중랑구 면목로 ***, *층 (면목동)",,정상,0000,01,,207681.724592204    ,453019.542623898    ,서울특별시 중랑구 면목동 ***-* ,2022-08-03 13:43:26
3070000,307000004720190002,2019-02-12,,폐업,2020-03-30,,,,0,,02724,고(Go)독(Dog),I,000,2026-01-13 18:14:33,"서울특별시 성북구 삼양로 **, *층 (길음동)",,폐업,0002,03,029422141,201943.271198685    ,456313.303151189    ,서울특별시 성북구 길음동 **** ,2022-04-28 18:10:56
3070000,307000004720210007,2021-04-30,,폐업,2023-05-08,,,,0,,02849,강아지카페 카페개네,I,000,2026-01-13 18:14:33,"서울특별시 성북구 보문로**길 **, 지층 (동선동*가)",,폐업,0002,03,,201670.336163073    ,454321.698139157    ,서울특별시 성북구 동선동*가 ***-* ,2023-05-08 10:18:39
3080000,308000004720240002,2024-08-19,,영업/정상,,,,,0,,01220,커피타는 고양이,I,000,2026-01-13 18:07:33,"서울특별시 강북구 도봉로 **-*, **층 (미아동)",,정상,0000,01,,202651.533350789    ,456660.462023001    ,서울특별시 강북구 미아동 **-** ,2024-08-19 15:50:47
3080000,308000004720220001,2022-09-23,,폐업,2024-08-13,,,,0,,01220,커피타는 고양이,I,000,2026-01-13 18:07:33,"서울특별시 강북구 도봉로 **-*, **층 (미아동)",,폐업,0002,03,,202651.533350789    ,456660.462023001    ,서울특별시 강북구 미아동 **-** ,2024-08-13 14:24:29
3080000,308000004720180013,2018-06-07,,폐업,2020-06-04,,,,0,,01043,꽃보다 개,I,000,2026-01-13 18:07:33,"서울특별시 강북구 한천로 ****, *층 (수유동)",,폐업,0002,03,,201781.373358123    ,460166.629217976    ,서울특별시 강북구 수유동 ***-** ,2022-04-28 18:10:41
3080000,308000004720240001,2024-06-14,,영업/정상,,,,,0,,01033,쥬니버스,I,000,2026-01-13 18:07:33,"서울특별시 강북구 삼양로 ***, 지하*층 (수유동)",,정상,0000,01,,201335.413440197    ,460106.308158244    ,서울특별시 강북구 수유동 ***-** ,2024-06-14 17:10:21
3080000,308000004720210009,2021-08-31,,영업/정상,,,,,0,,01072,꿈냥꿈냥,I,000,2026-01-13 18:07:33,"서울특별시 강북구 한천로***길 **, *층 ***호 (수유동, 영남빌딩)",,정상,0000,01,,202128.41823526     ,459616.005143063    ,서울특별시 강북구 수유동 ***-** 영남빌딩 ,2023-09-18 18:09:05
3100000,310000004720210010,2021-06-16,,영업/정상,,,,,0,,01693,멍플레이,I,000,2026-01-13 18:10:33,"서울특별시 노원구 상계로 **-*, *층 (상계동)",,정상,0000,01,029331456,205491.468086044    ,461586.771679332    ,서울특별시 노원구 상계동 *** *층 ,2023-07-26 15:22:36
3100000,310000004720240001,2024-02-26,,영업/정상,,,,,0,,01695,집사의하루 노원점,I,000,2026-01-13 18:10:33,"서울특별시 노원구 상계로 **, 화랑빌딩 *층 ***호 (상계동)",,정상,0000,01,,205430.356783465    ,461479.613299751    ,서울특별시 노원구 상계동 *** 화랑빌딩 ,2024-02-26 16:59:01
3100000,310000004720250001,2025-01-23,,영업/정상,,,,,0,,01844,꽁냥꽁냥,I,000,2026-01-13 18:10:33,"서울특별시 노원구 동일로 ****, *층 (공릉동)",,정상,0000,01,,206428.338725971    ,458029.172729264    ,서울특별시 노원구 공릉동 ***-** ,2025-01-23 13:24:22
3100000,310000004720250002,2025-08-18,,영업/정상,,,,,0,,01779,웰리스 스퀘어,I,000,2026-01-13 18:10:33,"서울특별시 노원구 섬밭로 ***, 건영옴니백화점 *층 (중계동)",,정상,0000,01,029784775,205645.891969072    ,459609.012509743    ,서울특별시 노원구 중계동 ***-* 건영옴니백화점 ,2025-10-20 11:23:12
3100000,310000004720180019,2018-07-02,,폐업,2024-02-23,,,,0,,01693,애견카페 개그멍,I,000,2026-01-13 18:10:33,"서울특별시 노원구 상계로*길 *, 대유빌딩 ***호 (상계동)",,폐업,0002,03,029315275,205382.051974464    ,461558.83264704     ,서울특별시 노원구 상계동 ***-** 대유빌딩 ,2024-02-23 16:12:24
3110000,311000004720200014,2020-06-29,,폐업,2021-10-18,,,,0,,03466,낭만고양이,I,000,2026-03-26 22:33:06,"서울특별시 은평구 응암로**길 **-*, *층 (응암동)",,폐업,0002,03,0260144777,192819.69760967     ,454611.174732564    ,서울특별시 은평구 응암동 ***-** ,2022-04-28 18:11:06
3110000,311000004720180082,2018-12-28,,폐업,2021-05-31,,,,0,,03406,도그아지트,I,000,2026-03-26 22:33:06,서울특별시 은평구 연서로 **-* (역촌동),,폐업,0002,03,,192514.242136605    ,455667.824020723    ,서울특별시 은평구 역촌동 **-** ,2022-04-28 18:11:05
3110000,311000004720180076,2018-11-26,,폐업,2023-07-31,,,,0,,03331,도그원,I,L00,2026-03-26 22:33:06,"서울특별시 은평구 연서로**길 **, *층 (갈현동)",,폐업,0002,03,,192654.167300609    ,457455.656745945    ,서울특별시 은평구 갈현동 ***-* *층 ,2023-07-31 15:53:48
3110000,311000004720180052,2018-10-08,,폐업,2021-01-21,,,,0,,03331,커피 볶는 고양이,I,000,2026-03-26 22:33:06,서울특별시 은평구 연서로**길 ** (갈현동),,폐업,0002,03,,192661.034387179    ,457449.976857799    ,서울특별시 은평구 갈현동 ***-** ,2022-04-28 18:11:04
3110000,311000004720180051,2018-10-08,,폐업,2021-01-21,,,,0,,03330,커피볶는 너구리,I,000,2026-03-26 22:33:06,"서울특별시 은평구 연서로**길 **-**, *층 (갈현동)",,폐업,0002,03,,192770.358540615    ,457483.301786443    ,서울특별시 은평구 갈현동 ***-* *층 ,2022-04-28 18:11:04
3110000,311000004720250001,2025-06-13,,영업/정상,,,,,0,,03382,놀면 묘하냥 은평점,I,000,2026-03-26 22:33:06,"서울특별시 은평구 통일로 ***-*, B**호 (녹번동, 삼우에이스빌)",,정상,0000,01,,194139.334560602    ,455568.028045939    ,서울특별시 은평구 녹번동 **-** 삼우에이스빌 B**호,2025-06-13 09:01:17
3110000,311000004720190016,2019-11-20,,영업/정상,,,,,0,,03344,메르시몽프레 포메분양&애견카페,I,000,2026-03-26 22:33:06,"서울특별시 은평구 통일로 ***, M타워 지층 (불광동)",,정상,0000,01,,192907.128010724    ,457599.061362597    ,서울특별시 은평구 불광동 ***-*** ,2023-04-21 16:29:24
3120000,312000004720180052,2018-10-16,,영업/정상,,,,,0,,03788,고양이다락방,I,000,2026-01-13 18:13:02,"서울특별시 서대문구 연세로 **-*, *층 (창천동)",,정상,0000,01,023383123,194336.024517245    ,450635.773759635    ,서울특별시 서대문구 창천동 **-** ,2022-09-19 16:40:39
3120000,312000004720190009,2019-05-02,,폐업,2025-06-02,,,,0,,03642,카페 곳,I,000,2026-01-13 18:13:02,"서울특별시 서대문구 홍제내*나길 *, 삼정교회 *층 (홍제동)",,폐업,0002,03,07044069090,194314.672429518    ,453616.473728428    ,서울특별시 서대문구 홍제동 ***-* ,2025-07-01 11:09:24
3120000,312000004720210019,2021-11-29,,영업/정상,,,,,0,,03789,디캣,I,000,2026-01-13 18:13:02,"서울특별시 서대문구 연세로*나길 **, *층 (창천동)",,정상,0000,01,,194248.667786908    ,450533.799377794    ,서울특별시 서대문구 창천동 **-** ,2022-04-28 18:10:58
3120000,312000004720180008,2018-07-02,,폐업,2019-05-20,,,,0,,03662,개랑 살려고 카페차린 언니,I,000,2026-01-13 18:13:02,"서울특별시 서대문구 거북골로 **-*, *층 (홍은동)",,폐업,0002,03,0231522999,193322.393628373    ,453103.908722331    ,서울특별시 서대문구 홍은동 ***-** ,2022-04-28 18:10:53
3120000,312000004720180050,2018-10-08,,폐업,2021-12-01,,,,0,,03788,퍼피독,I,L00,2026-01-13 18:13:02,"서울특별시 서대문구 연세로*길 **-*, 지층 (창천동)",,폐업,0002,03,023250853,194195.784032664    ,450719.412048737    ,서울특별시 서대문구 창천동 **-*** ,2022-04-28 18:10:55
3130000,313000004720190033,2019-11-19,,폐업,2020-08-28,,,,0,,04041,땡쓰어라이크애견카페,I,000,2026-04-01 22:05:40,"서울특별시 마포구 와우산로**길 **, *층 (서교동)",,폐업,0002,03,,193098.749972269    ,449999.40068353     ,서울특별시 마포구 서교동 ***-* ,2022-04-28 18:10:54
3130000,313000004720200005,2020-02-26,,폐업,2020-10-21,,,,0,,04045,바우하우스,I,000,2026-04-01 22:05:40,"서울특별시 마포구 양화로 **, 서교제일빌딩 ***호 (서교동)",,폐업,0002,03,023345152,192488.985144597    ,449787.214169203    ,서울특별시 마포구 서교동 ***-** 서교제일빌딩 ,2022-04-28 18:10:55
3130000,313000004720200018,2020-08-14,,폐업,2021-12-29,,,,0,,04049,큐어 클리닉,I,000,2026-04-01 22:05:40,서울특별시 마포구 와우산로**길 ** (서교동),,폐업,0002,03,,192965.995866863    ,449641.768954818    ,서울특별시 마포구 서교동 ***-** ,2022-04-28 18:10:55
3130000,313000004720210008,2021-04-02,,폐업,2021-05-07,,,,0,,04040,댕댕 파크,I,000,2026-04-01 22:05:40,"서울특별시 마포구 홍익로 **, *층 (서교동)",,폐업,0002,03,,193124.783645349    ,450167.961063457    ,서울특별시 마포구 서교동 ***-*** ,2022-04-28 18:10:55
3130000,313000004720240003,2024-08-27,,영업/정상,,,,,0,,03994,집사의하루 연남점,I,000,2026-04-01 22:05:40,"서울특별시 마포구 양화로**길 **-**, *층 (동교동)",,정상,0000,01,07075857982,193278.423430179    ,450749.537808553    ,서울특별시 마포구 동교동 ***-** ,2024-08-27 13:07:09
3130000,313000004720190022,2019-03-25,,폐업,2024-06-05,,,,0,,03994,연남동고양이,I,000,2026-04-01 22:05:40,"서울특별시 마포구 양화로**길 **, *층 (동교동)",,폐업,0002,03,023366430,193300.267488434    ,450741.026583457    ,서울특별시 마포구 동교동 ***-* *층 ,2024-06-05 16:33:49
3130000,313000004720180048,2018-11-12,,폐업,2020-06-19,,,,0,,03970,낭만 고양이,I,000,2026-04-01 22:05:40,"서울특별시 마포구 월드컵로 ***, *층 (성산동)",,폐업,0002,03,,191736.025809745    ,450811.371237704    ,서울특별시 마포구 성산동 ***-** ,2022-04-28 18:10:53
3130000,313000004720180045,2018-10-23,,폐업,2020-09-18,,,,0,,04049,맹쿤,I,000,2026-04-01 22:05:40,"서울특별시 마포구 잔다리로 *-*, *층 (서교동)",,폐업,0002,03,07076125888,193065.601057859    ,449807.09367357     ,서울특별시 마포구 서교동 ***-** ,2022-04-28 18:10:53
3130000,313000004720180004,2018-04-06,,폐업,2021-11-22,,,,0,,04059,테이블에이,I,000,2026-04-01 22:05:40,"서울특별시 마포구 와우산로 ***, 그레이스빌딩 *층 ***호 (창전동)",,폐업,0002,03,023245542,193702.294012297    ,450200.996146407    ,서울특별시 마포구 창전동 * 그레이스빌딩 ,2022-04-28 18:10:51
3130000,313000004720180037,2018-09-28,,폐업,2022-05-18,,,,0,,04040,카페 펫크루,I,000,2026-04-01 22:05:40,"서울특별시 마포구 홍익로 *-*, *층 (서교동)",,폐업,0002,03,023321367,193191.314876357    ,450071.689170913    ,서울특별시 마포구 서교동 ***-** ,2022-05-18 19:21:41
3130000,313000004720180044,2018-10-23,,폐업,2020-09-18,,,,0,,04040,맹쿤,I,000,2026-04-01 22:05:40,"서울특별시 마포구 홍익로 **, *층 (서교동)",,폐업,0002,03,07076125888,193105.278315876    ,450176.004056141    ,서울특별시 마포구 서교동 ***-* ,2022-04-28 18:10:53
3130000,313000004720180019,2018-07-03,,폐업,2018-12-13,,,,0,,04061,짧냥이네,I,000,2026-04-01 22:05:40,"서울특별시 마포구 와우산로**길 *-*, *층 (서교동)",,폐업,0002,03,,193802.266211023    ,450293.230574227    ,서울특별시 마포구 서교동 ***-** ,2022-04-28 18:10:52
3130000,313000004720180016,2018-07-03,,영업/정상,,,,,0,,04054,구름뜬하늘,I,000,2026-04-01 22:05:40,"서울특별시 마포구 와우산로**길 **, *층 (서교동)",,정상,0000,01,,193485.583726007    ,450209.831856985    ,서울특별시 마포구 서교동 ***-* ,2022-04-28 18:10:52
3130000,313000004720180046,2018-11-02,,영업/정상,,,,,0,,04051,써니네,I,000,2026-04-01 22:05:40,"서울특별시 마포구 양화로**안길 **, *층 (동교동)",,정상,0000,01,023343712,193347.077735912    ,450496.620863439    ,서울특별시 마포구 동교동 ***-** ,2022-04-28 18:10:53
3130000,313000004720190026,2019-06-13,,영업/정상,,,,,0,,04012,고양이당,I,000,2026-04-01 22:05:40,"서울특별시 마포구 월드컵로**길 **, 지하 *층 (망원동)",,정상,0000,01,,191816.552833296    ,450528.057621359    ,서울특별시 마포구 망원동 **-*** ,2022-07-12 16:29:27
3130000,313000004720200010,2020-03-27,,영업/정상,,,,,0,,04041,집사의 하루 홍대점,I,000,2026-04-01 22:05:40,"서울특별시 마포구 와우산로**길 **-**, *층 (서교동)",,정상,0000,01,027927984,193120.172838884    ,449957.963546308    ,서울특별시 마포구 서교동 ***-** *층 ,2025-11-24 17:32:35
3130000,313000004720210011,2021-04-28,,영업/정상,,,,,0,,04049,겨울이 머무는 집,I,L00,2026-04-01 22:05:40,"서울특별시 마포구 와우산로**길 **-*, B*, *, *층 (서교동)",,정상,0000,01,,193023.421217343    ,449746.129188101    ,서울특별시 마포구 서교동 ***-** ,2023-05-17 08:46:56
3130000,313000004720210014,2021-07-09,,폐업,2026-03-09,,,,0,,04059,(주)테이블에이,I,000,2026-04-01 22:05:40,"서울특별시 마포구 와우산로 ***, 그레이스빌딩 *층,*층 (창전동)",,폐업,0002,03,023245542,193702.294012297    ,450200.996146407    ,서울특별시 마포구 창전동 * 그레이스빌딩 ,2026-03-18 14:23:17
3130000,313000004720210015,2021-09-01,,영업/정상,,,,,0,,04040,청춘 고양이 카페,I,000,2026-04-01 22:05:40,"서울특별시 마포구 와우산로**길 **-*, *층 (서교동)",,정상,0000,01,023365779,193137.838493757    ,450054.092468304    ,서울특별시 마포구 서교동 ***-** ,2022-08-01 13:47:12
3130000,313000004720220001,2022-10-28,,영업/정상,,,,,0,,04049,The(더)귀여워,I,000,2026-04-01 22:05:40,"서울특별시 마포구 어울마당로 **-*, 라꼼마빌딩 *층 (서교동)",,정상,0000,01,,192948.75126595     ,449633.552030935    ,서울특별시 마포구 서교동 ***-** 라꼼마빌딩 ,2022-10-28 15:49:04
3130000,313000004720230001,2023-01-02,,영업/정상,,,,,0,,04040,마오카페(MAO CAFE),I,000,2026-04-01 22:05:40,"서울특별시 마포구 와우산로**길 **-**, *층 (서교동)",,정상,0000,01,023362242,193047.374351272    ,450066.672805096    ,서울특별시 마포구 서교동 ***-** ,2023-01-02 09:38:04
3130000,313000004720230002,2023-01-27,,영업/정상,,,,,0,,04050,고양이 다락방,I,000,2026-04-01 22:05:40,"서울특별시 마포구 홍익로*길 **, *층 (동교동)",,정상,0000,01,,193115.093128181    ,450360.624339264    ,서울특별시 마포구 동교동 ***-** ,2023-01-27 09:44:26
3130000,313000004720230003,2023-11-13,,영업/정상,,,,,0,,04059,주식회사 테이블에이 고양이카페,I,000,2026-04-01 22:05:40,"서울특별시 마포구 와우산로 ***, *층, *층 (창전동)",,정상,0000,01,,193687.92297398     ,450189.65147238     ,서울특별시 마포구 창전동 *-** ,2024-10-02 14:13:00
3130000,313000004720230004,2023-12-19,,영업/정상,,,,,0,,04050,(주)히든스페이스 루프캣미 고양이카페 홍대점,I,L00,2026-04-01 22:05:40,"서울특별시 마포구 양화로 ***, H-CUBE 지하*층 (동교동)",,정상,0000,01,07046074210,193049.598042997    ,450327.75589742     ,서울특별시 마포구 동교동 ***-** ,2024-04-22 11:05:40
3130000,313000004720240001,2024-04-04,,영업/정상,,,,,0,,04049,캣파라다이스,I,000,2026-04-01 22:05:40,"서울특별시 마포구 와우산로**길 **, *층 (상수동)",,정상,0000,01,,192997.330791201    ,449618.28468499     ,서울특별시 마포구 상수동 ***-* 아진 ,2024-04-04 10:57:17
3130000,313000004720240002,2024-06-04,,영업/정상,,,,,0,,03982,멍타쿠,I,000,2026-04-01 22:05:40,"서울특별시 마포구 동교로 ***, *층 (연남동)",,정상,0000,01,,193362.568699013    ,451223.445812328    ,서울특별시 마포구 연남동 ***-** ,2024-06-04 10:27:14
3130000,313000004720180023,2018-07-31,,폐업,2021-12-29,,,,0,,04041,미어캣 프렌즈,I,000,2026-04-01 22:05:40,"서울특별시 마포구 와우산로**길 **-**, 예원빌딩 *층 (서교동)",,폐업,0002,03,,193093.132932754    ,449966.466181092    ,서울특별시 마포구 서교동 ***-* 예원빌딩 ,2022-04-28 18:10:52
3140000,314000004720230001,2023-08-24,,영업/정상,,,,,0,,07945,개를 위한 하루,I,000,2026-01-13 18:15:33,"서울특별시 양천구 신정중앙로 **, 덕남빌딩 *층 (신정동)",,정상,0000,01,,187669.835143575    ,447141.928199876    ,서울특별시 양천구 신정동 ***-* ,2025-07-30 11:40:09
3140000,314000004720210015,2021-11-12,,영업/정상,,,,,0,,07999,카페멍,I,000,2026-01-13 18:15:33,"서울특별시 양천구 오목로 ***-**, 소망빌딩 *층 (목동)",,정상,0000,01,0226441351,188918.557157522    ,447009.593471943    ,서울특별시 양천구 목동 ***-*** 소망빌딩 ,2022-04-28 18:10:59
3150000,315000004720180080,2018-10-08,,영업/정상,,,,,0,,07803,고양이별 캣 카페,I,000,2026-01-13 18:08:04,"서울특별시 강서구 강서로 ***, 문영비즈웍스 *층 ***호 (마곡동)",,정상,0000,01,26586065,185655.771599894    ,450931.675671243    ,서울특별시 강서구 마곡동 *** 문영비즈웍스 ***호,2022-04-28 18:10:45
3150000,315000004720190015,2019-03-06,,영업/정상,,,,,0,,07721,놀러오개,I,000,2026-01-13 18:08:04,서울특별시 강서구 까치산로 ** (화곡동),,정상,0000,01,07040620707,186138.135501868    ,448950.665038206    ,서울특별시 강서구 화곡동 **-*** ,2022-04-28 18:10:45
3150000,315000004720190019,2019-03-21,,영업/정상,,,,,0,,07711,멍멍이다방,I,000,2026-01-13 18:08:04,"서울특별시 강서구 화곡로 ***-*, *층 (화곡동)",,정상,0000,01,07075630304,185338.295128807    ,448698.122015239    ,서울특별시 강서구 화곡동 ****-** ,2022-04-28 18:10:45
3150000,315000004720190024,2019-04-09,,영업/정상,,,,,0,,07806,펫티,I,000,2026-01-13 18:08:04,"서울특별시 강서구 공항대로 ***, 발산W타워 ***, ***호 (마곡동)",,정상,0000,01,0220640043,185104.20167753     ,450725.785084054    ,서울특별시 강서구 마곡동 ***-* 발산W타워 ,2023-03-02 16:00:13
3150000,315000004720260001,2026-01-06,,영업/정상,,,,,0,,07805,부타캣 강서점,I,000,2026-01-13 18:08:04,"서울특별시 강서구 공항대로 ***, 열린M타워Ⅱ *층 ***호 (마곡동)",,정상,0000,01,,185290.575517909    ,450703.353566001    ,서울특별시 강서구 마곡동 ***-* 열린M타워Ⅱ ,2026-01-06 10:23:06
3150000,315000004720180003,2018-04-17,,폐업,2019-11-07,,,,0,,07798,놀다가개,I,000,2026-01-13 18:08:04,"서울특별시 강서구 마곡서로 ***, 동익드미라벨복합빌딩 ***호 (마곡동)",,폐업,0002,03,,184345.724012817    ,451171.287709396    ,서울특별시 강서구 마곡동 ***-* 동익드미라벨복합빌딩 ***호,2022-04-28 18:10:43
3150000,315000004720180060,2018-09-17,,폐업,2018-12-31,,,,0,,07545,도그 플라워,I,000,2026-01-13 18:08:04,"서울특별시 강서구 양천로 ***, 범한빌딩 *층 (염창동)",,폐업,0002,03,64044900,188097.269945302    ,450321.408182085    ,서울특별시 강서구 염창동 ***-** 범한빌딩 ,2022-04-28 18:10:44
3150000,315000004720190009,2019-02-28,,폐업,2022-10-24,,,,0,,07540,강아지정류장,I,000,2026-01-13 18:08:04,"서울특별시 강서구 양천로 ***, *층 (염창동)",,폐업,0002,03,0236621207,188870.663928731    ,449748.807602559    ,서울특별시 강서구 염창동 ***-* ,2022-10-24 13:35:19
3150000,315000004720190022,2019-04-09,,폐업,2021-04-01,,,,0,,07545,개편한 카페,I,000,2026-01-13 18:08:04,"서울특별시 강서구 양천로 ***, 범한빌딩 *층 (염창동)",,폐업,0002,03,,188097.269945302    ,450321.408182085    ,서울특별시 강서구 염창동 ***-** 범한빌딩 ,2022-04-28 18:10:45
3150000,315000004720190029,2019-04-22,,폐업,2023-05-25,,,,0,,07786,카카오독,I,000,2026-01-13 18:08:04,"서울특별시 강서구 곰달래로**길 **, 지층 (화곡동)",,폐업,0002,03,,187849.043238683    ,447626.063824791    ,서울특별시 강서구 화곡동 ***-** ,2023-12-30 15:19:05
3150000,315000004720190032,2019-05-07,,폐업,2022-07-02,,,,0,,07586,라운지독,I,000,2026-01-13 18:08:04,"서울특별시 강서구 강서로**길 **, 등촌*단지주공아파트 *층 (등촌동)",,폐업,0002,03,0236658259,186236.399275519    ,451054.437108698    ,서울특별시 강서구 등촌동 ***-* 등촌*단지주공아파트 ,2022-07-14 21:18:15
3150000,315000004720190040,2019-06-21,,폐업,2020-05-12,,,,0,,07788,아임멍,I,000,2026-01-13 18:08:04,"서울특별시 강서구 마곡서로 ***, 마곡센트럴타워Ⅱ ***, ***호 (마곡동)",,폐업,0002,03,0226688636,184507.89151286     ,451772.49965437     ,서울특별시 강서구 마곡동 *** 마곡센트럴타워Ⅱ ,2022-04-28 18:10:46
3150000,315000004720190049,2019-08-20,,폐업,2023-08-31,,,,0,,07791,왓더독,I,000,2026-01-13 18:08:04,"서울특별시 강서구 양천로 ***, 마곡센트럴대방디엠시티오피스텔 B동 ***호 (마곡동)",,폐업,0002,03,0236640219,185827.239418328    ,451790.699502971    ,서울특별시 강서구 마곡동 ***-* 마곡센트럴대방디엠시티오피스텔 ,2023-08-31 15:14:44
3150000,315000004720190057,2019-11-29,,폐업,2021-05-25,,,,0,,07751,빈스엔멍,I,000,2026-01-13 18:08:04,"서울특별시 강서구 강서로**길 **, *층 (화곡동)",,폐업,0002,03,,186392.822075427    ,447989.161307682    ,서울특별시 강서구 화곡동 ***-** ,2022-04-28 18:10:46
3150000,315000004720190061,2019-12-31,,폐업,2020-10-22,,,,0,,07803,커멍커멍,I,000,2026-01-13 18:08:04,"서울특별시 강서구 강서로 ***, 우성에스비타워 ****호 (마곡동)",,폐업,0002,03,,185642.667278438    ,450883.006755308    ,서울특별시 강서구 마곡동 ***-* 우성에스비타워 ,2022-04-28 18:10:46
3150000,315000004720200007,2020-01-31,,폐업,2023-12-01,,,,0,,07727,OMW dog's cafe,I,000,2026-01-13 18:08:04,"서울특별시 강서구 화곡로 ***-**, 모아빌딩 *층 (화곡동)",,폐업,0002,03,,186021.036162639    ,448873.289415672    ,서울특별시 강서구 화곡동 ***-** 모아빌딩 ,2023-12-04 11:03:50
3150000,315000004720200017,2020-04-20,,폐업,2023-06-06,,,,0,,07615,오늘도댕댕,I,000,2026-01-13 18:08:04,"서울특별시 강서구 방화동로 **, *층 ***호 (방화동)",,폐업,0002,03,,183324.680223658    ,451522.024642279    ,서울특별시 강서구 방화동 ***-*** ,2023-06-26 11:13:21
3150000,315000004720200029,2020-09-22,,폐업,2025-04-03,,,,0,,07639,스타독스,I,000,2026-01-13 18:08:04,"서울특별시 강서구 강서로 ***-**, 지층 **호 (내발산동, 제이에스아이디움)",,폐업,0002,03,,185379.887083636    ,449711.5681141      ,서울특별시 강서구 내발산동 ***-** 제이에스아이디움 ,2025-04-04 13:11:14
3150000,315000004720180009,2018-05-10,,영업/정상,,,,,0,,07703,버들강아지,I,000,2026-01-13 18:08:04,"서울특별시 강서구 화곡로**길 ***, 제상가A동 *층 ***,***호 (화곡동, 화곡푸르지오)",,정상,0000,01,,185034.346957949    ,449164.972451344    ,"서울특별시 강서구 화곡동 **** 화곡푸르지오  제상가A동 ***,***호 ",2022-04-28 18:10:43
3150000,315000004720180018,2018-07-11,,영업/정상,,,,,0,,07705,노블도그,I,000,2026-01-13 18:08:04,"서울특별시 강서구 강서로 ***, *층 (화곡동)",,정상,0000,01,0226066456,185416.850128916    ,449408.506402613    ,서울특별시 강서구 화곡동 **** ,2022-04-28 18:10:43
3160000,316000004720210007,2021-03-24,,영업/정상,,,,,0,,08357,"헬로우, 마루네 애견운동장",I,000,2026-01-13 18:09:33,"서울특별시 구로구 서해안로 ****, 외*필지동 *층 *호 (오류동)",,정상,0000,01,,185819.63836634     ,443306.894469596    ,서울특별시 구로구 오류동 ***-* ,2025-02-20 09:35:39
3170000,317000004720180022,2018-09-20,,영업/정상,,,,,0,,08604,해피치 애견카페,I,000,2026-01-13 18:10:02,"서울특별시 금천구 시흥대로 ***, 류성빌딩 지층 ***호 (독산동)",,정상,0000,01,,190829.487527311    ,440308.231966784    ,서울특별시 금천구 독산동 ****-** 류성빌딩 ***호,2022-04-28 18:10:47
3170000,317000004720190010,2019-10-08,,영업/정상,,,,,0,,08635,냥카페 묘연,I,000,2026-01-13 18:10:02,"서울특별시 금천구 시흥대로 ***, 인피니움타워 지식산업센터 ***호 (시흥동)",,정상,0000,01,,191231.716409842    ,438732.994399228    ,서울특별시 금천구 시흥동 ***-* ,2023-08-25 09:17:26
3170000,317000004720220004,2022-02-17,,폐업,2024-05-24,,,,0,,08547,놀면뭐하개,I,000,2026-01-13 18:10:02,"서울특별시 금천구 남부순환로 ****, *층 (독산동)",,폐업,0002,03,,191545.516172445    ,441963.975260744    ,서울특별시 금천구 독산동 ***-* ,2024-05-24 15:08:54
3180000,318000004720240001,2024-10-17,,영업/정상,,,,,0,,07204,윙키핑키,I,000,2026-01-13 18:16:03,"서울특별시 영등포구 양평로 ***, *층 (양평동*가)",,정상,0000,01,,190363.351502141    ,448565.33282077     ,서울특별시 영등포구 양평동*가 **-* ,2024-10-17 16:04:45
3190000,319000004720200001,2020-01-17,,폐업,2022-01-26,,,,0,,06933,티앤캣,I,000,2026-01-13 18:12:02,"서울특별시 동작구 등용로 **, *층 (대방동)",,폐업,0002,03,,193947.700409483    ,445210.645554797    ,서울특별시 동작구 대방동 **-** ,2022-04-28 18:10:54
3190000,319000004720180010,2018-09-10,,폐업,2021-03-16,,,,0,,06921,두젠틀,I,000,2026-01-13 18:12:02,서울특별시 동작구 상도로 ***-* (상도동),,폐업,0002,03,,194879.621030433    ,444803.078382263    ,서울특별시 동작구 상도동 **-** ,2022-04-28 18:10:51
3190000,319000004720230001,2023-01-18,,영업/정상,,,,,0,,07008,하늘을 걷는 고양이 카페,I,000,2026-01-13 18:12:02,"서울특별시 동작구 동작대로**길 **, 서범빌딩 *층 (사당동)",,정상,0000,01,,198251.307436944    ,442806.500063086    ,서울특별시 동작구 사당동 ***-** 서범빌딩 ,2023-01-18 15:38:02
3200000,320000004720190005,2019-03-14,,폐업,2026-01-07,,,,0,,08776,퍼피앤커피,I,000,2026-01-13 18:08:33,"서울특별시 관악구 신원로 **-**, 지하*층 (신림동)",,폐업,0002,03,028831143,193692.498645688    ,442144.735542492    ,서울특별시 관악구 신림동 ****-** 지하*층 ,2026-01-07 17:16:16
3200000,320000004720240001,2024-08-19,,폐업,2026-02-09,,,,0,,08716,냥이 주택,I,000,2026-02-10 22:02:50,"서울특별시 관악구 은천로**길 **, *층 (봉천동)",,폐업,0002,03,,194785.240964648    ,442721.3451637      ,서울특별시 관악구 봉천동 ***-** ,2026-02-09 16:21:43
3200000,320000004720180008,2018-05-04,,폐업,2021-10-12,,,,0,,08813,고지트,I,000,2026-01-13 18:08:33,"서울특별시 관악구 신림로 ***, *층 (신림동)",,폐업,0002,03,028878935,194390.838261699    ,440930.551467844    ,서울특별시 관악구 신림동 ****-* *층 ,2022-04-28 18:10:45
3200000,320000004720180014,2018-05-08,,폐업,2022-12-12,,,,0,,08780,지니앤독,I,000,2026-01-13 18:08:33,"서울특별시 관악구 남부순환로 ****, *층 (신림동)",,폐업,0002,03,0232857272,194313.076727251    ,442463.620525179    ,서울특별시 관악구 신림동 **-*** *층 ,2022-12-12 16:17:49
3200000,320000004720180061,2018-09-27,,폐업,2022-12-30,,,,0,,08760,독특하개,I,000,2026-01-13 18:08:33,"서울특별시 관악구 신림동길 **-*, ***호 (신림동)",,폐업,0002,03,07076554550,193402.488819017    ,442745.460746986    ,서울특별시 관악구 신림동 ****-** ***호,2022-12-30 10:56:34
3200000,320000004720180072,2018-10-07,,폐업,2021-12-28,,,,0,,08776,고양이자리표,I,000,2026-01-13 18:08:33,"서울특별시 관악구 신림로 ***, *층 (신림동)",,폐업,0002,03,028784677,193708.789973698    ,442219.282949201    ,서울특별시 관악구 신림동 ****-* *층 ,2022-04-28 18:10:46
3200000,320000004720180089,2018-10-16,,폐업,2019-12-31,,,,0,,08774,짧냥이네,I,000,2026-01-13 18:08:33,"서울특별시 관악구 관천로 **, *층 (신림동)",,폐업,0002,03,,193496.232313927    ,442262.201068194    ,서울특별시 관악구 신림동 ****-** *층 ,2022-04-28 18:10:46
3200000,320000004720180094,2018-11-26,,폐업,2025-11-19,,,,0,,08701,고양이 기숙사,I,000,2026-01-13 18:08:33,"서울특별시 관악구 신사로 **, 지하*층 (신림동)",,폐업,0002,03,,191988.981731593    ,442580.559271496    ,서울특별시 관악구 신림동 ***-** ,2025-11-19 16:57:03
3200000,320000004720190001,2019-02-19,,폐업,2021-01-22,,,,0,,08793,여기어디개,I,000,2026-01-13 18:08:33,"서울특별시 관악구 남부순환로***길 **, *층 (봉천동)",,폐업,0002,03,,196764.765012875    ,441505.60376893     ,서울특별시 관악구 봉천동 ****-** ,2022-04-28 18:10:46
3200000,320000004720190015,2019-06-25,,폐업,2022-12-30,,,,0,,08784,방가댕댕,I,000,2026-01-13 18:08:33,"서울특별시 관악구 장군봉*길 *, 상가동 ***호 (봉천동, 청룡동금강아미움아파트)",,폐업,0002,03,,194648.929578808    ,442207.835591156    ,서울특별시 관악구 봉천동 ****-** 청룡동금강아미움아파트 상가동 ***호,2022-12-30 16:31:51
3200000,320000004720190026,2019-11-18,,폐업,2024-03-29,,,,0,,08776,정글독,I,000,2026-01-13 18:08:33,"서울특별시 관악구 신림로 ***, 지하층 (신림동)",,폐업,0002,03,,193716.312879851    ,442186.946344807    ,서울특별시 관악구 신림동 ****-* ,2024-03-29 17:34:58
3200000,320000004720200010,2020-08-05,,폐업,2021-11-02,,,,0,,08758,피에스타,I,000,2026-01-13 18:08:33,"서울특별시 관악구 남부순환로 ****, *층 ***호 (봉천동)",,폐업,0002,03,,195283.266813797    ,442213.222789367    ,서울특별시 관악구 봉천동 ***-* ,2022-04-28 18:10:47
3200000,320000004720230001,2023-08-09,,폐업,2025-11-19,,,,0,,08738,공부 하는 고양이,I,000,2026-01-13 18:08:33,"서울특별시 관악구 남부순환로 ****, *층 (봉천동)",,폐업,0002,03,,195950.299          ,442070.228333333    ,서울특별시 관악구 봉천동 ****-** ,2025-11-19 16:55:52
3200000,320000004720180069,2018-10-07,,영업/정상,,,,,0,,08756,혼자두면 장판뜯어서 차린 개카페,I,000,2026-01-13 18:08:33,"서울특별시 관악구 남부순환로 ****, *층 (봉천동)",,정상,0000,01,028873058,194241.887244371    ,442552.974780927    ,서울특별시 관악구 봉천동 ***-* *층 ,2024-06-18 15:18:24
3200000,320000004720180078,2018-10-11,,영업/정상,,,,,0,,08708,차르도르 애견카페,I,000,2026-01-13 18:08:33,"서울특별시 관악구 보라매로 **, 지층 (봉천동)",,정상,0000,01,028751999,193467.037701945    ,443216.006975605    ,서울특별시 관악구 봉천동 ***-*** 지층 ,2022-04-28 18:10:46
3200000,320000004720260001,2026-02-09,,영업/정상,,,,,0,,08750,냥이주택,I,000,2026-02-10 22:02:50,"서울특별시 관악구 은천로 **, 지하*층 (봉천동)",,정상,0000,01,,194904.338184339    ,442672.257735668    ,서울특별시 관악구 봉천동 ***-* 올레바움 ,2026-02-09 13:56:33
3210000,321000004720180066,2018-10-05,,영업/정상,,,,,0,,06558,동건스애견카페,I,000,2026-01-13 18:13:33,"서울특별시 서초구 방배중앙로 ***, 대흥빌딩 A동 *층 (방배동)",,정상,0000,01,025338146,198710.697204041    ,443442.268007451    ,서울특별시 서초구 방배동 ***-** 대흥빌딩 ,2022-04-28 18:10:55
3210000,321000004720220009,2022-04-11,,영업/정상,,,,,0,,06716,꽃길걷개,I,000,2026-01-13 18:13:33,"서울특별시 서초구 반포대로 **, 와라빌딩 지층 (서초동)",,정상,0000,01,,200984.41189955     ,442413.08230594     ,서울특별시 서초구 서초동 ****-* 와라빌딩 ,2022-04-28 18:11:00
3210000,321000004720200007,2020-08-14,,폐업,2023-11-17,,,,0,,06615,고양이다락방,I,000,2026-01-13 18:13:33,"서울특별시 서초구 서초대로**길 *, 강남 누드죤빌딩 *층 (서초동)",,폐업,0002,03,0234813123,202249.059734667    ,444042.044283805    ,서울특별시 서초구 서초동 ****-** 강남 누드죤빌딩 ,2023-11-17 16:32:56
3210000,321000004720190021,2019-07-18,,폐업,2021-11-19,,,,0,,06542,브이케어,I,L00,2026-01-13 18:13:33,"서울특별시 서초구 강남대로**길 **, 제이디 빌딩 *층 (반포동)",,폐업,0002,03,0269493023,201907.192235434    ,444731.440860365    ,서울특별시 서초구 반포동 ***-** 제이디 빌딩 ,2022-04-28 18:10:56
3210000,321000004720180037,2018-09-18,,폐업,2020-06-19,,,,0,,06748,펫시스터(PETSISTER),I,000,2026-01-13 18:13:33,"서울특별시 서초구 양재천로 **-*, 유림빌딩 *층 지하*층 일부, 지하*층 일부호 (양재동)",,폐업,0002,03,025022589,203468.691667165    ,441581.921783303    ,"서울특별시 서초구 양재동 **-* 유림빌딩 *층, 지하*층 일부, 지하*층 일부 ",2022-04-28 18:10:54
3220000,322000004720200008,2020-03-05,,영업/정상,,,,,0,,06016,Pet.J,I,000,2026-01-13 18:06:36,서울특별시 강남구 압구정로**길 ** (청담동),,정상,0000,01,0215222016,203800.16           ,446944.425          ,서울특별시 강남구 청담동 **-** ,2022-04-28 18:10:45
3220000,322000004720230002,2023-09-14,,폐업,2024-05-27,,,,0,,06137,페티나 트립,I,L00,2026-01-13 18:06:36,"서울특별시 강남구 논현로***길 **, *층 (역삼동)",,폐업,0002,03,025012627,203259.064861291    ,444955.097515229    ,서울특별시 강남구 역삼동 ***-* ,2024-05-27 14:17:38
3220000,322000004720200017,2020-06-09,,영업/정상,,,,,0,,06129,집사의하루 강남점,I,000,2026-01-13 18:06:36,"서울특별시 강남구 테헤란로*길 **, *층 (역삼동)",,정상,0000,01,025557984,202340.597899021    ,444299.943793894    ,서울특별시 강남구 역삼동 ***-** ,2025-09-03 11:24:21
3220000,322000004720220022,2022-04-26,,영업/정상,,,,,0,,06198,캠핑 고양이,I,000,2026-01-13 18:06:36,"서울특별시 강남구 선릉로 ***, *층 *호 (대치동)",,정상,0000,01,,204375.00926346     ,444478.646849207    ,서울특별시 강남구 대치동 ***-* ,2024-03-07 10:45:57
3220000,322000004720230003,2023-11-08,,영업/정상,,,,,0,,06265,캠핑고양이 도곡점,I,000,2026-01-13 18:06:36,"서울특별시 강남구 도곡로*길 **, *층 (도곡동)",,정상,0000,01,,203011.080418175    ,442862.917403271    ,서울특별시 강남구 도곡동 ***-* ,2023-11-09 10:42:13
3220000,322000004720240001,2024-01-08,,영업/정상,,,,,0,,06122,피터펫 논현점,I,L00,2026-01-13 18:06:36,"서울특별시 강남구 논현로 ***, ***호 (논현동)",,정상,0000,01,025420022,202857.844551108    ,445114.648923458    ,서울특별시 강남구 논현동 ***-* ,2025-11-20 15:01:05
3220000,322000004720240002,2024-06-13,,영업/정상,,,,,0,,06129,고양이 카페 모카 강남점,I,L00,2026-01-13 18:06:36,"서울특별시 강남구 테헤란로*길 **, *층 (역삼동)",,정상,0000,01,09084908285,202344.864503231    ,444215.048139887    ,서울특별시 강남구 역삼동 ***-* ,2025-01-09 12:59:18
3220000,322000004720260001,2026-02-02,,영업/정상,,,,,0,,06284,안냥,I,000,2026-02-03 22:02:50,"서울특별시 강남구 삼성로 ***, ***호 (대치동, 은마아파트)",,정상,0000,01,,205707.089399978    ,443914.194133105    ,서울특별시 강남구 대치동 *** 은마아파트 ,2026-02-02 12:56:27
3220000,322000004720190089,2019-12-02,,폐업,2025-11-07,,,,0,,06129,고양이라 좋은 날,I,000,2026-01-13 18:06:36,"서울특별시 강남구 강남대로**길 **, *층 (역삼동)",,폐업,0002,03,025563880,202465.631372774    ,444296.432581186    ,서울특별시 강남구 역삼동 ***-** *층 ,2025-11-10 16:08:09
3220000,322000004720180025,2018-05-28,,폐업,2022-10-25,,,,0,,06118,강아지똥,I,000,2026-01-13 18:06:36,"서울특별시 강남구 논현로***길 **, 스페이스모노빌딩 *층 (논현동)",,폐업,0002,03,,202336.909549387    ,445123.90893791     ,서울특별시 강남구 논현동 *** 스페이스모노빌딩 *층 ,2022-10-25 15:46:17
3220000,322000004720180039,2018-07-04,,폐업,2019-10-24,,,,0,,06105,주식회사거북이월드,I,000,2026-01-13 18:06:36,"서울특별시 강남구 학동로**길 **, 성목빌딩 *층 (논현동)",,폐업,0002,03,,202756.834451305    ,445637.0242343      ,서울특별시 강남구 논현동 ***-* 성목빌딩 *층 ,2022-04-28 18:10:40
3220000,322000004720180051,2018-08-06,,폐업,2022-09-23,,,,0,,06136,두젠틀(DOGENTLE),I,000,2026-01-13 18:06:36,"서울특별시 강남구 논현로 ***, 강남제일병원 별관 지하*층 (역삼동)",,폐업,0002,03,,203120.03           ,444665.66           ,서울특별시 강남구 역삼동 ***-** 강남제일병원 별관 지하*층 ,2022-09-26 10:47:02
3220000,322000004720180108,2018-09-21,,폐업,2019-07-02,,,,0,,06119,봉브라더스,I,000,2026-01-13 18:06:36,"서울특별시 강남구 강남대로***길 **, *층 (논현동)",,폐업,0002,03,025480888,202252.316209901    ,445014.86288781     ,서울특별시 강남구 논현동 ***-** *층 ,2022-04-28 18:10:42
3220000,322000004720180141,2018-10-17,,폐업,2019-06-28,,,,0,,06250,더왈츠앤조이피아,I,000,2026-01-13 18:06:36,"서울특별시 강남구 역삼로 ***, MS빌딩 *층 (역삼동)",,폐업,0002,03,025640927,202964.04363922     ,443548.320543901    ,서울특별시 강남구 역삼동 ***-* MS빌딩 *층 ,2022-04-28 18:10:42
3220000,322000004720190092,2019-12-13,,폐업,2020-07-24,,,,0,,06128,집사의 하루 강남점,I,000,2026-01-13 18:06:36,"서울특별시 강남구 강남대로***길 **, 장연빌딩 *층 ***호 (역삼동)",,폐업,0002,03,025557984,202317.702191755    ,444409.764890921    ,서울특별시 강남구 역삼동 ***-* 장연빌딩 *층 ***호,2022-04-28 18:10:44
3220000,322000004720230001,2023-03-29,,폐업,2024-02-26,,,,0,,06115,어개인,I,L00,2026-01-13 18:06:36,"서울특별시 강남구 강남대로***길 **-*, *층 (논현동)",,폐업,0002,03,,202346.602646313    ,445281.277454036    ,서울특별시 강남구 논현동 ***-** ,2024-03-27 17:49:01
3220000,322000004720200013,2020-04-28,,영업/정상,,,,,0,,06128,히히냥냥,I,000,2026-01-13 18:06:36,"서울특별시 강남구 강남대로***길 **, 장연빌딩 ***호 (역삼동)",,정상,0000,01,,202317.702191755    ,444409.764890921    ,서울특별시 강남구 역삼동 ***-* 장연빌딩 ***호,2025-12-29 09:08:05
3230000,323000004720210019,2021-06-15,,영업/정상,,,,,0,,05804,몽타운,I,000,2026-01-13 18:15:05,서울특별시 송파구 동남로*길 ** (문정동),,정상,0000,01,,210938.938647923    ,442986.680448912    ,서울특별시 송파구 문정동 ** ,2022-04-28 18:11:10
3230000,323000004720230003,2023-10-19,,폐업,2025-03-28,,,,0,,05675,하우디,I,000,2026-01-13 18:15:05,"서울특별시 송파구 송이로 *, 지하*층 (송파동)",,폐업,0002,03,07088604864,210096.105038958    ,444643.367268423    ,서울특별시 송파구 송파동 ***-** ,2025-03-28 13:15:28
3230000,323000004720220001,2022-12-20,,영업/정상,,,,,0,,05563,도그존,I,000,2026-01-13 18:15:05,"서울특별시 송파구 올림픽로**길 **, *층 (잠실동)",,정상,0000,01,,207285.590361507    ,445215.017227103    ,서울특별시 송파구 잠실동 ***-* ,2022-12-20 16:02:02
3230000,323000004720230001,2023-06-02,,영업/정상,,,,,0,,05836,묘해,I,000,2026-01-13 18:15:05,"서울특별시 송파구 법원로**길 **, 문정현대지식산업센터*-* A동 ***호 (문정동)",,정상,0000,01,,,,서울특별시 송파구 문정동 *** 문정현대지식산업센터*-* ,2024-10-24 14:12:14
3230000,323000004720230002,2023-08-14,,폐업,2026-03-20,,,,0,,05663,카라즈 스퀘어,I,000,2026-03-21 22:02:52,서울특별시 송파구 오금로 *** (송파동),,폐업,0002,03,,209981.808854014    ,445223.311111022    ,서울특별시 송파구 송파동 ***-* ,2026-03-20 18:08:23
3230000,323000004720240001,2024-04-18,,영업/정상,,,,,0,,05625,PET WAVE,I,L00,2026-01-13 18:15:05,서울특별시 송파구 송파대로 *** (송파동),,정상,0000,01,0215511515,209317.012187704    ,444964.289630833    ,서울특별시 송파구 송파동 **-* ,2024-05-21 15:13:55
3230000,323000004720250001,2025-04-24,,영업/정상,,,,,0,,05542,길고양이 마을(카스카),I,000,2026-01-13 18:15:05,"서울특별시 송파구 오금로**길 **-*, 현대드림밸리 ***-*호 (방이동)",,정상,0000,01,,209542.709911306    ,445868.526191867    ,서울특별시 송파구 방이동 **-* 현대드림밸리 ,2025-04-24 13:16:11
3230000,323000004720250002,2025-08-26,,영업/정상,,,,,0,,05639,캠핑고양이 올림픽공원점,I,000,2026-01-13 18:15:05,"서울특별시 송파구 위례성대로**길 **-*, 에벤에셀빌딩 *층 (방이동)",,정상,0000,01,0269535902,211015.043196014    ,445263.409696985    ,서울특별시 송파구 방이동 ***-* 에벤에셀빌딩 ,2025-08-26 08:58:08
3230000,323000004720210037,2021-09-13,,폐업,2021-11-30,,,,0,,05696,위드멍,I,000,2026-01-13 18:15:05,"서울특별시 송파구 가락로 **, 림스빌딩 *층 (석촌동)",,폐업,0002,03,,209393.579690936    ,444298.606562109    ,서울특별시 송파구 석촌동 *** 림스빌딩 ,2022-04-28 18:11:10
3230000,323000004720180007,2018-04-17,,폐업,2019-09-17,,,,0,,05675,홈펫,I,000,2026-01-13 18:15:05,"서울특별시 송파구 가락로 ***, 부성빌딩 *층 (송파동)",,폐업,0002,03,,210017.471837145    ,444627.454230899    ,서울특별시 송파구 송파동 ***-* 부성빌딩 *층 ,2022-04-28 18:11:03
3230000,323000004720190015,2019-03-05,,폐업,2021-06-11,,,,0,,05804,몽타운,I,000,2026-01-13 18:15:05,"서울특별시 송파구 동남로*길 **, *층 (문정동)",,폐업,0002,03,024492700,210988.263053123    ,442926.380560308    ,서울특별시 송파구 문정동 **-** ,2022-04-28 18:11:07
3230000,323000004720190045,2019-07-25,,폐업,2024-04-15,,,,0,,05855,멍얀트리,I,000,2026-01-13 18:15:05,"서울특별시 송파구 법원로*길 **, 힐스테이트에코문정 (문정동)",,폐업,0002,03,,,,서울특별시 송파구 문정동 ***-* 힐스테이트에코문정 ,2024-04-15 12:54:48
3230000,323000004720190052,2019-09-04,,폐업,2022-01-18,,,,0,,05675,홈펫(Home Pet),I,000,2026-01-13 18:15:05,"서울특별시 송파구 가락로 ***, 부성빌딩 ***호 (송파동)",,폐업,0002,03,,210017.471837145    ,444627.454230899    ,서울특별시 송파구 송파동 ***-* 부성빌딩 ,2022-04-28 18:11:08
3230000,323000004720200001,2020-01-02,,폐업,2023-03-10,,,,0,,05578,킨더독,I,000,2026-01-13 18:15:05,"서울특별시 송파구 삼전로 **, B*층 ***호 (잠실동, 뜨레피움*차)",,폐업,0002,03,,207647.047265027    ,444634.228356681    ,서울특별시 송파구 잠실동 ***-* 뜨레피움*차 ,2023-03-10 16:17:27
3230000,323000004720200010,2020-03-31,,폐업,2021-12-30,,,,0,,05708,멍멍멍,I,000,2026-01-13 18:15:05,"서울특별시 송파구 양재대로**길 *, 금강빌딩 *층 (가락동)",,폐업,0002,03,,210357.375077208    ,444083.716311538    ,서울특별시 송파구 가락동 ** 금강빌딩 ,2022-04-28 18:11:09
3230000,323000004720210004,2021-02-03,,폐업,2023-01-31,,,,0,,05675,하우독,I,000,2026-01-13 18:15:05,"서울특별시 송파구 송이로 *, 지하*층 (송파동)",,폐업,0002,03,,210096.105038958    ,444643.367268423    ,서울특별시 송파구 송파동 ***-** ,2023-02-03 10:14:40
3230000,323000004720210038,2021-09-16,,영업/정상,,,,,0,,05804,힐링몽,I,000,2026-01-13 18:15:05,"서울특별시 송파구 동남로*길 **, B*호 (문정동)",,정상,0000,01,,210938.938647923    ,442986.680448912    ,서울특별시 송파구 문정동 ** ,2022-04-28 18:11:10
3240000,324000004720200015,2020-05-25,,영업/정상,,,,,0,,05242,랙돌캐터리,I,000,2026-01-13 18:07:04,"서울특별시 강동구 상암로 **, ***호 (암사동)",,정상,0000,01,,211046.688984162    ,449826.079503322    ,서울특별시 강동구 암사동 ***-* ,2022-04-28 18:10:45
3240000,324000004720210006,2021-05-13,,영업/정상,,,,,0,,05211,냥냥하우스,I,000,2026-01-13 18:07:04,"서울특별시 강동구 아리수로**길 **-*, 강일프라자 ***호 (강일동)",,정상,0000,01,,215231.341426541    ,451507.371460994    ,서울특별시 강동구 강일동 *** 강일프라자 ***호,2023-04-10 11:33:35
3240000,324000004720220002,2022-11-30,,영업/정상,,,,,0,,05405,포포앤미루 강동점,I,000,2026-01-13 18:07:04,"서울특별시 강동구 양재대로**가길 **, 키키빌딩 *층 (성내동)",,정상,0000,01,024718825,211797.452567829    ,447012.990706287    ,서울특별시 강동구 성내동 ***-** 키키빌딩 ,2022-11-30 14:27:19
3240000,324000004720240001,2024-01-24,,영업/정상,,,,,0,,05254,개이쁘다,I,000,2026-01-13 18:07:04,"서울특별시 강동구 암사길 **, ***호 (암사동)",,정상,0000,01,024275888,211763.258534371    ,449977.527816878    ,서울특별시 강동구 암사동 ***-** ***호,2024-01-24 14:53:00
3240000,324000004720220001,2022-07-29,,폐업,2023-12-31,,,,0,,05204,에듀펫 숲유치원,I,L00,2026-01-13 18:07:04,"서울특별시 강동구 아리수로**길 **-**, *층 (고덕동)",,폐업,0002,03,,212900.375093202    ,451392.070616065    ,서울특별시 강동구 고덕동 ***-* *층 ,2024-02-06 10:28:45
3240000,324000004720250002,2025-07-16,,영업/정상,,,,,0,,05226,뭉스벨리,I,000,2026-01-13 18:07:04,서울특별시 강동구 아리수로**길 ** (고덕동),,정상,0000,01,,213601.973270636    ,451076.368803072    ,서울특별시 강동구 고덕동 *** ,2025-07-16 17:55:09
3240000,324000004720190022,2019-09-26,,폐업,2022-12-29,,,,0,,05343,미소펫,I,000,2026-01-13 18:07:04,"서울특별시 강동구 양재대로 ****, C동 *층층 (길동)",,폐업,0002,03,024864589,212402.422645521    ,448634.438797854    ,서울특별시 강동구 길동 ***-* C동 *층 ,2022-12-30 11:31:22
3240000,324000004720200011,2020-04-16,,폐업,2025-04-10,,,,0,,05227,(주)에듀펫,I,000,2026-01-13 18:07:04,"서울특별시 강동구 동남로**길 **, 영응 (고덕동)",,폐업,0002,03,025776884,213372.955064907    ,450753.189936652    ,서울특별시 강동구 고덕동 ***-* 영응 ,2025-04-10 17:08:59
3240000,324000004720210002,2021-01-29,,폐업,2024-12-17,,,,0,,05335,뭉스벨리,I,000,2026-01-13 18:07:04,"서울특별시 강동구 천호대로 ****, 산경빌딩  *,*층 (천호동)",,폐업,0002,03,,211279.672086166    ,448363.390640112    ,"서울특별시 강동구 천호동 *** 산경빌딩 *층, *층 ",2024-12-20 13:12:14
3240000,324000004720250001,2025-02-28,,영업/정상,,,,,0,,05222,러버독&도그팰리스,I,000,2026-01-13 18:07:04,"서울특별시 강동구 고덕로 ***, B*층 B***(음료 제조공간 제외)호 (고덕동, 고덕센트럴푸르지오)",,정상,0000,01,,214956.131343654    ,450617.923583608    ,서울특별시 강동구 고덕동 ***-* 고덕센트럴푸르지오 ,2025-02-28 09:44:45
3250000,325000004720180009,2018-08-13,,영업/정상,,,,,0,,48953,양이양이,I,000,2026-01-13 18:05:32,"부산광역시 중구 비프광장로 **-*, *층 (남포동*가)",,정상,0000,01,0512530203,384896.263260894    ,179616.242546962    ,부산광역시 중구 남포동*가 **-* ,2022-04-28 18:10:37
3250000,325000004720180015,2018-10-01,,영업/정상,,,,,0,,48953,고양이다락방,I,000,2026-01-13 18:05:32,"부산광역시 중구 광복로 **-*, *층 (창선동*가)",,정상,0000,01,0513353123,384972.940709091    ,179665.725434499    ,부산광역시 중구 창선동*가 **-* ,2022-04-28 18:10:38
3250000,325000004720180020,2018-12-14,,영업/정상,,,,,0,,48980,남포아지트,I,000,2026-01-13 18:05:32,"부산광역시 중구 비프광장로 *, *층 (부평동*가)",,정상,0000,01,0512410901,384645.673444747    ,179574.211568157    ,부산광역시 중구 부평동*가 **-* ,2022-04-28 18:10:38
3250000,325000004720190001,2019-02-22,,폐업,2023-09-25,,,,0,,48953,라라랜드,I,L00,2026-01-13 18:05:32,"부산광역시 중구 비프광장로 **, *층 (남포동*가)",,폐업,0002,03,,384915.689642462    ,179649.862331587    ,부산광역시 중구 남포동*가 *-* ,2023-09-27 14:35:40
3250000,325000004720240001,2024-12-27,,영업/정상,,,,,0,,48980,집사의하루 남포점,I,000,2026-01-13 18:05:32,"부산광역시 중구 중구로 **, *층 (부평동*가)",,정상,0000,01,0512427984,384817.635830791    ,179633.174831851    ,부산광역시 중구 부평동*가 **-* *층 ,2025-10-31 17:27:37
3250000,325000004720180005,2018-05-24,,폐업,2020-05-27,,,,0,,48954,㈜핫독부산지사위드쥬(with-zoo),I,L00,2026-01-13 18:05:32,부산광역시 중구 구덕로 ** (남포동*가),,폐업,0002,03,0512468400,385298.796643656    ,179546.451927988    ,부산광역시 중구 남포동*가 **-* ,2022-04-28 18:10:37
3250000,325000004720180019,2018-12-12,,폐업,2025-11-03,,,,0,,48952,덕수네애견,I,000,2026-01-13 18:05:32,"부산광역시 중구 광복로 **-*, *층 (광복동*가)",,폐업,0002,03,0512452956,385190.73461994     ,179695.148241253    ,부산광역시 중구 광복동*가 **-* ,2025-11-07 15:54:07
3250000,325000004720230001,2023-04-12,,영업/정상,,,,,0,,48947,브룩스캣슬,I,000,2026-01-13 18:05:32,"부산광역시 중구 광복로**번길 *, 와이즈파크 *층 (창선동*가)",,정상,0000,01,,384993.660072758    ,179733.755298836    ,"부산광역시 중구 창선동*가 **-* *층 *-*호(일부), *-*호 ",2023-04-12 16:40:34
3260000,326000004720220001,2022-11-04,,영업/정상,,,,,0,,49208,폴인캣츠,I,000,2026-01-13 18:03:32,"부산광역시 서구 대티로 ***, ***동 ***호 (서대신동*가, 협성르네상스)",,정상,0000,01,,383176.906835557    ,181175.02782594     ,부산광역시 서구 서대신동*가 ***-* 협성르네상스 ,2024-10-22 17:54:59
3270000,327000004720190003,2019-12-03,,폐업,2020-06-23,,,,0,,48788,감자랑커피랑,I,000,2026-01-13 18:00:32,"부산광역시 동구 중앙대로 ***, *층 (수정동)",,폐업,0002,03,0514661276,386679.261221943    ,183039.266933201    ,부산광역시 동구 수정동 *-** ,2022-04-28 18:10:29
3290000,329000004720210004,2021-01-21,,폐업,2021-01-21,,,,,,47288,탁이네 반려견 카페,I,L00,2026-01-13 18:01:34,"부산광역시 부산진구 중앙대로***번길 **, *층 (부전동)",,폐업,0002,03,,387273.823822869    ,185836.770575664    ,부산광역시 부산진구 부전동 ***-** ,2022-04-28 18:10:41
3290000,329000004720200015,2020-06-19,,폐업,2021-04-30,,,,0,,47215,개팔자가 상팔자,I,000,2026-01-13 18:01:34,"부산광역시 부산진구 중앙대로 ***-*, *층 (양정동)",,폐업,0002,03,,388221.050748693    ,187415.014507592    ,부산광역시 부산진구 양정동 ***-** ,2022-04-28 18:10:41
3290000,329000004720210026,2021-09-07,,폐업,2022-01-14,,,,0,,47294,다해줄게 멍멍아,I,000,2026-01-13 18:01:34,"부산광역시 부산진구 전포대로***번길 **-*, *층 (전포동)",,폐업,0002,03,0518088233,387923.395302579    ,185936.772649001    ,부산광역시 부산진구 전포동 ***-* ,2022-04-28 18:10:43
3290000,329000004720240001,2024-01-18,,폐업,2025-08-18,,,,0,,47230,아델스 퍼피,I,000,2026-01-13 18:01:34,부산광역시 부산진구 양지로 ** (양정동),,폐업,0002,03,0515014444,388560.454325119    ,187365.123828885    ,부산광역시 부산진구 양정동 ***-*** ,2025-08-18 11:33:00
3290000,329000004720180037,2018-11-07,,영업/정상,,,,,0,,47294,덕수네 애견,I,000,2026-01-13 18:01:34,"부산광역시 부산진구 동천로 **, 한국네일학원 (전포동)",,정상,0000,01,0518042956,387877.138852403    ,185889.88154998     ,부산광역시 부산진구 전포동 ***-* 한국네일학원 ,2022-04-28 18:10:38
3290000,329000004720180041,2018-12-18,,영업/정상,,,,,0,,47296,양이양이,I,000,2026-01-13 18:01:34,"부산광역시 부산진구 중앙대로***번길 **, *층 (부전동)",,정상,0000,01,0518175077,387741.742557855    ,185850.095122852    ,부산광역시 부산진구 부전동 ***-* ,2022-04-28 18:10:39
3290000,329000004720200009,2020-05-07,,영업/정상,,,,,0,,47229,애견동화,I,000,2026-01-13 18:01:34,부산광역시 부산진구 진남로 ***-* (양정동),,정상,0000,01,,388628.143024488    ,187564.298720036    ,부산광역시 부산진구 양정동 ***-* ,2022-04-28 18:10:41
3290000,329000004720230001,2023-10-19,,영업/정상,,,,,0,,47292,집사의 하루 서면점,I,000,2026-01-13 18:01:34,"부산광역시 부산진구 중앙대로***번길 **, *층 (부전동)",,정상,0000,01,0518177984,387642.968269871    ,185973.807919354    ,부산광역시 부산진구 부전동 ***-*** ,2023-10-19 14:45:13
3290000,329000004720250001,2025-01-10,,영업/정상,,,,,0,,47294,집사의 하루 전포점,I,000,2026-01-13 18:01:34,"부산광역시 부산진구 서전로**번길 **, *층 (전포동)",,정상,0000,01,,388070.649834266    ,185938.292850783    ,부산광역시 부산진구 전포동 ***-** ,2025-04-25 13:41:49
3290000,329000004720160007,2016-11-15,,폐업,2020-09-02,,,,0,,47215,작은 동물원,I,000,2026-01-13 18:01:34,부산광역시 부산진구 중앙대로 *** (양정동),,폐업,0002,03,,388229.657972324    ,187441.356817056    ,,2022-04-28 18:10:35
3290000,329000004720180015,2018-08-16,,폐업,2021-02-19,,,,0,,47294,개라모르겠다,I,000,2026-01-13 18:01:34,부산광역시 부산진구 전포대로***번길 **-* (전포동),,폐업,0002,03,0518041435,387923.395302579    ,185936.772649001    ,부산광역시 부산진구 전포동 ***-* ,2022-12-15 16:52:16
3290000,329000004720180040,2018-12-18,,폐업,2019-10-31,,,,0,,47295,덕수네 고양이 카페,I,000,2026-01-13 18:01:34,"부산광역시 부산진구 중앙대로***번길 **, 지하*층 (부전동)",,폐업,0002,03,0518162956,387697.258183115    ,185880.145213983    ,부산광역시 부산진구 부전동 ***-** ,2022-04-28 18:10:39
3290000,329000004720180042,2018-12-18,,폐업,2020-10-01,,,,0,,47246,짧냥이네,I,000,2026-01-13 18:01:34,"부산광역시 부산진구 서전로 *, *층 (부전동)",,폐업,0002,03,0518160486,387703.637309957    ,186249.367339647    ,부산광역시 부산진구 부전동 ***-** ,2023-06-21 11:04:45
3290000,329000004720190012,2019-10-01,,폐업,2022-01-28,,,,0,,47296,대신산업설비 피터펫카페 서면점,I,L00,2026-01-13 18:01:34,"부산광역시 부산진구 중앙대로 ***, 삼정타워 ***호 (부전동)",,폐업,0002,03,0518180119,387608.014165034    ,185703.079007724    ,부산광역시 부산진구 부전동 ***-* 삼정타워 ,2022-12-06 16:00:37
3290000,329000004720210006,2021-02-01,,폐업,2023-04-20,,,,0,,47247,매봉당,I,000,2026-01-13 18:01:34,"부산광역시 부산진구 서전로**번길 **, 지하*층 (전포동)",,폐업,0002,03,,387994.374923584    ,186365.281754984    ,부산광역시 부산진구 전포동 ***-* ,2023-04-20 14:29:06
3300000,330000004720180027,2018-10-05,,폐업,2020-02-01,,,,0,,47856,프란다스의개,I,000,2026-01-13 18:01:03,"부산광역시 동래구 석사로**번길 **, *층 (사직동)",,폐업,0002,03,0515022354,387681.442884362    ,190817.436932146    ,부산광역시 동래구 사직동 **-** ,2022-05-20 16:35:42
3300000,330000004720180043,2018-11-26,,폐업,2019-11-15,,,,0,,47900,아껴줄개,I,000,2026-01-13 18:01:03,"부산광역시 동래구 온천천로 ***, *층 (안락동)",,폐업,0002,03,0515322232,391534.368180606    ,190049.428574244    ,부산광역시 동래구 안락동 ***-** ,2022-04-28 18:10:36
3300000,330000004720190007,2019-11-15,,영업/정상,,,,,0,,47900,아껴줄개,I,000,2026-01-13 18:01:03,"부산광역시 동래구 온천천로 ***, *층 (안락동)",,정상,0000,01,0515322232,391534.368180606    ,190049.428574244    ,부산광역시 동래구 안락동 ***-** ,2022-04-28 18:10:36
3300000,330000004720180046,2018-12-26,,영업/정상,,,,,0,,47838,카페 아콤파니,I,000,2026-01-13 18:01:03,"부산광역시 동래구 여고북로**번길 **, *층 (온천동)",,정상,0000,01,,388347.337906518    ,191227.371197547    ,부산광역시 동래구 온천동 ****-* ,2022-11-16 15:27:08
3300000,330000004720180039,2018-10-31,,폐업,2023-11-15,,,,0,,47834,개톡(GAE TALK),I,000,2026-01-13 18:01:03,"부산광역시 동래구 여고로 ***, *층 (사직동)",,폐업,0002,03,0515032795,389007.623493439    ,190831.137297101    ,부산광역시 동래구 사직동 ***-** ,2023-11-16 17:06:00
3310000,331000004720200011,2020-07-31,,폐업,2023-02-21,,,,0,,48576,댕댕월드,I,000,2026-01-13 18:00:03,부산광역시 남구 이기대공원로 **-** (용호동),,폐업,0002,03,,392989.52038061     ,183059.499534887    ,부산광역시 남구 용호동 *-* ,2023-02-21 13:34:10
3310000,331000004720180041,2018-10-16,,폐업,,,,,0,,48500,위드펫(꼬신내),I,000,2026-01-13 18:00:03,"부산광역시 남구 용소로**번길 **, 청해빌딩 *층 (대연동)",,폐업,0002,03,0516286880,391366.107282362    ,183638.330192422    ,부산광역시 남구 대연동 ***-* 청해빌딩 ,2022-04-28 18:10:29
3310000,331000004720180040,2018-10-15,,폐업,2020-05-21,,,,0,,48510,부산애견카페 도그마루,I,000,2026-01-13 18:00:03,"부산광역시 남구 황령대로***번길 **, 세영빌딩 *층 (대연동)",,폐업,0002,03,,391911.84258677     ,184100.968518409    ,부산광역시 남구 대연동 **-* 세영빌딩 ,2022-04-28 18:10:29
3310000,331000004720200004,2020-05-13,,폐업,2021-06-22,,,,0,,48512,우리집 둘째,I,000,2026-01-13 18:00:03,"부산광역시 남구 수영로***번길 **, 한양빌딩 *층 (대연동)",,폐업,0002,03,,391537.267670293    ,183878.107557726    ,부산광역시 남구 대연동 **-* 한양빌딩 ,2022-04-28 18:10:30
3310000,331000004720180048,2018-12-12,,폐업,2024-05-28,,,,0,,48508,덕수네애견,I,000,2026-01-13 18:00:03,"부산광역시 남구 용소로 *, 청호빌딩 *층 (대연동)",,폐업,0002,03,,391368.538749726    ,183998.864934681    ,부산광역시 남구 대연동 **-* 청호빌딩 ,2024-05-28 18:09:55
3320000,332000004720250001,2025-10-13,,영업/정상,,,,,0,,46651,리틀펫앤테일,I,000,2026-01-13 18:02:03,"부산광역시 북구 백양대로 ****, 상가동 ***호 (구포동, 현대아파트)",,정상,0000,01,,381432.330084105    ,190402.183262767    ,부산광역시 북구 구포동 ****-* 현대아파트 ,2025-10-13 15:50:59
3320000,332000004720230002,2023-07-13,,영업/정상,,,,,0,,46542,heav.pet,I,000,2026-01-13 18:02:03,"부산광역시 북구 학사로 **, 산봉빌딩 *층 (화명동)",,정상,0000,01,,382740.434853175    ,193488.211991281    ,부산광역시 북구 화명동 ****-* 산봉빌딩 ,2023-07-13 10:17:55
3320000,332000004720260001,2026-03-20,,영업/정상,,,,,0,,46524,주니어킹덤,I,000,2026-03-21 22:02:53,"부산광역시 북구 화명대로 **, 목양프라자 *층 (화명동)",,정상,0000,01,,382924.245586329    ,194752.730418991    ,부산광역시 북구 화명동 ****-* 목양프라자 ,2026-03-20 15:46:34
3320000,332000004720230003,2023-11-21,,취소/말소/만료/정지/중지,2024-08-21,,,,0,,46640,카페 어떤데,I,000,2026-01-13 18:02:03,"부산광역시 북구 낙동북로***번길 **, *층 (구포동, 금강빌라)",,말소,0004,04,,382611.371246447    ,190241.038655507    ,부산광역시 북구 구포동 ****-** 금강빌라 ,2024-08-22 16:56:48
3320000,332000004720230001,2023-03-28,,취소/말소/만료/정지/중지,2024-08-21,,,,0,,46531,우다다애견카페,I,000,2026-01-13 18:02:03,"부산광역시 북구 금곡대로 ***, *층 (화명동)",,말소,0004,04,0513657222,383282.668188027    ,194749.835232567    ,부산광역시 북구 화명동 ****-** ,2024-08-22 16:58:13
3320000,332000004720200009,2020-07-09,,폐업,2025-07-31,,,,0,,46582,피터펫 애견카페 부산북구점,I,000,2026-01-13 18:02:03,"부산광역시 북구 백양대로 ****, *층 (구포동)",,폐업,0002,03,0517107110,382452.052389535    ,191511.736216747    ,부산광역시 북구 구포동 ***-* ,2025-08-05 17:32:54
3320000,332000004720200007,2020-06-22,,폐업,2023-12-26,,,,0,,46576,감자랑 커피랑,I,000,2026-01-13 18:02:03,"부산광역시 북구 백양대로 ****, *층 (구포동)",,폐업,0002,03,0514661276,382557.4853926      ,191837.627944733    ,부산광역시 북구 구포동 ***-* ,2023-12-26 17:50:26
3330000,333000004720230001,2023-11-06,,영업/정상,,,,,0,,48043,망고키즈트라이랩 센텀점,I,000,2026-01-13 18:06:04,"부산광역시 해운대구 선수촌로**번길 **, 마린레포츠센터 지하*층 (반여동)",,정상,0000,01,0515222223,392727.738125264    ,190598.689923845    ,부산광역시 해운대구 반여동 ****-** 마린레포츠센터 ,2023-11-06 10:31:38
3330000,333000004720180084,2018-12-27,,영업/정상,,,,,0,,48082,슈슈퍼피,I,000,2026-01-13 18:06:04,"부산광역시 해운대구 대천로 **, *층 (좌동)",,정상,0000,01,0517026754,397832.618620935    ,188232.236228939    ,부산광역시 해운대구 좌동 *** 르비앙안경점 ,2023-02-07 09:36:22
3330000,333000004720250001,2025-10-31,,영업/정상,,,,,0,,48106,냥춘기 캣카페,I,000,2026-01-13 18:06:04,"부산광역시 해운대구 좌동로 **, 울트라타워 *층 ***호 (좌동)",,정상,0000,01,,398074.127570382    ,188030.043369638    ,부산광역시 해운대구 좌동 ****-* 울트라타워 ,2025-10-31 15:04:01
3330000,333000004720200047,2020-12-24,,폐업,2024-07-12,,,,0,,48099,영무 파라드 호텔,I,L00,2026-01-13 18:06:04,"부산광역시 해운대구 해운대해변로***번길 **, 영무 파라드 호텔 (중동)",,폐업,0002,03,,397334.933024101    ,186789.909588542    ,부산광역시 해운대구 중동 ****-* 영무 파라드 호텔 ,2024-07-12 14:55:52
3330000,333000004720200011,2020-04-03,,폐업,2022-02-04,,,,0,,48059,주식회사브이브이아이피,I,L00,2026-01-13 18:06:04,"부산광역시 해운대구 센텀*로 **, *층 ***호 (우동)",,폐업,0002,03,0517155641,394027.029503192    ,187971.905557994    ,부산광역시 해운대구 우동 **** ***호,2022-04-28 18:10:43
3330000,333000004720180078,2018-12-26,,영업/정상,,,,,0,,48073,하오쿠,I,000,2026-01-13 18:06:04,"부산광역시 해운대구 송정광어골로 **, 안나수빌딩 *층 (송정동)",,정상,0000,01,,399994.454014783    ,188327.507503041    ,부산광역시 해운대구 송정동 ***-** ,2022-04-28 18:10:42
3330000,333000004720180079,2018-12-26,,영업/정상,,,,,0,,48106,테리몽하우스,I,000,2026-01-13 18:06:04,"부산광역시 해운대구 세실로**번길 *, 화창프라자 ***호 (좌동)",,정상,0000,01,0517476908,398209.525948624    ,187911.687753972    ,부산광역시 해운대구 좌동 ****-* 화창프라자 ***호,2022-04-28 18:10:42
3340000,334000004720240003,2024-11-25,,영업/정상,,,,,0,,49521,멈무아,I,000,2026-01-13 18:03:03,"부산광역시 사하구 다송로 **, *층 (다대동)",,정상,0000,01,,380893.235876349    ,175406.538389026    ,부산광역시 사하구 다대동 ****-** ,2024-11-25 13:18:19
3340000,334000004720240001,2024-05-21,,영업/정상,,,,,0,,49308,멍다방,I,000,2026-01-13 18:03:03,"부산광역시 사하구 낙동대로 ***, *층 (하단동)",,정상,0000,01,,379081.19890568     ,180851.779202645    ,부산광역시 사하구 하단동 ***-** ,2025-07-25 14:42:22
3340000,334000004720240002,2024-10-31,,영업/정상,,,,,0,,49521,꽃길만걷개,I,000,2026-01-13 18:03:03,"부산광역시 사하구 다송로**번길 **, *층 (다대동)",,정상,0000,01,,380584.827692524    ,175201.028956516    ,부산광역시 사하구 다대동 ****-* ,2024-10-31 15:29:10
3340000,334000004720180021,2018-09-10,,영업/정상,,,,,0,,49506,도그어바웃,I,000,2026-01-13 18:03:03,"부산광역시 사하구 다대로 ***, *층 (다대동)",,정상,0000,01,,379384.847873516    ,173895.655729558    ,부산광역시 사하구 다대동 ****-** ,2022-04-28 18:10:37
3340000,334000004720180037,2020-12-23,,영업/정상,,,,,0,,49446,부산애견팡팡,I,000,2026-01-13 18:03:03,"부산광역시 사하구 감천로 **, *층 (감천동, 감천현대아파트)",,정상,0000,01,,381998.735749086    ,178655.837356249    ,부산광역시 사하구 감천동 ***-* 감천현대아파트 ,2022-04-28 18:10:38
3340000,334000004720190004,2019-04-17,,영업/정상,,,,,0,,49326,나인독스 애견카페,I,000,2026-01-13 18:03:03,"부산광역시 사하구 낙동대로 ***, *층 (당리동)",,정상,0000,01,,379643.657334482    ,180179.724536215    ,부산광역시 사하구 당리동 ***-** ,2025-06-25 09:59:59
3340000,334000004720200004,2020-04-20,,폐업,2023-12-28,,,,0,,49521,하이댕댕,I,000,2026-01-13 18:03:03,"부산광역시 사하구 다송로**번길 **, 에스엔씨빌딩 *층 ***호 (다대동)",,폐업,0002,03,,380540.836768886    ,175274.144961403    ,부산광역시 사하구 다대동 **** 에스엔씨빌딩 ***호,2024-01-09 16:51:37
3340000,334000004720200001,2020-01-16,,폐업,2021-12-29,,,,0,,49358,너와 함께 반려견 카페,I,000,2026-01-13 18:03:03,"부산광역시 사하구 사하로 ***, IDS아델하임 ***,***호 (괴정동)",,폐업,0002,03,,381790.208722448    ,179478.429292997    ,부산광역시 사하구 괴정동 ***-* ,2022-12-23 13:09:53
3340000,334000004720180047,2019-05-17,,폐업,2023-05-31,,,,0,,49524,씨티독,I,000,2026-01-13 18:03:03,"부산광역시 사하구 다대로 ***-*, *층 (다대동)",,폐업,0002,03,,379750.761867226    ,174822.951508413    ,부산광역시 사하구 다대동 *** ,2023-05-31 11:42:15
3350000,335000004720220001,2022-12-26,,폐업,2023-10-27,,,,0,,46241,해피버드데이,I,000,2026-01-13 17:59:03,"부산광역시 금정구 부산대학로**번길 **, *층 (장전동)",,폐업,0002,03,,389641.382267289    ,194352.341126591    ,부산광역시 금정구 장전동 ***-** ,2023-12-29 16:06:24
3350000,335000004720190002,2019-01-17,,영업/정상,,,,,0,,46228,애견훈련소 보담,I,000,2026-01-13 17:59:03,"부산광역시 금정구 금강로 ***, *층 (구서동)",,정상,0000,01,,389905.916212995    ,197419.826391808    ,부산광역시 금정구 구서동 ***-** ,2022-04-28 18:10:28
3350000,335000004720180003,2018-04-18,,폐업,2022-01-17,,,,0,,46291,캣스토리,I,000,2026-01-13 17:59:02,"부산광역시 금정구 장전로**번길 **-*, 하나하우스 *층 (장전동)",,폐업,0002,03,,390069.488865633    ,194281.683263678    ,부산광역시 금정구 장전동 ***-*** 하나하우스 ,2022-04-28 18:10:25
3350000,335000004720200001,2020-02-05,,영업/정상,,,,,0,,46291,고양이카페 랙돌,I,000,2026-01-13 17:59:03,"부산광역시 금정구 금정로**번길 **, *층 (장전동)",,정상,0000,01,,390012.040961868    ,194264.543421566    ,부산광역시 금정구 장전동 ***-*** ,2022-04-28 18:10:28
3350000,335000004720180047,2018-10-04,,폐업,2021-06-08,,,,0,,46291,덕수네 애견카페,I,000,2026-01-13 17:59:02,"부산광역시 금정구 금정로 **, 청암타워 (장전동)",,폐업,0002,03,,389884.160729153    ,194305.598441535    ,부산광역시 금정구 장전동 ***-** 청암타워 ,2022-04-28 18:10:28
3350000,335000004720180052,2018-11-02,,폐업,2026-04-07,,,,0,,46291,양이양이,U,000,2026-04-08 03:03:03,부산광역시 금정구 금정로**번길 **-* (장전동),,폐업,0002,03,0519030200,390047.157890066    ,194363.184513625    ,부산광역시 금정구 장전동 ***-** ,2026-04-07 15:25:25
3350000,335000004720180059,2018-12-18,,폐업,2025-07-30,,,,0,,46306,모어스테이,I,000,2026-01-13 17:59:03,"부산광역시 금정구 오시게로 **, *층 (부곡동)",,폐업,0002,03,0517283012,389997.09281308     ,193342.909199041    ,부산광역시 금정구 부곡동 ***-** ,2025-07-31 10:49:32
3360000,336000004720210003,2021-02-09,,폐업,2024-08-30,,,,0,,46770,피터펫카페 가덕도점,I,L00,2026-01-28 22:02:50,부산광역시 강서구 가덕해안로 *** (천성동),,폐업,0002,03,,365520.363432593    ,171653.219914396    ,부산광역시 강서구 천성동 *** ,2026-01-27 12:08:58
3360000,336000004720250001,2025-02-12,,영업/정상,,,,,0,,46726,캣플헤븐,I,000,2026-01-13 17:58:32,"부산광역시 강서구 명지국제*로 **, 오션퍼스트 *층 ***, ***호 (명지동)",,정상,0000,01,,373993.950559503    ,178557.722693577    ,부산광역시 강서구 명지동 ****-* 오션퍼스트 ,2025-02-12 18:30:49
3360000,336000004720250002,2025-12-18,,영업/정상,,,,,0,,46726,휴일도 부산점,I,L00,2026-01-13 17:58:32,"부산광역시 강서구 명지국제*로 **-*, *층 (명지동)",,정상,0000,01,,373409.53660583     ,178835.311430633    ,부산광역시 강서구 명지동 ****-* ,2025-12-18 09:27:14
3360000,336000004720190009,2019-07-19,,폐업,2023-12-18,,,,0,,46726,히어로키즈파크 명지지점,I,L00,2026-01-13 17:58:32,"부산광역시 강서구 명지국제*로**번길 **, *층 (명지동)",,폐업,0002,03,0547101666,373329.163129764    ,178858.448820947    ,부산광역시 강서구 명지동 ****-* ,2023-12-19 15:28:38
3370000,337000004720230001,2023-12-22,,폐업,2025-04-15,,,,0,,47596,부산강아지분양 미유펫,I,000,2026-01-13 18:04:32,"부산광역시 연제구 중앙대로 ****, *층 (연산동)",,폐업,0002,03,,389379.874389864    ,189095.987755202    ,부산광역시 연제구 연산동 ***-* ,2025-04-15 11:22:09
3380000,338000004720240001,2024-01-12,,영업/정상,,,,,0,,48294,후미후미,I,000,2026-01-13 18:04:03,부산광역시 수영구 수영로***번길 ** (광안동),,정상,0000,01,,392594.23999304     ,186395.363363873    ,부산광역시 수영구 광안동 ***-** ,2024-01-12 13:21:58
3380000,338000004720240002,2024-05-22,,영업/정상,,,,,0,,48290,냥냥늉늉,I,000,2026-01-13 18:04:03,"부산광역시 수영구 광안해변로 ***, 민락동씨랜드활어센타 ***호 (민락동)",,정상,0000,01,,393659.517967621    ,186256.137450498    ,부산광역시 수영구 민락동 ***-*** 민락동씨랜드활어센타 ***호,2025-04-18 10:00:15
3380000,338000004720190002,2019-01-11,,영업/정상,,,,,0,,48284,도그민,I,000,2026-01-13 18:04:03,"부산광역시 수영구 광안해변로 ***, 광안샤인빌딩 *층 (민락동)",,정상,0000,01,,393118.048929389    ,186015.316200657    ,부산광역시 수영구 민락동 ***-* 광안샤인빌딩 ,2022-04-28 18:10:11
3380000,338000004720260002,2026-04-01,,영업/정상,,,,,0,,48298,애니멀카페 피피피,I,L00,2026-04-02 22:02:50,"부산광역시 수영구 수영로 지하***, 도시철도 광안역 D**호 (광안동)",,정상,0000,01,,392732.128348688    ,186381.350041617    ,부산광역시 수영구 광안동 *** 도시철도 광안역 ,2026-04-01 16:32:32
3380000,338000004720250003,2025-12-19,,영업/정상,,,,,0,,48283,애니멀숲,I,000,2026-01-13 18:04:03,"부산광역시 수영구 민락수변로 **, 민락동 바다마루 ***, ***호 (민락동)",,정상,0000,01,,393541.97525727     ,185857.946450056    ,"부산광역시 수영구 민락동 ***-*** 민락동 바다마루 ***, ***호 ",2025-12-19 16:11:53
3380000,338000004720250002,2025-11-14,,영업/정상,,,,,0,,48298,꼬똥 드 피피피,I,L00,2026-01-13 18:04:03,"부산광역시 수영구 수영로 지하***, D**-D**호 (광안동)",,정상,0000,01,,392732.128348688    ,186381.350041617    ,부산광역시 수영구 광안동 *** D**-D호,2025-11-14 14:54:07
3380000,338000004720250001,2025-06-10,,영업/정상,,,,,0,,48298,고양이카페 피피피 펫스테이션점,I,L00,2026-01-13 18:04:03,"부산광역시 수영구 수영로 지하***, 도시철도 광안역 D*~*, D**~**호 (광안동)",,정상,0000,01,,392732.128348688    ,186381.350041617    ,"부산광역시 수영구 광안동 *** 도시철도 광안역 D*~*, D**~** ",2025-09-23 09:35:52
3380000,338000004720240003,2024-08-16,,영업/정상,,,,,0,,48303,제이쥬[J-zoo],I,000,2026-01-13 18:04:03,"부산광역시 수영구 광남로 **, 태민빌딩 지하*층 (광안동)",,정상,0000,01,,392617.662968512    ,185453.965012237    ,부산광역시 수영구 광안동 ***-* 태민빌딩 지하*층 ,2024-08-16 10:09:10
3380000,338000004720260001,2026-04-01,,영업/정상,,,,,0,,48299,집사의하루 광안점,I,000,2026-04-02 22:02:50,"부산광역시 수영구 광남로 ***, 태영빌딩 *층 *호 (광안동)",,정상,0000,01,0517527984,392903.451231147    ,186022.620567489    ,부산광역시 수영구 광안동 ***-* 태영빌딩 ,2026-04-01 16:13:01
3390000,339000004720190007,2019-11-27,,영업/정상,,,,,0,,46968,우리집 첫째,I,000,2026-01-13 18:02:32,"부산광역시 사상구 사상로 ***-*, ***호 (괘법동)",,정상,0000,01,,380727.833838306    ,186745.153454365    ,부산광역시 사상구 괘법동 ***-** ***호,2022-04-28 18:10:32
3400000,340000004720180021,2018-06-21,,영업/정상,,,,,0,,46023,디오지,I,000,2026-01-13 17:59:33,"부산광역시 기장군 정관읍 구연*로 **, B동 ***,***호",,정상,0000,01,,398310.70075396     ,204626.73513574     ,"부산광역시 기장군 정관읍 매학리 ***-* B동 ***,***호 ",2022-04-28 18:10:30
3400000,340000004720200004,2020-04-22,,폐업,2023-12-20,,,,0,,46015,히어로키즈파크 부산정관지점,I,L00,2026-01-13 17:59:33,"부산광역시 기장군 정관읍 정관중앙로 **, *층",,폐업,0002,03,,398024.244821605    ,204621.655738547    ,부산광역시 기장군 정관읍 매학리 ***-* *층 ,2023-12-20 12:59:51
3400000,340000004720180055,2018-12-28,,폐업,2019-09-30,,,,0,,46015,피터펫카페,I,000,2026-01-13 17:59:33,"부산광역시 기장군 정관읍 정관로 ***, 대한빌딩 ***호",,폐업,0002,03,0517273342,397967.170796858    ,204592.491613115    ,부산광역시 기장군 정관읍 매학리 ***-* 대한빌딩 ***호,2022-04-28 18:10:34
3400000,340000004720200001,2020-03-24,,영업/정상,,,,,0,,46008,어라운드1142,I,000,2026-01-13 17:59:33,"부산광역시 기장군 정관읍 병산로 *, 제*, *동",,정상,0000,01,0517271525,397240.395858018    ,206113.881439318    ,"부산광역시 기장군 정관읍 모전리 *** 제*, *동 ",2023-01-20 14:16:25
3400000,340000004720180011,2018-04-26,,폐업,2024-04-16,,,,0,,46002,낙원농원,I,000,2026-01-13 17:59:33,"부산광역시 기장군 철마면 백운산길 **, 낙원농원",,폐업,0002,03,0515087535,393290.880317432    ,206187.731750205    ,부산광역시 기장군 철마면 임기리 *** 낙원농원 ,2024-04-16 09:57:04
3400000,340000004720180027,2018-07-12,,영업/정상,,,,,0,,46031,개들랜드,I,L00,2026-01-13 17:59:33,부산광역시 기장군 장안읍 고무로 *,,정상,0000,01,0517278256,405110.370055623    ,207739.703380438    ,부산광역시 기장군 장안읍 기룡리 ***-* ,2022-04-28 18:10:31
3400000,340000004720180014,2018-05-02,,폐업,2019-03-27,,,,0,,46084,우다다 애견카페,I,000,2026-01-13 17:59:33,"부산광역시 기장군 기장읍 기장해안로 ***, 동부프라자 ***호",,폐업,0002,03,,401490.780305538    ,190006.113247396    ,부산광역시 기장군 기장읍 시랑리 ***-* 동부프라자 ***호,2022-04-28 18:10:29
3400000,340000004720180026,2018-07-05,,폐업,2020-02-06,,,,0,,46008,차우랜드,I,L00,2026-01-13 17:59:33,"부산광역시 기장군 정관읍 병산로 *, 주*동 B*층",,폐업,0002,03,0517285824,397240.395858018    ,206113.881439318    ,부산광역시 기장군 정관읍 모전리 *** 주*동 B*호,2022-04-28 18:10:30
3400000,340000004720180018,2018-05-23,,폐업,2021-02-01,,,,0,,46032,루즈독,I,000,2026-01-13 17:59:33,부산광역시 기장군 장안읍 방모산*길 **-*,,폐업,0002,03,,405084.390091239    ,206838.110361212    ,부산광역시 기장군 장안읍 반룡리 *** ,2022-04-28 18:10:30
3400000,340000004720190021,2019-10-14,,영업/정상,,,,,0,,46076,피터펫카페,I,000,2026-01-13 17:59:33,부산광역시 기장군 기장읍 내리*길 **,,정상,0000,01,0517273342,400868.246982648    ,192169.585160571    ,부산광역시 기장군 기장읍 내리 ***-* ,2022-04-28 18:10:36
3410000,341000004720250001,2025-06-02,,영업/정상,,,,,0,,41940,캣플 헤븐 대구 동성로점,I,000,2026-01-13 17:55:33,"대구광역시 중구 공평로 **, *층 (삼덕동*가, 동성로 SK 리더스뷰)",,정상,0000,01,,,,대구광역시 중구 삼덕동*가 *** 동성로 SK 리더스뷰 ,2025-06-02 09:40:22
3410000,341000004720240001,2024-03-07,,영업/정상,,,,,0,,41942,야옹아놀자 캣카페(동성로점),I,000,2026-01-13 17:55:33,"대구광역시 중구 동성로*길 **, *층 (삼덕동*가)",,정상,0000,01,,344285.378373086    ,263978.508445341    ,대구광역시 중구 삼덕동*가 **-* ,2025-11-20 13:58:00
3410000,341000004720230001,2023-11-29,,영업/정상,,,,,0,,41942,집사의 하루 대구점,I,000,2026-01-13 17:55:33,대구광역시 중구 동성로 *-* (동성로*가),,정상,0000,01,07088137999,343943.498244913    ,264221.032300224    ,대구광역시 중구 동성로*가 *** ,2023-11-29 16:41:44
3410000,341000004720190005,2019-03-28,,영업/정상,,,,,0,,41942,말랑캣,I,000,2026-01-13 17:55:33,"대구광역시 중구 동성로*길 **, *층 (동성로*가)",,정상,0000,01,07077574445,343989.022789278    ,264246.059542575    ,"대구광역시 중구 동성로*가 ***-** *층, *층 ",2022-04-28 18:10:21
3410000,341000004720190003,2019-02-26,,영업/정상,,,,,0,,41942,고양이날다,I,000,2026-01-13 17:55:33,"대구광역시 중구 동성로*길 **, *층 (삼덕동*가)",,정상,0000,01,,344211.990551187    ,264175.829544292    ,대구광역시 중구 삼덕동*가 **-** *층 ,2022-04-28 18:10:20
3410000,341000004720180015,2018-08-02,,영업/정상,,,,,0,,41942,힐링독,I,000,2026-01-13 17:55:33,대구광역시 중구 동성로*길 * (삼덕동*가),,정상,0000,01,,344207.708442612    ,264019.071742604    ,대구광역시 중구 삼덕동*가 **-* ,2022-04-28 18:10:20
3410000,341000004720180008,2018-05-01,,폐업,2026-04-01,,,,0,,41942,디캣,U,000,2026-04-02 03:03:03,대구광역시 중구 동성로*길 **-** (봉산동),,폐업,0002,03,,344023.037152877    ,264157.313057385    ,대구광역시 중구 봉산동 *-* ,2026-04-01 15:28:27
3410000,341000004720260001,2026-04-01,,영업/정상,,,,,0,,41941,디어캣,I,000,2026-04-02 22:02:52,"대구광역시 중구 동성로*길 **-*, *층 (삼덕동*가)",,정상,0000,01,,344268.001424546    ,264237.095001556    ,대구광역시 중구 삼덕동*가 **-** ,2026-04-01 09:08:09
3420000,342000004720200003,2020-01-09,,영업/정상,,,,,0,,41119,와우쥬,I,000,2026-01-13 17:53:34,대구광역시 동구 반야월로**길 ** (율하동),,정상,0000,01,,353141.415150465    ,264882.442842604    ,대구광역시 동구 율하동 **-* ,2022-04-28 18:10:27
3420000,342000004720190007,2019-05-02,,폐업,2026-03-26,,,,0,,41072,피터펫,U,000,2026-03-27 03:03:03,"대구광역시 동구 메디밸리로 *-*, 보림프라자 ***호 (대림동)",,폐업,0002,03,0539655668,357854.456686495    ,265103.532314776    ,대구광역시 동구 대림동 ***-* ,2026-03-26 11:03:56
3420000,342000004720180006,2018-05-01,,영업/정상,,,,,0,,41068,에버노블,I,000,2026-01-13 17:53:34,"대구광역시 동구 이노밸리로**길 **-*, *층 (신서동)",,정상,0000,01,,355805.420516614    ,265492.985159232    ,대구광역시 동구 신서동 ****-* ,2022-04-28 18:10:18
3420000,342000004720180061,2018-11-01,,폐업,2020-03-10,,,,0,,41101,트레인독,I,000,2026-01-13 17:53:34,대구광역시 동구 안심로**길 **-* (서호동),,폐업,0002,03,0537540366,354595.485212391    ,264020.607375634    ,대구광역시 동구 서호동 ***-* ,2022-04-28 18:10:23
3420000,342000004720180054,2018-10-08,,폐업,2019-06-01,,,,0,,41001,교감애견카페,I,000,2026-01-13 17:53:34,"대구광역시 동구 파계로 ***, *층 (중대동)",,폐업,0002,03,,347269.624713454    ,276801.296256865    ,대구광역시 동구 중대동 *** ,2023-03-15 10:57:37
3430000,343000004720190016,2019-09-27,,영업/정상,,,,,0,,41843,젠틀펫,I,000,2026-01-13 17:54:32,대구광역시 서구 와룡로**길 ** (중리동),,정상,0000,01,,339446.665459644    ,263518.429682916    ,대구광역시 서구 중리동 ****-*** ,2023-06-16 17:08:12
3430000,343000004720180006,2018-04-27,,폐업,2018-12-21,,,,0,,41710,도그피플,I,000,2026-01-13 17:54:32,"대구광역시 서구 서대구로 ***, *층 (비산동)",,폐업,0002,03,,340841.644657242    ,266555.91361217     ,대구광역시 서구 비산동 ****-* ,2022-04-28 18:10:15
3440000,344000004720230001,2023-07-12,,폐업,2023-10-11,,,,0,,42469,잇츠댕,I,000,2026-01-13 17:52:02,"대구광역시 남구 장전*길 **, *층 (대명동)",,폐업,0002,03,,342273.972106544    ,261312.669795011    ,대구광역시 남구 대명동 ****-** ,2023-10-11 16:43:08
3440000,344000004720220001,2022-12-19,,영업/정상,,,,,0,,42461,라이크멍,I,000,2026-01-13 17:52:02,"대구광역시 남구 두류공원로 **, *층 (대명동)",,정상,0000,01,,341717.509708768    ,261669.214808909    ,대구광역시 남구 대명동 ****-** *층 ,2025-07-14 15:04:40
3440000,344000004720240001,2024-04-29,,영업/정상,,,,,0,,42452,대구 고양이카페 오묘,I,000,2026-01-13 17:52:02,"대구광역시 남구 큰골길 ***-*, *층 (대명동)",,정상,0000,01,,342949.269968436    ,260732.737112604    ,대구광역시 남구 대명동 ***-* ,2025-08-27 10:07:09
3440000,344000004720180019,2018-04-25,,폐업,2019-09-02,,,,0,,42407,몽펍피(Monpubppy),I,000,2026-01-13 17:52:02,"대구광역시 남구 명덕로**길 ***, *층 (대명동)",,폐업,0002,03,,342476.918437011    ,262496.052445963    ,대구광역시 남구 대명동 ****-** *층 ,2022-04-28 18:10:16
3450000,345000004720190013,2019-03-05,,취소/말소/만료/정지/중지,2023-07-31,,,,0,,41417,멍멍이가(家),I,000,2026-01-13 17:54:03,"대구광역시 북구 학정동로 **, *층 (학정동)",,말소,0004,04,0533238864,341331.536830875    ,273108.034714518    ,대구광역시 북구 학정동 *** ,2023-07-31 16:39:15
3450000,345000004720240001,2024-02-07,,폐업,2026-03-25,,,,0,,41465,뱅갈냥이,U,000,2026-04-10 03:03:03,"대구광역시 북구 태암남로**길 *, *층 (구암동)",,폐업,0002,03,,340175.4196969      ,270592.748693545    ,대구광역시 북구 구암동 ***-* ,2026-04-09 16:35:53
3450000,345000004720220003,2022-01-06,,영업/정상,,,,,0,,41422,도기야드,I,000,2026-01-13 17:54:03,"대구광역시 북구 동천로**길 **-**, ***호 (동천동)",,정상,0000,01,,340452.562543586    ,272631.609590502    ,대구광역시 북구 동천동 ***-* ***호,2025-07-30 10:10:07
3450000,345000004720180005,2018-04-13,,폐업,2019-10-29,,,,0,,41598,피터펫 카페,I,000,2026-01-13 17:54:03,"대구광역시 북구 한강로*길 **-**, *층 (금호동)",,폐업,0002,03,,337092.703998463    ,267193.303985737    ,대구광역시 북구 금호동 *** ,2022-04-28 18:10:19
3450000,345000004720180049,2018-09-19,,폐업,2021-02-02,,,,0,,41544,양군멍군,I,000,2026-01-13 17:54:03,"대구광역시 북구 대학로 **-*, *층 (산격동)",,폐업,0002,03,0539395123,345264.415812234    ,267036.720455997    ,대구광역시 북구 산격동 ****-* ,2022-04-28 18:10:24
3450000,345000004720180059,2018-10-31,,폐업,2020-07-09,,,,0,,41422,멍그라운드,I,000,2026-01-13 17:54:03,"대구광역시 북구 동천로**길 **-**, *층 (동천동)",,폐업,0002,03,,340452.562543586    ,272631.609590502    ,대구광역시 북구 동천동 ***-* ,2022-04-28 18:10:25
3450000,345000004720220004,2022-11-11,,폐업,2023-06-15,,,,0,,41477,통통통 냥이마을,I,000,2026-01-13 17:54:03,"대구광역시 북구 서변로*길 *, *층 (서변동)",,폐업,0002,03,0539399164,343978.273309499    ,270002.848827484    ,대구광역시 북구 서변동 ****-** ,2023-06-16 15:18:24
3460000,346000004720250001,2025-10-22,,영업/정상,,,,,0,,42177,피치돌 랙돌캐터리,I,000,2026-01-13 17:55:03,"대구광역시 수성구 동대구로**길 **, *층 (지산동)",,정상,0000,01,,347080.192407408    ,260880.095171888    ,대구광역시 수성구 지산동 ***-* ,2025-10-22 09:26:37
3460000,346000004720240002,2024-07-18,,영업/정상,,,,,0,,42202,수성랜드,I,L00,2026-01-13 17:55:03,"대구광역시 수성구 용학로 **-*, 수성랜드 (상동)",,정상,0000,01,0537626622,345658.220819521    ,259727.589864564    ,대구광역시 수성구 상동 *** 수성랜드 ,2024-07-18 09:43:13
3460000,346000004720240001,2024-05-03,,영업/정상,,,,,0,,42087,대구곤충마트,I,000,2026-01-13 17:55:03,"대구광역시 수성구 범어로**길 **, *층 (범어동)",,정상,0000,01,,347594.397891139    ,263193.865416816    ,대구광역시 수성구 범어동 ***-* ,2024-05-03 13:13:11
3460000,346000004720190041,2019-10-31,,취소/말소/만료/정지/중지,2025-10-29,,,,0,,42267,동행 Project,I,L00,2026-01-13 17:55:03,대구광역시 수성구 천을로**길 ** (매호동),,말소,0004,04,0537933060,353963.352240142    ,262007.95052676     ,대구광역시 수성구 매호동 ***-* ,2025-10-29 11:17:56
3460000,346000004720200043,2020-12-17,,폐업,2022-06-09,,,,0,,42068,체리 퍼피앤캣,I,000,2026-01-13 17:55:03,대구광역시 수성구 달구벌대로***길 **-** (만촌동),,폐업,0002,03,,348843.126874767    ,263138.416617985    ,대구광역시 수성구 만촌동 ***-** ,2022-06-09 18:26:35
3460000,346000004720200039,2020-12-02,,폐업,2023-03-20,,,,0,,42265,바른생활 고양이,I,000,2026-01-13 17:55:03,"대구광역시 수성구 천을로 ***-*, *층 (매호동)",,폐업,0002,03,,354331.06211235     ,261766.56913841     ,대구광역시 수성구 매호동 ***-* ,2023-03-20 17:20:48
3460000,346000004720190042,2019-12-02,,폐업,2021-12-09,,,,0,,42156,토끼야 놀자,I,000,2026-01-13 17:55:03,대구광역시 수성구 청수로 ** (중동),,폐업,0002,03,,345489.114959581    ,261240.225362894    ,대구광역시 수성구 중동 ***-* ,2022-04-28 18:10:25
3470000,347000004720260001,2026-01-28,,영업/정상,,,,,0,,42690,MEOW,I,000,2026-04-01 23:17:41,"대구광역시 달서구 용산로**길 **, ***동 *층 ***호 (장기동, 죽전역코오롱하늘채)",,정상,0000,01,,338594.298507525    ,261388.740669915    ,대구광역시 달서구 장기동 *** 죽전역코오롱하늘채 ,2026-01-28 09:58:06
3470000,347000004720180079,2018-09-25,,영업/정상,,,,,0,,42608,아이러브독도,I,000,2026-04-01 23:17:40,"대구광역시 달서구 서당로*길 **, *층 (신당동)",,정상,0000,01,0532853434,334785.333195964    ,262777.401587581    ,"대구광역시 달서구 신당동 ****-* , *층 ",2022-04-28 18:10:18
3470000,347000004720180006,2018-04-24,,영업/정상,,,,,0,,42667,캣월드,I,000,2026-04-01 23:17:38,"대구광역시 달서구 파도고개로 ***, *층 (두류동)",,정상,0000,01,,341513.248391903    ,262859.379578618    ,대구광역시 달서구 두류동 ***-** *층 ,2025-07-14 11:04:01
3470000,347000004720180014,2018-05-03,,폐업,2019-01-07,,,,0,,42754,러블리독,I,000,2026-04-01 23:17:39,"대구광역시 달서구 조암로 **, 원더풀스파랜드 ***호 (월성동)",,폐업,0002,03,0536420010,337664.94747435     ,259315.187175902    ,대구광역시 달서구 월성동 ****-* 원더풀스파랜드 ***호,2022-04-28 18:10:14
3470000,347000004720230001,2023-03-20,,폐업,2024-07-22,,,,0,,42645,멍뭉,I,000,2026-04-01 23:17:41,"대구광역시 달서구 당산로 ***, *층 (두류동)",,폐업,0002,03,,339811.200653685    ,262615.570449284    ,대구광역시 달서구 두류동 ***-** ,2024-07-22 16:11:29
3470000,347000004720180042,2018-07-19,,폐업,2021-11-26,,,,0,,42758,디어마이도그,I,000,2026-04-01 23:17:39,"대구광역시 달서구 조암로 *, 테라스빌딩 ***호 (월성동)",,폐업,0002,03,07088058542,338090.764412962    ,259430.140944248    ,대구광역시 달서구 월성동 **** 테라스빌딩 ***호,2022-04-28 18:10:16
3480000,348000004720240001,2024-04-26,,영업/정상,,,,,0,,42935,냥이랑,I,000,2026-01-13 17:53:03,"대구광역시 달성군 가창면 가창로***길 **, 가창빌딩 *층",,정상,0000,01,,346676.914111301    ,257185.595342172    ,대구광역시 달성군 가창면 용계리 **-* 가창빌딩 ,2024-04-26 17:36:32
3480000,348000004720260001,2026-03-17,,영업/정상,,,,,0,,42977,하이 주주,I,000,2026-03-18 22:02:51,대구광역시 달성군 옥포읍 용연사길 **-**,,정상,0000,01,,335978.008813189    ,251094.55637631     ,대구광역시 달성군 옥포읍 반송리 *** ,2026-03-17 11:40:52
3480000,348000004720200010,2020-07-10,,폐업,2022-12-31,,,,0,,42921,퍼피솔루션,I,000,2026-01-13 17:53:03,"대구광역시 달성군 다사읍 세천로*길 **, *층 ***호",,폐업,0002,03,,332835.99177483     ,264542.84545048     ,대구광역시 달성군 다사읍 세천리 ****-* *층 ***호,2023-01-03 10:05:02
3490000,349000004720250001,2025-07-14,,영업/정상,,,,,0,,22303,와일드벅스,I,L00,2026-03-26 22:33:04,인천광역시 중구 월미로 *** (북성동*가),,정상,0000,01,07077781000,164480.882993462    ,441654.321883018    ,인천광역시 중구 북성동*가 **-*** ,2025-07-14 13:57:36
3490000,349000004720230001,2023-06-18,,영업/정상,,,,,0,,22397,토끼야 놀자(영종하늘도시점),I,000,2026-03-26 22:33:04,"인천광역시 중구 하늘중앙로***번길 **, 하늘프라자 ***호 (중산동)",,정상,0000,01,,161209.575          ,443093.855          ,인천광역시 중구 중산동 ****-* 하늘프라자 ,2024-03-12 13:26:50
3490000,349000004720240001,2024-06-20,,영업/정상,,,,,0,,22402,크레이쥬,I,000,2026-03-26 22:33:04,"인천광역시 중구 하늘중앙로***번길 **, 정인타워 ***, ***호 (중산동)",,정상,0000,01,,160883.371976191    ,442903.611178162    ,인천광역시 중구 중산동 ****-* 정인타워 ,2024-06-20 15:25:17
3490000,349000004720180020,2018-08-31,,취소/말소/만료/정지/중지,2024-01-02,,,,0,,22402,우프우프,I,000,2026-03-26 22:33:04,"인천광역시 중구 하늘달빛로**번길 *-*, 스카이 메디컬 프라자 ***호 (중산동)",,말소,0004,04,0327528588,161058.9204141      ,442707.98340229     ,인천광역시 중구 중산동 ****-* 스카이 메디컬 프라자 ,2024-03-18 14:57:45
3510500,351050004720210009,2021-04-15,,영업/정상,,,,,0,,22170,봉봉애견카페호텔,I,000,2026-03-26 22:33:07,"인천광역시 미추홀구 경인로 **, 숭의빌딩 ***호 (숭의동)",,정상,0000,01,,168607.661317952    ,440228.643107147    ,인천광역시 미추홀구 숭의동 ***-** 숭의빌딩 ,2022-04-28 18:11:15
3510500,351050004720200023,2020-10-28,,취소/말소/만료/정지/중지,2023-09-28,,,,0,,22142,멍튜브,I,000,2026-03-26 22:33:07,"인천광역시 미추홀구 주안로***번길 **-*, *층 (주안동)",,말소,0004,04,07075434208,172854.575598887    ,440234.084573734    ,인천광역시 미추홀구 주안동 **-* 그린부페웨딩홀 ,2023-09-28 15:45:47
3510500,351050004720240001,2024-07-15,,영업/정상,,,,,0,,22101,야옹이를 부탁해(BUTACAT) 앨리웨이 인천점,I,000,2026-03-26 22:33:07,"인천광역시 미추홀구 숙골로**번길 **, *층 **~**호 (도화동, 더샵 인천스카이타워 *단지)",,정상,0000,01,,170309.660233767    ,440927.748196756    ,인천광역시 미추홀구 도화동 **** 더샵 인천스카이타워 *단지 ,2025-09-23 10:49:53
3510500,351050004720210010,2021-04-28,,폐업,2023-02-06,,,,0,,22114,개떼라떼,I,000,2026-03-26 22:33:07,"인천광역시 미추홀구 숙골로 ***, 스카이프라자* ***호,***호 (도화동)",,폐업,0002,03,,170014.558582337    ,441184.31681253     ,인천광역시 미추홀구 도화동 ****-* 스카이프라자* ,2023-02-06 13:15:49
3510500,351000004720180016,2018-06-22,,폐업,2022-12-07,,,,0,,22141,캣썸플레이스,I,000,2026-03-26 22:33:03,"인천광역시 미추홀구 경인로 ***, *층 (주안동)",,폐업,0002,03,,172316.868896155    ,439615.46154256     ,인천광역시 미추홀구 주안동 ****-* ,2022-12-07 11:06:20
3510500,351050004720220001,2022-08-30,,영업/정상,,,,,0,,22207,고양이 자리,I,000,2026-03-26 22:33:07,"인천광역시 미추홀구 경인남길**번길 **, *층 (용현동)",,정상,0000,01,,169587.929253468    ,438885.857349946    ,인천광역시 미추홀구 용현동 ***-** ,2022-08-30 10:08:11
3520000,352000004720190018,2019-07-08,,폐업,2024-12-29,,,,0,,21919,멍멍으르렁컹컹 부대찌개,I,000,2026-03-26 22:34:26,"인천광역시 연수구 새말로 **, 태원빌딩오피스텔 *층 (연수동)",,폐업,0002,03,,171487.37           ,435257.025          ,인천광역시 연수구 연수동 ***-* 태원빌딩오피스텔 ,2024-12-31 11:11:54
3520000,352000004720180016,2018-06-12,,폐업,2019-08-30,,,,0,,22003,피터펫 애견카페,I,000,2026-03-26 22:34:26,"인천광역시 연수구 센트럴로 ***, A동 *층 ***호 (송도동, 송도센트럴파크푸르지오)",,폐업,0002,03,0328328220,168405.695874811    ,432336.114528429    ,인천광역시 연수구 송도동 **-* 송도센트럴파크푸르지오 ,2022-04-28 18:11:23
3520000,352000004720180009,2018-04-30,,폐업,2021-09-28,,,,0,,21995,마리앤쥬(ZOO),I,000,2026-03-26 22:34:26,"인천광역시 연수구 신송로***번길 **, 아크리아 ***호 (송도동)",,폐업,0002,03,0328315437,169034.025271855    ,432560.215153888    ,인천광역시 연수구 송도동 *-* 아크리아 ,2022-04-28 18:11:22
3520000,352000004720250001,2025-12-24,,영업/정상,,,,,0,,21988,애니멀클럽 송도점,I,000,2026-03-26 22:34:26,"인천광역시 연수구 송도미래로 *, 비알씨(주) 연구소 *동 *층 ***~***호 (송도동)",,정상,0000,01,,168648.098572795    ,429896.253273978    ,인천광역시 연수구 송도동 ***-* 비알씨(주) 연구소 ,2025-12-26 09:23:54
3520000,352000004720200014,2020-08-20,,폐업,2022-09-30,,,,0,,21927,고양이자리,I,000,2026-03-26 22:34:26,"인천광역시 연수구 먼우금로***번길 **, 이리옴*빌딩 ***-*호 (연수동)",,폐업,0002,03,,171291.980037048    ,434637.680459609    ,인천광역시 연수구 연수동 ***-* 이리옴*빌딩 ***-*호,2023-01-04 14:00:22
3520000,352000004720230001,2023-01-04,,영업/정상,,,,,0,,21995,도그의 하루,I,000,2026-03-26 22:34:26,"인천광역시 연수구 컨벤시아대로 **, 드림시티 ***호 (송도동)",,정상,0000,01,0325411565,168950.36271031     ,432597.078074858    ,인천광역시 연수구 송도동 *-* 드림시티 ***호,2023-01-04 16:27:03
3520000,352000004720260001,2026-02-10,,영업/정상,,,,,0,,21943,마마스캣카페,I,000,2026-03-26 22:34:26,"인천광역시 연수구 청량로**번길 **-**, *층 (동춘동)",,정상,0000,01,,169645.290254456    ,434886.01666172     ,인천광역시 연수구 동춘동 ***-* ,2026-02-10 10:32:27
3520000,352000004720240001,2024-06-19,,영업/정상,,,,,0,,21929,야옹아 놀자,I,000,2026-03-26 22:34:26,인천광역시 연수구 샘말로*번길 *-* (연수동),,정상,0000,01,,171457.043324562    ,434497.860166823    ,인천광역시 연수구 연수동 ***-* ,2024-12-19 16:07:48
3530000,353000004720210007,2021-01-28,,폐업,2022-12-09,,,,0,,21614,멍머니,I,000,2026-01-13 18:22:35,"인천광역시 남동구 서창남순환로***번길 **, 리치프라자 ***호 (서창동)",,폐업,0002,03,,177600.064327611    ,435984.11123182     ,인천광역시 남동구 서창동 *** 리치프라자 ***호,2022-12-09 17:11:15
3530000,353000004720220005,2022-01-18,,폐업,2022-09-30,,,,0,,21666,우주냥 캣카페,I,000,2026-01-13 18:22:35,"인천광역시 남동구 청능대로***번길 **, 성지타워 *층 (논현동)",,폐업,0002,03,0324328168,175565.987308221    ,433375.458948483    ,인천광역시 남동구 논현동 ***-* 성지타워 *층 ,2022-09-30 17:24:59
3530000,353000004720230001,2023-03-06,,폐업,2025-12-15,,,,0,,21653,약지애견카페,I,000,2026-01-13 18:22:35,"인천광역시 남동구 논고개로***번길 **, *층 ***호 (논현동)",,폐업,0002,03,,175322.829762396    ,433304.243386176    ,인천광역시 남동구 논현동 ***-* ,2025-12-30 11:46:39
3530000,353000004720190024,2019-05-17,,영업/정상,,,,,0,,21530,인천개공원 카페,I,000,2026-01-13 18:22:35,인천광역시 남동구 무네미로 ***-** (장수동),,정상,0000,01,0324616021,177549.648639827    ,439337.523586768    ,인천광역시 남동구 장수동 ***-* ,2022-04-28 18:11:29
3530000,353000004720200021,2020-06-24,,영업/정상,,,,,0,,21585,랙돌카페냐옹,I,000,2026-01-13 18:22:35,"인천광역시 남동구 인하로 ***, *층 ***호 (구월동)",,정상,0000,01,,174889.86592457     ,437925.748857142    ,인천광역시 남동구 구월동 ****-* ,2024-12-18 11:20:23
3530000,353000004720220006,2022-11-13,,영업/정상,,,,,0,,21585,쥬니멀 전시장,I,L00,2026-01-13 18:22:35,"인천광역시 남동구 인하로 ***, *층 (구월동)",,정상,0000,01,0324715948,174856.456713326    ,437925.749063901    ,인천광역시 남동구 구월동 ****-* ,2025-11-06 16:31:45
3530000,353000004720230002,2023-10-05,,영업/정상,,,,,0,,21617,고양이카페,I,000,2026-01-13 18:22:35,"인천광역시 남동구 서창남로 **, *층 ***호 (서창동)",,정상,0000,01,,177851.981044956    ,435666.242505169    ,인천광역시 남동구 서창동 ***-* ,2024-12-11 11:46:47
3530000,353000004720240001,2024-05-30,,영업/정상,,,,,0,,21617,도그힐링 상주견카페,I,000,2026-01-13 18:22:35,"인천광역시 남동구 서창남로 **, *층 ***호 (서창동)",,정상,0000,01,,177851.981044956    ,435666.242505169    ,인천광역시 남동구 서창동 ***-* ,2025-11-17 09:25:20
3530000,353000004720240002,2024-07-26,,영업/정상,,,,,0,,21617,쥬벅스,I,000,2026-01-13 18:22:35,"인천광역시 남동구 서창남순환로***번길 **, *층 ***,***호 (서창동)",,정상,0000,01,,177695.678468692    ,435705.540801456    ,인천광역시 남동구 서창동 ***-* ,2025-08-01 13:47:23
3530000,353000004720250001,2025-12-10,,영업/정상,,,,,0,,21653,약지상주견애견카페,I,000,2026-01-13 18:22:35,"인천광역시 남동구 논고개로***번길 **, 칼리오페 ***호 (논현동)",,정상,0000,01,,175322.829762396    ,433304.243386176    ,인천광역시 남동구 논현동 ***-* 칼리오페 ***호,2025-12-12 13:08:50
3530000,353000004720180007,2018-04-17,,폐업,2023-12-26,,,,0,,21521,도그아지트,I,000,2026-01-13 18:22:35,"인천광역시 남동구 만수로***번길 **, *층 (만수동)",,폐업,0002,03,0322124586,176662.269445794    ,440403.597686559    ,인천광역시 남동구 만수동 *-*** *층 ,2023-12-26 15:11:34
3530000,353000004720180038,2018-07-03,,폐업,2021-12-29,,,,0,,21594,쓰담쓰담애견카페,I,000,2026-01-13 18:22:35,"인천광역시 남동구 장승남로 **-*, 에메랄드프라자 *층 (만수동)",,폐업,0002,03,,176657.75           ,437979.5            ,인천광역시 남동구 만수동 ****-* 에메랄드프라자 *층 ,2022-04-28 18:11:19
3530000,353000004720180059,2018-08-31,,폐업,2019-05-03,,,,0,,21659,요미독 인천논현점,I,000,2026-01-13 18:22:35,"인천광역시 남동구 은봉로***번길 **-**, ***호 (논현동)",,폐업,0002,03,0324410605,175644.53206403     ,433636.491219967    ,인천광역시 남동구 논현동 ***-** ***호,2022-04-28 18:11:20
3530000,353000004720180096,2018-09-20,,폐업,2021-02-24,,,,0,,21666,하이바이펫,I,000,2026-01-13 18:22:35,"인천광역시 남동구 청능대로***번길 **, 성지타워 *층 (논현동)",,폐업,0002,03,0324322168,175565.987308221    ,433375.458948483    ,인천광역시 남동구 논현동 ***-* 성지타워 *층 ,2022-04-28 18:11:23
3530000,353000004720180117,2018-10-02,,폐업,2023-08-22,,,,0,,21558,멍집사,I,000,2026-01-13 18:22:35,"인천광역시 남동구 예술로 ***, 구월중앙프라자 B동 ***호 (구월동)",,폐업,0002,03,0324221990,173562.342361512    ,438962.818123843    ,인천광역시 남동구 구월동 ****-* 구월중앙프라자 B동 ***호,2023-08-22 09:57:37
3530000,353000004720180163,2018-11-28,,폐업,2021-01-15,,,,0,,21583,펫셔니스타,I,000,2026-01-13 18:22:35,"인천광역시 남동구 선수촌공원로 **, ***,***,***,***호 (구월동, 두플라스(도생*))",,폐업,0002,03,0324661847,174319.159975036    ,437721.254075547    ,"인천광역시 남동구 구월동 **** 두플라스(도생*) ***,***,***, ***호",2022-04-28 18:11:27
3530000,353000004720180166,2018-11-29,,폐업,2024-01-19,,,,0,,21548,리틀독,I,000,2026-01-13 18:22:35,"인천광역시 남동구 석산로***번길 *, *층 (간석동)",,폐업,0002,03,,174503.064774095    ,439850.426135037    ,인천광역시 남동구 간석동 ***-* *층 ,2024-01-19 17:11:28
3530000,353000004720190019,2019-04-24,,폐업,2023-11-27,,,,0,,21653,화이트 요가냥,I,000,2026-01-13 18:22:35,"인천광역시 남동구 논고개로***번길 **, ***호 (논현동)",,폐업,0002,03,0324235511,175411.593577176    ,433323.533492479    ,인천광역시 남동구 논현동 ***-* ***호,2023-11-27 15:17:16
3530000,353000004720190041,2019-09-11,,폐업,2022-12-14,,,,0,,21669,새로,I,000,2026-01-13 18:22:35,"인천광역시 남동구 포구로 **, B동 *층 (논현동)",,폐업,0002,03,,176539.047216455    ,433674.434074198    ,인천광역시 남동구 논현동 ***-** B동 *층 ,2022-12-14 10:46:24
3530000,353000004720200032,2020-11-16,,폐업,2025-10-14,,,,0,,21574,도도한고양이,I,000,2026-01-13 18:22:35,"인천광역시 남동구 인하로***번길 **, 로데오프라자** ***호 (구월동)",,폐업,0002,03,0324338584,173514.91700388     ,438120.618019466    ,인천광역시 남동구 구월동 ****-* 로데오프라자** ***호,2025-10-14 15:16:55
3540000,354000004720220001,2022-06-13,,영업/정상,,,,,0,,21447,아틀리독,I,000,2026-01-13 18:24:04,"인천광역시 부평구 함봉로**번길 **-**, *층 (십정동)",,정상,0000,01,0325724903,173166.946043832    ,442320.381436553    ,인천광역시 부평구 십정동 *** *층 ,2022-06-13 19:26:56
3540000,354000004720250001,2025-09-08,,영업/정상,,,,,0,,21335,댕냥이네,I,000,2026-01-13 18:24:04,"인천광역시 부평구 갈월서로 **, 상가동 *층 (갈산동, 하나아파트)",,정상,0000,01,,175396.102784921    ,445417.212479344    ,인천광역시 부평구 갈산동 *** 하나아파트 ,2025-09-08 09:59:32
3540000,354000004720190005,2019-02-22,,폐업,2021-12-31,,,,0,,21394,마리레시피&amp;치치,I,000,2026-01-13 18:24:04,"인천광역시 부평구 부평대로 *, 대신스카이프라자 B**호 (부평동)",,폐업,0002,03,0325055437,175485.832125716    ,443359.027528686    ,인천광역시 부평구 부평동 ***-* 대신스카이프라자 B**호,2022-04-28 18:11:23
3540000,354000004720200007,2020-02-19,,폐업,2020-08-11,,,,0,,21388,캐츠도그,I,000,2026-01-13 18:24:04,"인천광역시 부평구 부흥로 ***, 동아웰빙타운 **층 ****호 (부평동)",,폐업,0002,03,,175265.774617845    ,444049.967663322    ,인천광역시 부평구 부평동 ***-** 동아웰빙타운 ****호,2022-04-28 18:11:25
3540000,354000004720200009,2020-02-28,,폐업,2023-05-31,,,,0,,21426,반려스타,I,000,2026-01-13 18:24:04,"인천광역시 부평구 경인로****번길 **, 지하층 (부개동)",,폐업,0002,03,,176234.879961715    ,442604.586131391    ,인천광역시 부평구 부개동 ***-* ,2023-05-31 16:33:25
3540000,354000004720180074,2018-11-02,,취소/말소/만료/정지/중지,2023-06-30,,,,0,,21364,오구구,I,000,2026-01-13 18:24:04,"인천광역시 부평구 부평대로***번길 **, *층 (부평동)",,말소,0004,04,,175162.829791522    ,444894.218457854    ,인천광역시 부평구 부평동 ***-** ,2023-07-01 09:48:09
3540000,354000004720220002,2022-12-06,,폐업,2023-04-25,,,,0,,21352,냥아치들,I,000,2026-01-13 18:24:04,"인천광역시 부평구 길주남로 ***, *층 (부개동)",,폐업,0002,03,,176423.578016003    ,444662.138482749    ,인천광역시 부평구 부개동 **-*** *층 ,2023-04-25 16:15:10
3540000,354000004720230001,2023-11-08,,폐업,2024-07-03,,,,0,,21352,아 건,I,000,2026-01-13 18:24:04,"인천광역시 부평구 길주남로 ***, *층 (부개동)",,폐업,0002,03,,176423.578016003    ,444662.138482749    ,인천광역시 부평구 부개동 **-*** *층 ,2024-07-03 14:11:19
3540000,354000004720180051,2018-07-27,,폐업,2023-05-31,,,,0,,21394,펫톡 애견카페,I,000,2026-01-13 18:24:04,"인천광역시 부평구 부평문화로 **-*, *층 (부평동)",,폐업,0002,03,07077676021,175520.412395614    ,443554.485685913    ,인천광역시 부평구 부평동 ***-** *층 ,2023-06-05 16:31:31
3540000,354000004720180077,2018-11-06,,폐업,2023-05-26,,,,0,,21318,킹더도그,I,000,2026-01-13 18:24:04,"인천광역시 부평구 후정동로 **, *층 (삼산동)",,폐업,0002,03,,176747.850478142    ,446318.206192238    ,인천광역시 부평구 삼산동 ***-* ,2023-05-30 09:35:49
3540000,354000004720200033,2020-11-16,,폐업,2025-04-02,,,,0,,21440,고양이발자국,I,000,2026-01-13 18:24:04,"인천광역시 부평구 마장로 **, *층 (십정동)",,폐업,0002,03,,174084.582641771    ,442577.580114283    ,인천광역시 부평구 십정동 ***-** 창신빌딩 ,2025-04-02 14:06:32
3550000,355000004720190014,2019-07-12,,취소/말소/만료/정지/중지,2025-06-30,,,,0,,21040,개인생활펫,I,000,2026-01-13 18:22:03,"인천광역시 계양구 하느재로 **, 나드리상가 *층 (계산동)",,말소,0004,04,,175658.268315376    ,449209.149467316    ,인천광역시 계양구 계산동 ***-** 나드리상가 ,2025-07-01 10:50:21
3550000,355000004720200002,2020-01-07,,폐업,2023-01-10,,,,0,,21033,미니몬스터,I,000,2026-01-13 18:22:03,"인천광역시 계양구 계양산로 ***, 지하*층 (임학동)",,폐업,0002,03,,176640.238614939    ,449492.988712646    ,인천광역시 계양구 임학동 **-* ,2023-01-10 13:31:54
3550000,355000004720180037,2018-11-02,,폐업,2019-12-31,,,,0,,21118,두근두근펫카페,I,000,2026-01-13 18:22:03,"인천광역시 계양구 아나지로 ***, *층 (작전동)",,폐업,0002,03,,176114.824512262    ,447137.570329776    ,인천광역시 계양구 작전동 ***-* *층 ,2022-04-28 18:11:13
3550000,355000004720200003,2020-01-13,,영업/정상,,,,,0,,21068,라쿤브라더스,I,000,2026-01-13 18:22:03,"인천광역시 계양구 계양문화로**번길 *, *층 ***호 (계산동)",,정상,0000,01,0325554902,176607.917644106    ,448226.89100407     ,인천광역시 계양구 계산동 ****-* ***호,2022-04-28 18:11:14
3550000,355000004720200006,2020-06-08,,폐업,2023-07-07,,,,0,,21053,작은숲,I,000,2026-01-13 18:22:03,"인천광역시 계양구 계산천동로 *, *층 (계산동)",,폐업,0002,03,,175458.952834813    ,448617.510407473    ,인천광역시 계양구 계산동 ***-** ,2023-07-10 13:13:08
3550000,355000004720250001,2025-04-17,,영업/정상,,,,,0,,21034,노라조 야옹아,I,000,2026-01-13 18:22:03,"인천광역시 계양구 장제로 ***, *층 (임학동)",,정상,0000,01,,176731.11140243     ,449120.841180771    ,인천광역시 계양구 임학동 **-** ,2025-04-17 09:38:33
3550000,355000004720190019,2019-12-20,,영업/정상,,,,,0,,21047,묘랑 고양이 카페,I,000,2026-01-13 18:22:03,"인천광역시 계양구 계양대로**번길 *, *층 (작전동)",,정상,0000,01,,175338.009823053    ,447773.241216256    ,인천광역시 계양구 작전동 ***-** ,2022-04-28 18:11:14
3550000,355000004720180021,2018-08-17,,폐업,2023-05-16,,,,0,,21094,도로시지켜줄개,I,000,2026-01-13 18:22:03,"인천광역시 계양구 안남로 ***, A동 ***호 (효성동)",,폐업,0002,03,,174338.867144799    ,448053.2428338      ,인천광역시 계양구 효성동 **-** A동 ***호,2023-05-17 11:13:29
3560000,356000004720200036,2020-12-02,,취소/말소/만료/정지/중지,2025-11-05,,,,0,,22642,포근하개,I,000,2026-03-26 22:33:11,"인천광역시 서구 완정로 **, ***~***호 (마전동, 마전 예뜰채)",,말소,0004,04,,170878.755545063    ,454872.438868912    ,인천광역시 서구 마전동 ****-* 마전 예뜰채 ,2025-11-05 11:43:35
3560000,356000004720190031,2019-09-25,,폐업,2023-12-30,,,,0,,22731,똑똑개세요,I,000,2026-03-26 22:33:11,"인천광역시 서구 염곡로***번안길 **, 청담프라자 ***호 (가정동)",,폐업,0002,03,,170872.880876423    ,447315.174580266    ,인천광역시 서구 가정동 ***-** 청담프라자 ,2024-01-05 10:22:52
3560000,356000004720200010,2020-05-26,,취소/말소/만료/정지/중지,2025-02-11,,,,0,,22738,그린도그 청라점,I,000,2026-03-26 22:33:11,"인천광역시 서구 청라에메랄드로 **, 커낼에비뉴 A동 **호 (청라동)",,말소,0004,04,,169500              ,447843.875          ,인천광역시 서구 청라동 ***-** ,2025-02-14 15:03:09
3560000,356000004720190028,2019-07-25,,폐업,2022-03-03,,,,0,,22731,카페왈,I,000,2026-03-26 22:33:11,"인천광역시 서구 염곡로***번길 *, *층 (가정동)",,폐업,0002,03,,170757.722122523    ,447503.292418171    ,인천광역시 서구 가정동 ***-* ,2022-04-28 18:11:32
3560000,356000004720190020,2019-07-04,,폐업,2021-12-01,,,,0,,22766,KOZIT,I,000,2026-03-26 22:33:11,"인천광역시 서구 보석로**번길 **, *층 (청라동)",,폐업,0002,03,,166836.45           ,446667.92           ,인천광역시 서구 청라동 ***-*** ,2022-04-28 18:11:32
3560000,356000004720190015,2019-05-03,,폐업,2023-12-26,,,,0,,22794,멍글팩토리,I,000,2026-03-26 22:33:11,"인천광역시 서구 거북로 **, *층 (석남동)",,폐업,0002,03,,170134.389343866    ,444614.700589944    ,인천광역시 서구 석남동 ***-*** ,2023-12-26 14:34:27
3560000,356000004720210004,2021-01-25,,폐업,2025-03-19,,,,0,,22806,옥자네애견카페 유치원 호텔 미용,I,000,2026-03-26 22:33:11,"인천광역시 서구 원적로 ***-*, *층 (가좌동)",,폐업,0002,03,,172165.100920442    ,444090.462496924    ,인천광역시 서구 가좌동 **-* ,2025-03-19 17:34:38
3560000,356000004720200027,2020-10-21,,폐업,2021-12-09,,,,0,,22821,주스주스,I,000,2026-03-26 22:33:11,"인천광역시 서구 장고개로 ***, *층 (가좌동)",,폐업,0002,03,,171881.131549656    ,442946.474718557    ,인천광역시 서구 가좌동 ***-* ,2022-12-12 09:44:13
3560000,356000004720200003,2020-02-07,,폐업,2023-12-27,,,,0,,22765,제이블랑,I,000,2026-03-26 22:33:11,인천광역시 서구 푸른로**번길 ** (청라동),,폐업,0002,03,,167332.196961928    ,446997.745820376    ,인천광역시 서구 청라동 ***-** ,2023-12-27 10:45:11
3560000,356000004720180070,2018-11-06,,폐업,2025-12-31,,,,0,,22766,꽁지,I,000,2026-03-26 22:33:11,"인천광역시 서구 보석로**번안길 **-*, JJ하우스 *층 (청라동)",,폐업,0002,03,,166855.373058278    ,446695.673958271    ,인천광역시 서구 청라동 ***-*** JJ하우스 *층 ,2025-12-31 16:53:33
3560000,356000004720220012,2022-03-21,,영업/정상,,,,,0,,22865,핀 독,I,000,2026-03-26 22:33:11,"인천광역시 서구 이음*로 **, 새샘프라자 *층 ***,***호 (원당동)",,정상,0000,01,,,,인천광역시 서구 원당동 ****-* 새샘프라자 ,2022-04-28 18:11:42
3560000,356000004720250001,2025-01-13,,영업/정상,,,,,0,,22776,캣플헤븐 엘리스빌 인천서구점,I,000,2026-03-26 22:33:11,"인천광역시 서구 서곶로 **, **~**호 (가정동, 루원 린스트라우스 더 린시티)",,정상,0000,01,,,,인천광역시 서구 가정동 * 루원 린스트라우스 더 린시티 ,2025-01-13 16:06:19
3560000,356000004720250002,2025-07-24,,영업/정상,,,,,0,,22758,묘하당,I,000,2026-03-26 22:33:11,"인천광역시 서구 청라한내로**번길 *-**, 리버사이드 크루즈몰 ***호 (청라동)",,정상,0000,01,,167265.783013574    ,447876.291285529    ,인천광역시 서구 청라동 **-** 리버사이드 크루즈몰 ,2025-07-24 10:05:27
3560000,356000004720250003,2025-10-27,,영업/정상,,,,,0,,22677,캣브리지,I,000,2026-03-26 22:33:11,"인천광역시 서구 원당대로 ***-*, *층 (당하동)",,정상,0000,01,,171185.16292754     ,454605.955227025    ,인천광역시 서구 당하동 ****-* ,2025-10-27 10:35:07
3560000,356000004720260001,2026-01-21,,영업/정상,,,,,0,,22758,품 강아지 고양이 입양 보호 카페 호텔,I,000,2026-03-26 22:33:11,"인천광역시 서구 청라한내로**번길 **, 청라 큐브시그니처 *차 오피스텔 *층 (청라동)",,정상,0000,01,,167180.814619521    ,447818.769550971    ,인천광역시 서구 청라동 **-* 청라 큐브시그니처 *차 오피스텔 ,2026-01-21 10:05:43
3560000,356000004720180065,2018-10-17,,취소/말소/만료/정지/중지,2025-11-05,,,,0,,22738,이카루스 팩토리,I,000,2026-03-26 22:33:11,"인천광역시 서구 청라에메랄드로 **, 지젤엠청라 지하*층 (청라동)",,말소,0004,04,,169500              ,447993.88           ,인천광역시 서구 청라동 ***-** 지젤엠청라 지하*층 ,2025-11-05 11:43:09
3560000,356000004720180004,2018-04-09,,취소/말소/만료/정지/중지,2025-02-11,,,,0,,22733,스퀘어독스,I,000,2026-03-26 22:33:10,"인천광역시 서구 담지로*번길 **, *층 (연희동)",,말소,0004,04,0325681063,169954.955          ,447670.33           ,인천광역시 서구 연희동 ***-** ,2025-02-14 14:52:49
3560000,356000004720180009,2018-04-13,,폐업,2024-04-09,,,,0,,22807,놀아주시개,I,000,2026-03-26 22:33:11,"인천광역시 서구 건지로 ***, *,*층 (가좌동)",,폐업,0002,03,,172080.966807669    ,443810.374527529    ,인천광역시 서구 가좌동 **-** ,2024-04-09 10:04:23
3560000,356000004720180019,2018-05-17,,폐업,2019-06-11,,,,0,,22765,라카포,I,000,2026-03-26 22:33:11,인천광역시 서구 푸른로**번길 ** (경서동),,폐업,0002,03,,167146.66207417     ,446901.6536964      ,인천광역시 서구 경서동 ***-*** ,2022-04-28 18:11:25
3560000,356000004720180062,2018-10-01,,폐업,2019-07-25,,,,0,,22736,카페왈,I,000,2026-03-26 22:33:11,"인천광역시 서구 중봉대로***번길 **-**, 청라프라자 *층 (청라동)",,폐업,0002,03,0325687757,169173.79           ,447961.405          ,인천광역시 서구 청라동 ***-* 청라프라자 *층 ,2022-04-28 18:11:29
3560000,356000004720190005,2019-01-22,,폐업,2025-02-11,,,,0,,22752,"아토,사랑스러워",I,000,2026-03-26 22:33:11,"인천광역시 서구 청라한내로***번길 *-*, *층 (청라동)",,폐업,0002,03,,167059.704621943    ,448636.190655921    ,인천광역시 서구 청라동 **-* *층 ,2025-02-11 15:54:46
3570000,357000004720180017,2018-04-06,,폐업,2024-02-16,,,,0,,23016,고양이다방,I,000,2026-01-13 18:21:32,인천광역시 강화군 하점면 강화서로 ***,,폐업,0002,03,,145887.371643249    ,472132.798630068    ,인천광역시 강화군 하점면 망월리 ***-* ,2024-02-16 09:10:35
3570000,357000004720180026,2018-11-13,,폐업,2022-01-20,,,,0,,23054,러브독 애견카페,I,000,2026-01-13 18:21:32,인천광역시 강화군 내가면 강화서로 **,,폐업,0002,03,,145496.450754699    ,467306.285241455    ,인천광역시 강화군 내가면 외포리 ***-* ,2022-04-28 18:11:09
3580000,358000004720240001,2024-01-24,,영업/정상,,,,,0,,23119,냥냥이세상,I,000,2026-01-13 18:25:32,"인천광역시 옹진군 영흥면 영흥로 ***, *층",,정상,0000,01,,151925.78217029     ,417423.638751869    ,인천광역시 옹진군 영흥면 내리 ****-* 금강식당 ,2024-01-24 09:16:40
3580000,358000004720250001,2025-03-28,,영업/정상,,,,,0,,23119,주식회사 고양이역,I,L00,2026-01-13 18:25:32,인천광역시 옹진군 영흥면 영흥로***번길 **-**,,정상,0000,01,,154301.602774206    ,417118.065042033    ,인천광역시 옹진군 영흥면 내리 ***-* ,2025-03-28 20:53:53
3590000,359000004720180011,2018-08-14,,취소/말소/만료/정지/중지,2023-08-18,,,,0,,61484,꼬냥이까페,I,000,2026-01-13 17:50:03,"광주광역시 동구 서석로*번길 *-**, *층 (불로동)",,말소,0004,04,,192206.017584792    ,183005.272660644    ,광주광역시 동구 불로동 *-* ,2023-08-28 15:51:06
3590000,359000004720190008,2019-11-22,,취소/말소/만료/정지/중지,2024-04-25,,,,0,,61426,광주강아지분양 몽슈슈,I,000,2026-01-13 17:50:03,"광주광역시 동구 제봉로***번길 *, *층 (대인동)",,말소,0004,04,,192060.518838219    ,184004.846686887    ,광주광역시 동구 대인동 ***-** ,2024-04-29 17:32:38
3590000,359000004720180014,2018-09-21,,폐업,2024-06-14,,,,0,,61483,플라잉독,I,000,2026-01-13 17:50:03,"광주광역시 동구 충장로안길 **-*, *층 (황금동)",,폐업,0002,03,0622337772,192253.92651236     ,183151.248746332    ,광주광역시 동구 황금동 ** *층 ,2024-06-17 14:34:37
3590000,359000004720230001,2023-10-16,,영업/정상,,,,,0,,61483,코튼 벹,I,000,2026-01-13 17:50:03,"광주광역시 동구 충장로안길 **, *층 (황금동)",,정상,0000,01,0622249022,192401.848326734    ,183042.209689805    ,광주광역시 동구 황금동 **-* ,2023-10-16 11:27:57
3590000,359000004720180012,2018-08-20,,폐업,2020-03-31,,,,0,,61482,커피앤캣,I,000,2026-01-13 17:50:03,"광주광역시 동구 충장로 **-*, *층 (충장로*가)",,폐업,0002,03,,192412.513158196    ,183170.412679736    ,광주광역시 동구 충장로*가 *-** *층 ,2022-04-26 18:49:53
3590000,359000004720180017,2018-10-05,,폐업,2019-10-17,,,,0,,61434,묘한녀석들,I,000,2026-01-13 17:50:03,"광주광역시 동구 동계천로 ***-**, *층 (동명동)",,폐업,0002,03,0622332330,193091.944400805    ,183407.084911039    ,광주광역시 동구 동명동 ***-** *층 ,2022-04-26 18:49:53
3590000,359000004720260002,2026-03-30,,영업/정상,,,,,0,,61448,힐링냐옹이,I,000,2026-03-31 22:02:59,"광주광역시 동구 필문대로 ***, *층 (동명동)",,정상,0000,01,0627193051,193412.586336832    ,183191.421358356    ,광주광역시 동구 동명동 *** ,2026-03-30 13:36:46
3590000,359000004720260001,2026-02-12,,영업/정상,,,,,0,,61483,해피몽,I,000,2026-02-13 22:02:50,"광주광역시 동구 충장로 **-*, *,*층 (충장로*가)",,정상,0000,01,0622327979,192253.778683656    ,183252.652573048    ,광주광역시 동구 충장로*가 ** ,2026-02-12 15:26:13
3610000,361000004720190020,2019-09-04,,취소/말소/만료/정지/중지,2025-04-15,,,,0,,61619,샤인독,I,000,2026-04-01 22:03:35,"광주광역시 남구 월산로***번길 *, 하이트 *층 (월산동)",,말소,0004,04,,190358.919952367    ,183533.123721175    ,광주광역시 남구 월산동 ***-** 하이트 ,2025-04-15 10:58:19
3620000,362000004720250001,2025-02-10,,영업/정상,,,,,0,,61221,냥쿤하우스,I,000,2026-01-13 17:50:34,"광주광역시 북구 금호로 **, *층 (운암동)",,정상,0000,01,,189884.536437882    ,185888.58214983     ,광주광역시 북구 운암동 ***-* ,2025-02-10 14:32:24
3620000,362000004720180005,2018-05-02,,폐업,2023-04-01,,,,0,,61015,그루밍마벨,I,000,2026-01-13 17:50:34,"광주광역시 북구 하서로***번길 *, 지플레이스 *층 (본촌동)",,폐업,0002,03,,188777.899149539    ,190952.278216731    ,광주광역시 북구 본촌동 *** ,2023-04-04 11:22:44
3620000,362000004720200011,2020-06-24,,폐업,2025-06-19,,,,0,,61265,데일리펫 위드독스,I,000,2026-01-13 17:50:34,광주광역시 북구 북문대로***번길 ** (동림동),,폐업,0002,03,07041170918,187389.328489699    ,187375.280880455    ,광주광역시 북구 동림동 ***-* ,2025-06-19 13:38:25
3630000,363000004720240001,2024-04-12,,영업/정상,,,,,0,,62380,라이크캣,I,000,2026-04-01 22:04:06,"광주광역시 광산구 신흥동안길 **, *층, *층 (신촌동)",,정상,0000,01,,181716.380976539    ,182984.466385534    ,광주광역시 광산구 신촌동 ****-* 카페패션독 ,2025-08-14 13:04:44
3630000,363000004720250001,2025-01-06,,영업/정상,,,,,0,,62276,냥스테이 고양이 카페,I,000,2026-04-01 22:04:06,"광주광역시 광산구 첨단중앙로***번길 *, *층 (월계동)",,정상,0000,01,,185611.144242181    ,190837.211676396    ,광주광역시 광산구 월계동 ***-** ,2025-04-22 09:47:15
3630000,363000004720180101,2018-12-28,,영업/정상,,,,,0,,62225,냐옹냐옹고양이카페,I,000,2026-04-01 22:04:06,"광주광역시 광산구 장신로**번길 *-**, *층 (장덕동)",,정상,0000,01,,183382.722064572    ,187898.038042083    ,광주광역시 광산구 장덕동 **** ,2022-04-28 18:10:11
3630000,363000004720180034,2018-09-05,,폐업,2022-01-04,,,,0,,62408,독라이프,I,000,2026-04-01 22:04:06,광주광역시 광산구 대산로 ** (대산동),,폐업,0002,03,,170066.804154803    ,182074.97843674     ,광주광역시 광산구 대산동 ***-* ,2022-04-28 18:10:08
3630000,363000004720180033,2018-09-04,,폐업,2019-03-13,,,,0,,62278,메가펫,I,000,2026-04-01 22:04:06,"광주광역시 광산구 앰코로 **, 폭스존 *층 (쌍암동)",,폐업,0002,03,0629716649,186484.103902583    ,191340.95957597     ,광주광역시 광산구 쌍암동 ***-* 폭스존 ,2022-04-28 18:10:08
3630000,363000004720180061,2018-09-20,,폐업,2023-12-07,,,,0,,62454,큐독,I,000,2026-04-01 22:04:06,광주광역시 광산구 송대길 **-* (복룡동),,폐업,0002,03,,180037.750582112    ,180030.768144495    ,광주광역시 광산구 복룡동 ***-* ,2023-12-07 16:35:41
3630000,363000004720180058,2018-09-20,,폐업,2021-11-10,,,,0,,62460,빈티지399,I,000,2026-04-01 22:04:06,광주광역시 광산구 평동로 *** (용곡동),,폐업,0002,03,,176749.536243712    ,180822.506711288    ,광주광역시 광산구 용곡동 ***-* ,2022-04-28 18:10:09
3630000,363000004720180012,2018-05-31,,폐업,2020-12-17,,,,0,,62337,카페크흥,I,000,2026-04-01 22:04:06,광주광역시 광산구 하남대로**번안길 ***-* (하남동),,폐업,0002,03,,181545.662502002    ,186519.860676971    ,광주광역시 광산구 하남동 *** ,2022-04-28 18:10:07
3630000,363000004720180070,2018-10-02,,폐업,2020-09-25,,,,0,,62224,호야명품,I,000,2026-04-01 22:04:06,"광주광역시 광산구 풍영로***번길 *, *층 (장덕동)",,폐업,0002,03,,183080.243656317    ,188057.834025754    ,광주광역시 광산구 장덕동 **** ,2022-04-28 18:10:09
3630000,363000004720180094,2018-11-07,,폐업,2020-10-20,,,,0,,62298,멍뭉이네,I,000,2026-04-01 22:04:06,"광주광역시 광산구 신가삼효로 *-**, *층 (신가동)",,폐업,0002,03,,184706.6644526      ,187375.250339915    ,광주광역시 광산구 신가동 ***-* ,2022-04-28 18:10:11
3630000,363000004720190009,2019-04-10,,폐업,2020-12-31,,,,0,,62293,도그의 비발디,I,000,2026-04-01 22:04:06,광주광역시 광산구 신가매결길 **-** (신창동),,폐업,0002,03,0629626625,185301.093049965    ,187730.147287365    ,광주광역시 광산구 신창동 ***-* ,2022-04-28 18:10:11
3630000,363000004720190012,2019-05-13,,폐업,2021-12-13,,,,0,,62302,펀앤독,I,000,2026-04-01 22:04:06,"광주광역시 광산구 목련로***번안길 **, *층 (신가동)",,폐업,0002,03,,185026.872342781    ,186704.555828868    ,광주광역시 광산구 신가동 ***-* ,2022-04-28 18:10:11
3630000,363000004720180098,2018-11-19,,폐업,,,,,0,,62353,데일리펫,I,000,2026-04-01 22:04:06,"광주광역시 광산구 풍영철길로 **-*, 키즈위드 ***호 (우산동)",,폐업,0002,03,,182916.140441791    ,184933.610558099    ,광주광역시 광산구 우산동 ****-** 키즈위드 ,2022-04-28 18:10:11
3630000,363000004720190026,2019-09-25,,폐업,2021-12-14,,,,0,,62353,데일리펫 위드독스,I,000,2026-04-01 22:04:06,"광주광역시 광산구 풍영철길로 **-*, 키즈위드 *층 ***호 (우산동)",,폐업,0002,03,07041170918,182916.140441791    ,184933.610558099    ,광주광역시 광산구 우산동 ****-** 키즈위드 ,2022-04-28 18:10:11
3640000,364000004720210014,2021-08-31,,폐업,2022-10-25,,,,0,,34534,댕냥이네,I,000,2026-03-26 22:58:12,대전광역시 동구 동대전로 ***(가양동),,폐업,0002,03,,239937.956296874    ,316224.036522683    ,대전광역시 동구 가양동 ***-* ,2022-10-25 10:50:47
3650000,365000004720180040,2018-10-11,,영업/정상,,,,,0,,34925,헤이독,I,000,2026-01-13 17:58:03,"대전광역시 중구 대흥로***번길 **, *층 (대흥동)",,정상,0000,01,0422267380,238390.975985084    ,314078.381033962    ,대전광역시 중구 대흥동 ***-* *층 ,2022-04-28 18:10:24
3650000,365000004720230001,2023-04-12,,영업/정상,,,,,0,,34923,냥이싸롱,I,000,2026-03-24 22:02:52,"대전광역시 중구 대종로***번길 **, *층 (은행동)",,정상,0000,01,,238431.448155879    ,314221.068910756    ,대전광역시 중구 은행동 **-** ,2026-03-23 11:46:34
3650000,365000004720250001,2025-04-18,,영업/정상,,,,,0,,34923,캣플 코지눅 대전은행점,I,000,2026-01-13 17:58:03,"대전광역시 중구 중앙로***번길 **, *층 (은행동)",,정상,0000,01,,238432.288729617    ,314187.586547736    ,대전광역시 중구 은행동 **-* ,2025-04-18 10:28:20
3650000,365000004720180042,2018-10-11,,영업/정상,,,,,0,,34923,데이즈,I,000,2026-01-13 17:58:03,"대전광역시 중구 중앙로***번길 **, *층 (은행동)",,정상,0000,01,,238501.321492515    ,314174.804874092    ,대전광역시 중구 은행동 **-* *층 ,2022-04-28 18:10:24
3650000,365000004720250002,2025-10-20,,영업/정상,,,,,0,,34920,미오네,U,000,2026-04-18 03:03:03,"대전광역시 중구 대종로 ***, 대흥빌딩 ***호 (대흥동)",,정상,0000,01,,238349.316780511    ,313843.89328244     ,대전광역시 중구 대흥동 *** 대흥빌딩 ,2026-04-17 10:22:41
3660000,366000004720230001,2023-01-11,,영업/정상,,,,,0,,35230,캣카페 낭만고양이,I,000,2026-01-13 17:57:04,"대전광역시 서구 둔산로 **-**, ***호 (둔산동)",,정상,0000,01,,233740.727008452    ,316735.740545018    ,대전광역시 서구 둔산동 **** ***호,2024-05-20 13:31:04
3660000,366000004720190025,2019-07-05,,영업/정상,,,,,0,,35382,모할고양,I,000,2026-01-13 17:57:04,"대전광역시 서구 구봉로 ***, *층 ***호 (관저동)",,정상,0000,01,,230220.706333553    ,310714.287206254    ,대전광역시 서구 관저동 **** ,2022-04-28 18:10:55
3660000,366000004720190018,2019-06-07,,영업/정상,,,,,0,,35382,돌봄,I,000,2026-01-13 17:57:04,"대전광역시 서구 관저중로**번길 **, *층 (관저동)",,정상,0000,01,0425427515,230322.872468533    ,310788.512121757    ,대전광역시 서구 관저동 **** ,2022-04-28 18:10:55
3660000,366000004720200050,2020-12-23,,폐업,2022-10-25,,,,0,,35230,코이이누,I,000,2026-01-13 17:57:04,"대전광역시 서구 둔지로 **, *층 (둔산동)",,폐업,0002,03,,233705.286767554    ,316754.384015149    ,대전광역시 서구 둔산동 **** ,2022-10-25 10:53:10
3660000,366000004720240001,2024-07-05,,폐업,2025-09-15,,,,0,,35229,충청남도 애견유치원&amp;애견호텔 애견교육,I,000,2026-01-13 17:57:04,"대전광역시 서구 둔산로**번길 **-**, ***호 (둔산동)",,폐업,0002,03,,233880.398173938    ,317001.414934585    ,대전광역시 서구 둔산동 **** ***호,2025-09-16 16:31:54
3660000,366000004720210042,2021-12-22,,폐업,2022-06-16,,,,0,,35230,마리앤쥬,I,000,2026-01-13 17:57:04,"대전광역시 서구 둔지로 **, 경희빌딩 *층 (둔산동)",,폐업,0002,03,,233660.287086257    ,316774.350030259    ,대전광역시 서구 둔산동 **** 경희빌딩 ,2022-06-16 17:00:50
3660000,366000004720200024,2020-07-06,,폐업,2023-08-30,,,,0,,35384,엑죠틱 고양이들이 키우는 불독 케세라세라,I,000,2026-01-13 17:57:04,"대전광역시 서구 관저남로**번길 **, ***호 (관저동)",,폐업,0002,03,,230850.188790645    ,310652.668653191    ,대전광역시 서구 관저동 ****-* ,2023-12-26 10:47:58
3660000,366000004720180039,2018-08-16,,폐업,2019-03-31,,,,0,,35253,피터펫카페,I,000,2026-01-13 17:57:04,대전광역시 서구 유등로 *** (탄방동),,폐업,0002,03,07087370707,235961.355782931    ,316180.644822398    ,대전광역시 서구 탄방동 ****-* ,2022-04-28 18:10:53
3660000,366000004720180010,2018-04-23,,폐업,2020-05-01,,,,0,,35229,이마트 둔산점,I,L00,2026-01-13 17:57:04,"대전광역시 서구 둔산북로 **, 대전둔산이마트 (둔산동)",,폐업,0002,03,0424771053,233873.025973088    ,317345.757178114    ,대전광역시 서구 둔산동 ***-* 대전둔산이마트 ,2022-04-28 18:10:53
3670000,367000004720180018,2018-08-08,,폐업,2019-10-14,,,,0,,34007,고양이들의 수다,I,000,2026-01-13 17:57:33,대전광역시 유성구 봉산로**번길 ** (봉산동),,폐업,0002,03,0429337905,234824.240218446    ,326142.807350843    ,대전광역시 유성구 봉산동 ***-** ,2022-04-28 18:10:23
3670000,367000004720180013,2018-05-29,,폐업,2022-10-26,,,,0,,34207,이스펫셜,I,000,2026-01-13 17:57:33,대전광역시 유성구 학산로 * (계산동),,폐업,0002,03,,226963.957316845    ,315108.578112823    ,대전광역시 유성구 계산동 ***-* ,2022-10-26 15:47:15
3670000,367000004720180006,2018-04-20,,폐업,2022-07-26,,,,0,,34137,몽개몽개,I,000,2026-01-13 17:57:33,"대전광역시 유성구 대학로***번길 **, *층 (궁동)",,폐업,0002,03,,231341.3982475      ,317998.65868774     ,대전광역시 유성구 궁동 ***-* ,2022-07-26 15:42:55
3670000,367000004720250001,2025-09-30,,영업/정상,,,,,0,,34003,애니멀스타,I,000,2026-01-13 17:57:33,"대전광역시 유성구 금남구즉로 ****, *, *층 (봉산동)",,정상,0000,01,,234345.43301802     ,327561.981999929    ,대전광역시 유성구 봉산동 ***-* ,2025-09-30 18:02:50
3670000,367000004720200030,2020-11-20,,영업/정상,,,,,0,,34194,라빈,I,000,2026-01-13 17:57:33,"대전광역시 유성구 원신흥남로**번길 **, *층 (원신흥동)",,정상,0000,01,,230146.779494216    ,314965.477447658    ,대전광역시 유성구 원신흥동 ***-* ,2024-03-06 09:00:47
3670000,367000004720220001,2022-06-17,,폐업,2023-01-12,,,,0,,34227,냥이카페,I,000,2026-01-13 17:57:33,"대전광역시 유성구 진잠로***번길 *, 타임빌딩 ***호 (원내동)",,폐업,0002,03,0425451829,228493.164560093    ,311453.347553965    ,대전광역시 유성구 원내동 **-* 타임빌딩 ***호,2023-01-12 15:15:54
3670000,367000004720210015,2021-10-22,,폐업,2024-12-05,,,,0,,34074,개린이날,I,000,2026-01-13 17:57:33,"대전광역시 유성구 지족로***번길 *-**, *층 (지족동)",,폐업,0002,03,,227139.895644       ,319785.872500121    ,대전광역시 유성구 지족동 ****-* ,2024-12-05 13:08:33
3680000,368000004720220002,2022-04-08,,취소/말소/만료/정지/중지,2025-09-12,,,,0,,34419,캣슬하우스,I,000,2026-01-13 17:56:02,"대전광역시 대덕구 동서대로 ****, *층 (비래동)",,말소,0004,04,,239771.642559946    ,317050.116023791    ,대전광역시 대덕구 비래동 ***-* ,2025-09-12 15:13:50
3690000,369000004720200005,2020-03-27,,폐업,2023-12-22,,,,0,,44422,(주)예그리나,I,L00,2026-04-22 22:36:50,"울산광역시 중구 성안로 ***, 신광빌딩 *층 (성안동)",,폐업,0002,03,,409806.35474623     ,232925.164539494    ,울산광역시 중구 성안동 ***-* 신광빌딩 ,2023-12-22 14:30:53
3690000,369000004720200015,2020-07-30,,폐업,2022-05-19,,,,0,,44426,도그파우 애견카페,I,000,2026-04-22 22:36:52,울산광역시 중구 백양로 ** (성안동),,폐업,0002,03,,409424.894459703    ,232961.18263583     ,울산광역시 중구 성안동 ***-* ,2022-05-19 16:19:41
3690000,369000004720200019,2020-09-18,,폐업,2022-05-19,,,,0,,44546,개인공간,I,000,2026-04-22 22:36:53,"울산광역시 중구 달빛로 **, *층 *호 (약사동)",,폐업,0002,03,,411896.902109551    ,233577.50796161     ,울산광역시 중구 약사동 ***-* ,2022-05-19 09:37:23
3690000,369000004720180008,2018-07-17,,영업/정상,,,,,0,,44532,야옹야옹 캣카페,I,000,2026-04-22 22:36:45,"울산광역시 중구 젊음의거리 **, 지하*층 (성남동)",,정상,0000,01,,410418.712905883    ,230725.42941519     ,울산광역시 중구 성남동 ***-** ,2022-04-28 18:11:09
3690000,369000004720180034,2018-12-05,,영업/정상,,,,,0,,44502,스타고양이카페,I,000,2026-04-22 22:36:48,울산광역시 중구 반구정**길 ** (반구동),,정상,0000,01,,412561.817441517    ,231146.388344398    ,울산광역시 중구 반구동 ***-** ,2022-04-28 18:11:10
3690000,369000004720220002,2022-07-22,,영업/정상,,,,,0,,44529,펫빌리지,I,000,2026-04-22 22:36:57,"울산광역시 중구 중앙길 **-*, *층 (성남동)",,정상,0000,01,0522565544,410166.094449233    ,230846.174716674    ,울산광역시 중구 성남동 ***-* ,2022-07-22 16:19:11
3690000,369000004720190017,2019-09-10,,폐업,2023-01-30,,,,0,,44530,포유,I,L00,2026-04-22 22:36:49,"울산광역시 중구 학성로 ***, *층 (옥교동)",,폐업,0002,03,,410581.021225432    ,230924.741810051    ,울산광역시 중구 옥교동 ***-** ,2023-01-30 19:09:38
3690000,369000004720180028,2018-10-22,,폐업,2020-07-24,,,,0,,44532,cafe83,I,000,2026-04-22 22:36:47,"울산광역시 중구 만남의거리 **, *층 (성남동)",,폐업,0002,03,,410380.972971851    ,230656.622310387    ,울산광역시 중구 성남동 ***-** ,2022-04-28 18:11:09
3690000,369000004720180012,2018-08-23,,폐업,2020-07-13,,,,0,,44426,도그파우 애견카페,I,000,2026-04-22 22:36:46,울산광역시 중구 백양로 ** (성안동),,폐업,0002,03,,409424.894459703    ,232961.18263583     ,울산광역시 중구 성안동 ***-* ,2022-04-28 18:11:09
3690000,369000004720180004,2018-06-18,,폐업,2023-10-16,,,,0,,44400,멍셀 멍셀,I,000,2026-04-22 22:36:44,울산광역시 중구 다운**길 **-* (다운동),,폐업,0002,03,,405267.087843509    ,232020.98241754     ,울산광역시 중구 다운동 ***-* ,2023-10-17 09:12:21
3690000,369000004720200014,2020-07-24,,취소/말소/만료/정지/중지,2025-10-15,,,,0,,44532,꼬양이 놀이터,I,000,2026-04-22 22:36:51,"울산광역시 중구 만남의거리 **, *층 (성남동)",,말소,0004,04,,410380.972971851    ,230656.622310387    ,울산광역시 중구 성남동 ***-** ,2025-10-15 11:32:40
3690000,369000004720220001,2022-05-25,,폐업,2025-05-22,,,,0,,44426,도그파우,I,000,2026-04-22 22:36:56,울산광역시 중구 백양로 **(성안동),,폐업,0002,03,0522439392,409424.894459703    ,232961.18263583     ,울산광역시 중구 성안동 ***-* ,2025-05-23 15:53:52
3690000,369000004720250001,2025-09-09,,영업/정상,,,,,0,,44532,루이캣 성남점,I,000,2026-04-22 22:36:58,"울산광역시 중구 만남의거리 **, *층 (성남동)",,정상,0000,01,,410380.972971851    ,230656.622310387    ,울산광역시 중구 성남동 ***-** ,2025-09-09 08:38:11
3690000,369000004720210013,2021-08-02,,폐업,2022-07-20,,,,0,,44529,펫빌리지,I,000,2026-04-22 22:36:54,"울산광역시 중구 중앙길 **-*, *층 (성남동)",,폐업,0002,03,,410166.094449233    ,230846.174716674    ,울산광역시 중구 성남동 ***-* ,2022-07-20 18:16:46
3690000,369000004720210015,2021-11-08,,폐업,2023-12-21,,,,0,,44547,멍지중지,I,000,2026-04-22 22:36:55,"울산광역시 중구 종가**길 **-**, *층 (서동)",,폐업,0002,03,,411980.983451515    ,233848.222990746    ,울산광역시 중구 서동 ***-* ,2023-12-21 15:33:45
3700000,370000004720250002,2025-04-30,,영업/정상,,,,,0,,44705,루이캣,I,000,2026-01-13 18:19:04,"울산광역시 남구 삼산중로 **, *층 ***호 (삼산동)",,정상,0000,01,,411758.796114197    ,229383.952926791    ,울산광역시 남구 삼산동 ****-* *층 ***호 ,2025-04-30 14:54:01
3700000,370000004720250001,2025-04-30,,영업/정상,,,,,0,,44705,루이캣 스튜디오,I,000,2026-01-13 18:19:04,"울산광역시 남구 삼산중로 **, *층 ***호 (삼산동)",,정상,0000,01,,411758.796114197    ,229383.952926791    ,울산광역시 남구 삼산동 ****-* *층 ***호 ,2025-04-30 14:50:35
3700000,370000004720200023,2020-10-15,,폐업,2022-09-29,,,,0,,44703,캐슬앤제이펫살롱,I,000,2026-01-13 18:19:04,"울산광역시 남구 왕생로**번길 **-*, *층 (달동)",,폐업,0002,03,0522568737,411497.808242992    ,229366.028795199    ,울산광역시 남구 달동 ****-** ,2022-09-29 18:59:16
3700000,370000004720200011,2020-03-08,,폐업,2021-07-08,,,,0,,44694,펫빌리지,I,000,2026-01-13 18:19:04,"울산광역시 남구 신정로**번길 **, *층 (달동)",,폐업,0002,03,,410593.114609961    ,229109.383313484    ,울산광역시 남구 달동 ***-** ,2022-04-28 18:11:10
3700000,370000004720200004,2020-01-21,,폐업,2024-11-26,,,,0,,44691,개꿀잼 애견카페,I,000,2026-01-13 18:19:04,울산광역시 남구 삼산로**번길 ** (달동),,폐업,0002,03,,410038.280761288    ,228673.001237479    ,울산광역시 남구 달동 ***-** ,2024-11-27 09:50:47
3700000,370000004720180046,2018-07-20,,폐업,2023-01-26,,,,0,,44685,단테,I,000,2026-01-13 18:19:04,"울산광역시 남구 팔등로 ***, *층 (신정동)",,폐업,0002,03,,410139.063605736    ,229893.913139147    ,울산광역시 남구 신정동 ***-* ,2023-01-26 14:45:04
3700000,370000004720180013,2018-04-12,,폐업,2020-03-27,,,,0,,44648,퍼피솔루션,I,000,2026-01-13 18:19:04,"울산광역시 남구 문수로 ***, *층 (옥동)",,폐업,0002,03,0527103994,407953.996858205    ,228540.592365492    ,울산광역시 남구 옥동 ****-** ,2022-04-28 18:11:06
3700000,370000004720180004,2018-04-12,,폐업,2025-09-01,,,,0,,44713,B&amp;B(바비브라운 비숑프리제),I,000,2026-01-13 18:19:04,"울산광역시 남구 화합로***번길 **, *층 (삼산동)",,폐업,0002,03,,412421.894400313    ,229437.875283295    ,울산광역시 남구 삼산동 ****-* ,2025-09-04 16:53:37
3700000,370000004720180009,2018-04-12,,영업/정상,,,,,0,,44650,렛츠개릿,I,000,2026-01-13 18:19:04,"울산광역시 남구 봉월로 **, *층 (신정동)",,정상,0000,01,,408993.971062997    ,229010.499645939    ,울산광역시 남구 신정동 ****-* ,2022-04-28 18:11:06
3700000,370000004720260001,2026-04-03,,영업/정상,,,,,0,,44611,묘서관,I,000,2026-04-04 22:32:59,"울산광역시 남구 대학로**번길 *-**, *층 (무거동)",,정상,0000,01,,404973.777653856    ,229448.614149772    ,울산광역시 남구 무거동 ***-* *층 ,2026-04-03 13:55:01
3700000,370000004720250003,2025-07-17,,영업/정상,,,,,0,,44712,건즈하우스카페,I,000,2026-01-13 18:19:04,울산광역시 남구 돋질로 *** (삼산동),,정상,0000,01,,412808.795518041    ,229590.935576658    ,울산광역시 남구 삼산동 ***-* ,2025-07-17 08:56:27
3700000,370000004720210013,2021-06-02,,영업/정상,,,,,0,,44703,퍼피마마,I,000,2026-01-13 18:19:04,"울산광역시 남구 왕생로 **, *층 (달동)",,정상,0000,01,0522652492,411275.827446571    ,229237.805063985    ,울산광역시 남구 달동 ****-** ,2022-04-28 18:11:10
3700000,370000004720210006,2021-04-01,,영업/정상,,,,,0,,44705,케어메이트,I,000,2026-01-13 18:19:04,"울산광역시 남구 돋질로***번길 **, *층 (삼산동)",,정상,0000,01,,411937.325145284    ,229536.570515599    ,울산광역시 남구 삼산동 ****-* ,2025-07-23 17:43:41
3710000,371000004720250001,2025-05-14,,영업/정상,,,,,0,,44059,보라눈나,I,000,2026-03-26 22:33:01,"울산광역시 동구 슬도로 **, *층 (방어동)",,정상,0000,01,,420327.25801275     ,223576.385100367    ,울산광역시 동구 방어동 **-* ,2025-05-14 11:15:43
3710000,371000004720220001,2022-06-23,,폐업,2023-12-26,,,,0,,44058,멍숲,I,000,2026-03-26 22:33:01,"울산광역시 동구 등대로 **, 대왕암상가 (일산동)",,폐업,0002,03,,420971.305237825    ,223985.803190044    ,울산광역시 동구 일산동 ***-** 대왕암상가 ,2023-12-27 11:21:03
3710000,371000004720210010,2021-12-30,,영업/정상,,,,,0,,44001,동물의 정원,I,L00,2026-03-26 22:33:01,울산광역시 동구 쇠평길 **-*(동부동),,정상,0000,01,0522358585,419931.205666257    ,231009.405352052    ,울산광역시 동구 동부동 ***-* ,2023-02-06 17:55:49
3720000,372000004720200004,2020-05-01,,폐업,2024-02-07,,,,0,,44213,리프패럿 (울산 매곡점),I,L00,2026-03-26 22:33:09,"울산광역시 북구 중산동로 **, *층 (중산동)",,폐업,0002,03,,412880.697566898    ,241957.78857418     ,울산광역시 북구 중산동 ****-* ,2024-02-15 09:17:56
3720000,372000004720250001,2025-03-24,,영업/정상,,,,,0,,44202,다시만날개,I,000,2026-03-26 22:33:09,"울산광역시 북구 천곡길 ***, *층 ***호 (천곡동)",,정상,0000,01,,410745.347218905    ,240062.821610448    ,울산광역시 북구 천곡동 ***-* ,2025-03-24 13:52:18
3720000,372000004720240001,2024-09-20,,영업/정상,,,,,0,,44236,헬로우쥬동물원,I,000,2026-03-26 22:33:09,"울산광역시 북구 박상진**로 *, JL타워 *층 ***호 (송정동)",,정상,0000,01,,414137.868758848    ,236020.832088412    ,울산광역시 북구 송정동 ****-* ,2024-09-20 17:46:51
3720000,372000004720190011,2019-07-17,,폐업,2021-12-30,,,,0,,44248,히어로키즈파크 울산지점,I,L00,2026-03-26 22:33:09,"울산광역시 북구 진장유통로 **, 롯데마트 *층 (진장동)",,폐업,0002,03,0529331155,413714.69829242     ,233252.48521044     ,울산광역시 북구 진장동 ***-* 롯데마트 ,2022-04-28 18:11:07
3720000,372000004720180013,2018-08-29,,폐업,2020-01-16,,,,0,,44224,개발자국,I,000,2026-03-26 22:33:09,"울산광역시 북구 제내*길 *, *층 (신천동)",,폐업,0002,03,0529045959,412831.468277483    ,239623.258676228    ,울산광역시 북구 신천동 ***-*** ,2022-04-28 18:11:06
3720000,372000004720260001,2026-04-21,,영업/정상,,,,,0,,44227,호개 애견카페,I,000,2026-04-23 23:12:29,울산광역시 북구 동대**길 * (호계동),,정상,0000,01,,412968.001767722    ,239245.122815296    ,울산광역시 북구 호계동 ***-* ,2026-04-21 13:43:53
3720000,372000004720190006,2019-04-26,,폐업,2021-05-03,,,,0,,44254,안녕니니,I,000,2026-03-26 22:33:09,"울산광역시 북구 명촌**길 *, *층 (진장동)",,폐업,0002,03,0529177040,413450.816240675    ,231202.460253574    ,울산광역시 북구 진장동 *** ,2022-04-28 18:11:07
3730000,373000004720200023,2020-10-30,,폐업,2025-08-11,,,,0,,45012,레스트펫,I,000,2026-03-26 22:33:04,울산광역시 울주군 서생면 연산*길 ***-***,,폐업,0002,03,0522380033,409554.735931553    ,208895.55467863     ,울산광역시 울주군 서생면 위양리 ***-* ,2025-08-11 13:24:24
3730000,373000004720190019,2019-11-19,,폐업,2020-02-03,,,,0,,44970,야후독(Dog),I,000,2026-03-26 22:33:03,울산광역시 울주군 온양읍 고산길 *,,폐업,0002,03,,407025.66289827     ,215970.38531667     ,울산광역시 울주군 온양읍 남창리 **-* ,2022-04-28 18:11:13
3730000,373000004720190003,2019-02-08,,폐업,2023-05-02,,,,0,,44951,너와 함께 할 개,I,000,2026-03-26 22:33:03,"울산광역시 울주군 삼남면 수남벚꽃길 **-**, *층",,폐업,0002,03,0527160052,391446.872811792    ,229842.619520539    ,울산광역시 울주군 삼남면 교동리 ***-* ,2023-05-02 18:05:10
3730000,373000004720180043,2018-11-12,,폐업,2022-02-23,,,,0,,44944,쎔프레애견카페,I,L00,2026-03-26 22:33:03,울산광역시 울주군 언양읍 남천로 ***,,폐업,0002,03,0522459077,391186.839616636    ,231827.284879495    ,울산광역시 울주군 언양읍 서부리 ***-** ,2022-04-28 18:11:12
3730000,373000004720220001,2022-11-16,,폐업,2023-09-01,,,,0,,44980,꿀물하우스,I,000,2026-03-26 22:33:04,"울산광역시 울주군 온양읍 화산발리로 ***, *층",,폐업,0002,03,,407818.909502095    ,214384.799134129    ,울산광역시 울주군 온양읍 대안리 ***-* ,2023-09-12 13:50:21
3730000,373000004720250001,2025-03-07,,영업/정상,,,,,0,,44956,와글와글동물원,I,L00,2026-03-26 22:33:04,"울산광역시 울주군 삼동면 삼동로 ***, *층",,정상,0000,01,0522649997,395303.503653171    ,225915.8700293      ,울산광역시 울주군 삼동면 하잠리 ***-* *층 ,2025-07-17 13:30:56
3730000,373000004720240001,2024-09-11,,영업/정상,,,,,0,,44925,웨글웨글,I,000,2026-03-26 22:33:04,"울산광역시 울주군 범서읍 구영로 ***, *층",,정상,0000,01,,403568.790235109    ,231998.926499765    ,울산광역시 울주군 범서읍 구영리 ***-* ,2024-09-11 11:54:46
3730000,373000004720260001,2026-02-27,,영업/정상,,,,,0,,44950,냥아치CAFE,I,000,2026-03-26 22:33:04,"울산광역시 울주군 삼남읍 반구대로 ***, *층",,정상,0000,01,,391983.529316341    ,230327.586556795    ,울산광역시 울주군 삼남읍 교동리 ****-* ,2026-02-27 14:42:53
3730000,373000004720250002,2025-10-21,,영업/정상,,,,,0,,44924,묘서관,I,000,2026-03-26 22:33:04,"울산광역시 울주군 범서읍 점촌*길 *-*, *층 ***호",,정상,0000,01,,403084.686837681    ,232727.29676239     ,울산광역시 울주군 범서읍 구영리 ***-* *층 ***호,2025-10-21 16:57:48
3740000,374000004720180185,2018-11-13,,폐업,2025-11-14,,,,0,,16381,강성호반려견스쿨(수원점),I,000,2026-01-13 17:19:37,"경기도 수원시 권선구 금곡로 *-*, 지*층 (금곡동)",,폐업,0002,03,,194488.290533422    ,418507.616052232    ,경기도 수원시 권선구 금곡동 ***-* 지*층 ,2025-11-14 15:34:54
3740000,374000004720180201,2018-11-19,,폐업,2020-07-06,,,,0,,16670,마이리틀독(MY LITTLE DOG),I,000,2026-01-13 17:19:37,"경기도 수원시 권선구 곡반정로 ***, *층 (곡반정동)",,폐업,0002,03,,202734.432613328    ,415251.494419529    ,경기도 수원시 권선구 곡반정동 ***-* ,2022-04-28 18:09:27
3740000,374000004720180211,2018-11-28,,폐업,2023-07-17,,,,0,,16671,cafe WAL,I,000,2026-01-13 17:19:37,"경기도 수원시 권선구 곡선로**번길 *-*, *층 (곡반정동)",,폐업,0002,03,0312394856,202586.159344226    ,415182.96237646     ,경기도 수원시 권선구 곡반정동 ***-* ,2023-07-26 17:45:53
3740000,374000004720180219,2018-12-04,,폐업,2022-07-19,,,,0,,16671,해피주 (수원권선점),I,000,2026-01-13 17:19:37,"경기도 수원시 권선구 곡선로 **, *층 (곡반정동)",,폐업,0002,03,,202653.477742553    ,415155.393979759    ,경기도 수원시 권선구 곡반정동 ***-* ,2022-07-19 16:57:31
3740000,374000004720180240,2018-12-26,,폐업,2020-10-30,,,,0,,16391,캣페(catfe),I,000,2026-01-13 17:19:37,"경기도 수원시 권선구 금곡로 ***, 해피라움 *층 **호 (금곡동)",,폐업,0002,03,,195757.702462627    ,419153.589242908    ,경기도 수원시 권선구 금곡동 ****-* 해피라움 ,2022-04-28 18:09:29
3740000,374000004720190024,2019-04-01,,폐업,2022-07-27,,,,0,,16256,고양이카페 냥,I,000,2026-01-13 17:19:37,"경기도 수원시 팔달구 창룡대로 **, 원제빌딩 *층 (남수동)",,폐업,0002,03,,201584.777065362    ,419970.23014287     ,경기도 수원시 팔달구 남수동 **-* 원제빌딩 ,2022-07-27 17:03:34
3740000,374000004720190064,2019-09-17,,폐업,2022-01-28,,,,0,,16388,이웃집 고양이,I,000,2026-01-13 17:19:37,"경기도 수원시 권선구 금곡로***번길 **, 비즈웍스 ***,***호 (금곡동)",,폐업,0002,03,,194772.371294097    ,419039.040296638    ,경기도 수원시 권선구 금곡동 **** 비즈웍스 ,2022-04-28 18:09:32
3740000,374000004720200071,2020-11-26,,폐업,2022-11-27,,,,0,,16704,해피주 동물카페 영통점,I,000,2026-01-13 17:19:37,"경기도 수원시 영통구 청명남로 **, 럭셔리프라자 ***, ***호 (영통동)",,폐업,0002,03,,206644.07883035     ,416812.834725723    ,경기도 수원시 영통구 영통동 ***-* 럭셔리프라자 ,2022-12-13 09:59:28
3740000,374000004720210075,2021-11-24,,폐업,2022-09-14,,,,0,,16506,디디펫 애견유치원,I,000,2026-01-13 17:19:37,"경기도 수원시 영통구 센트럴파크로***번길 **, 지하*(일부)층 (이의동)",,폐업,0002,03,15226934,204705.380578816    ,421385.790870152    ,경기도 수원시 영통구 이의동 ****-* ,2022-09-15 10:26:45
3740000,374000004720230001,2023-03-16,,폐업,2025-01-03,,,,0,,16380,(주)까로맘,I,L00,2026-01-13 17:19:37,경기도 수원시 권선구 금곡로**번길 **-**(금곡동),,폐업,0002,03,0312985531,194127.897749587    ,419409.861571168    ,경기도 수원시 권선구 금곡동 ***-* ,2025-01-03 17:24:28
3740000,374000004720230005,2023-09-19,,폐업,2024-03-25,,,,0,,16235,브릿지,I,000,2026-01-13 17:19:37,"경기도 수원시 팔달구 경수대로 ***, 지*층 (우만동)",,폐업,0002,03,,202355.289339063    ,420543.85101668     ,경기도 수원시 팔달구 우만동 ***-** ,2024-03-25 15:33:56
3740000,374000004720230007,2023-12-22,,폐업,2025-05-29,,,,0,,16226,커피멍냥 광교역점,I,000,2026-01-13 17:19:37,"경기도 수원시 영통구 대학로 **, *(일부)층 (이의동)",,폐업,0002,03,,203683.371635818    ,421762.22508629     ,경기도 수원시 영통구 이의동 ****-* ,2025-05-29 09:25:37
3740000,374000004720240001,2024-01-30,,폐업,2025-08-01,,,,0,,16702,레드캣,I,000,2026-01-13 17:19:37,"경기도 수원시 영통구 영일로*번길 **, *(일부)층 (영통동)",,폐업,0002,03,0312029285,206807.11984311     ,416271.326500088    ,경기도 수원시 영통구 영통동 ****-* ,2025-08-01 15:19:36
3740000,374000004720200054,2020-09-07,,취소/말소/만료/정지/중지,2024-12-10,,,,0,,16261,고양이산책,I,000,2026-01-13 17:19:37,"경기도 수원시 팔달구 정조로 ***-*, *층 (팔달로*가)",,말소,0004,04,0312421776,201382.354032335    ,419389.588284116    ,"경기도 수원시 팔달구 팔달로*가 ** ,*층 ",2024-12-11 09:01:36
3740000,374000004720260001,2026-02-20,,영업/정상,,,,,0,,16662,캣플 코지눅 수원아이파크시티점,I,000,2026-02-21 21:32:50,"경기도 수원시 권선구 경수대로 ***, IPARK CITY 수원 아이파크 시티 **단지 *층 **호 (권선동)",,정상,0000,01,,201544.344101949    ,415919.731243333    ,경기도 수원시 권선구 권선동 **** IPARK CITY 수원 아이파크 시티 **단지 ,2026-02-20 11:13:32
3740000,374000004720260002,2026-03-20,,영업/정상,,,,,0,,16662,냥냥북카페,I,000,2026-03-21 21:32:52,"경기도 수원시 권선구 경수대로 ***, IPARK CITY 수원 아이파크 시티 **단지 *층 **호 (권선동)",,정상,0000,01,,201544.344101949    ,415919.731243333    ,경기도 수원시 권선구 권선동 **** IPARK CITY 수원 아이파크 시티 **단지 ,2026-03-20 11:26:04
3740000,374000004720180235,2018-12-20,,폐업,2025-07-07,,,,0,,16683,(주)리브프렌즈,I,000,2026-01-13 17:19:37,"경기도 수원시 영통구 권선로***번길 *, *층 *호 (신동)",,폐업,0002,03,,204012.412968371    ,416263.233445216    ,경기도 수원시 영통구 신동 *** ,2025-07-07 14:04:44
3740000,374000004720180073,2018-09-14,,영업/정상,,,,,0,,16670,아리엘언니,I,000,2026-01-13 17:19:37,"경기도 수원시 권선구 곡선로**번길 **, 한양프라자 *층 (곡반정동)",,정상,0000,01,,202622.839467693    ,415265.736395843    ,경기도 수원시 권선구 곡반정동 ***-* 한양프라자 ,2022-04-28 18:09:19
3740000,374000004720180181,2018-11-07,,영업/정상,,,,,0,,16705,아가마미 고양이카페,I,000,2026-01-13 17:19:37,"경기도 수원시 영통구 청명남로 **, 거성빌딩 ***호 (영통동)",,정상,0000,01,,206621.473848068    ,416699.17507388     ,경기도 수원시 영통구 영통동 ****-** 거성빌딩 ,2023-05-30 11:22:36
3740000,374000004720190093,2019-11-22,,영업/정상,,,,,0,,16334,해피주 수원점,I,000,2026-01-13 17:19:37,"경기도 수원시 장안구 대평로**번길 **, 라이프스포츠 수원 ***(일부)호 (정자동)",,정상,0000,01,0315460980,199375.326187922    ,421688.485102486    ,경기도 수원시 장안구 정자동 ***-* 라이프스포츠 수원 ,2024-05-17 11:19:06
3740000,374000004720200019,2020-04-17,,영업/정상,,,,,0,,16704,Cat Cafe 고양이자리표,I,000,2026-01-13 17:19:37,"경기도 수원시 영통구 청명남로 **, 아셈프라자 제*층 ***호 (영통동)",,정상,0000,01,,206534.697014217    ,416684.939051615    ,경기도 수원시 영통구 영통동 ***-* 아셈프라자 ,2022-04-28 18:09:37
3740000,374000004720210034,2021-04-30,,영업/정상,,,,,0,,16455,고양이네 생선가게,I,000,2026-01-13 17:19:37,"경기도 수원시 팔달구 향교로 **-*, *층 (매산로*가)",,정상,0000,01,,200310.023836314    ,418531.559398238    ,경기도 수원시 팔달구 매산로*가 **-** *층 ,2022-04-28 18:09:42
3740000,374000004720230002,2023-05-10,,영업/정상,,,,,0,,16704,고양이별 작은아이,I,000,2026-01-13 17:19:37,"경기도 수원시 영통구 청명남로 **, 키라레스토아 ***호 (영통동)",,정상,0000,01,0312063004,206609.0410241      ,416782.237509649    ,경기도 수원시 영통구 영통동 ***-* 키라레스토아 ***호,2023-05-10 20:06:23
3740000,374000004720230003,2023-05-17,,영업/정상,,,,,0,,16704,시티독,I,000,2026-01-13 17:19:37,"경기도 수원시 영통구 반달로*번길 **, e-폴리스 ***호 (영통동)",,정상,0000,01,,206527.053165779    ,416748.278403711    ,경기도 수원시 영통구 영통동 ***-* e-폴리스 ***호,2023-05-17 12:37:19
3740000,374000004720230004,2023-06-19,,영업/정상,,,,,0,,16387,야옹이네 고양이카페,I,000,2026-01-13 17:19:37,"경기도 수원시 권선구 금곡로***번길 **-***, *층 (호매실동)",,정상,0000,01,,194971.757327482    ,418555.443656068    ,경기도 수원시 권선구 호매실동 ****-* ,2023-06-19 09:16:13
3740000,374000004720230006,2023-10-25,,영업/정상,,,,,0,,16391,(주)수달앤쥬,I,L00,2026-01-13 17:19:37,"경기도 수원시 권선구 금곡로 ***, 리더스빌딩 *층 ***(일부)호 (금곡동)",,정상,0000,01,,195858.153517145    ,419228.576806355    ,경기도 수원시 권선구 금곡동 ****-* 리더스빌딩 ,2024-08-26 10:02:11
3740000,374000004720240002,2024-09-12,,영업/정상,,,,,0,,16514,캣플헤븐 앨리웨이 광교점,I,L00,2026-01-13 17:19:37,"경기도 수원시 영통구 광교호수공원로 **, 판매에프동 ***(일부),***호 (원천동, 광교아이파크)",,정상,0000,01,0312178807,205357.807142949    ,419119.019700523    ,경기도 수원시 영통구 원천동 *** 광교아이파크 ,2024-09-12 13:35:16
3740000,374000004720250001,2025-03-13,,영업/정상,,,,,0,,16443,냥 보고 심쿵,I,000,2026-01-13 17:19:37,"경기도 수원시 팔달구 화양로 **, *(일부)층 (화서동)",,정상,0000,01,,199648.930875637    ,419886.165172519    ,경기도 수원시 팔달구 화서동 ***-* ,2025-03-13 13:42:57
3740000,374000004720250002,2025-04-21,,영업/정상,,,,,0,,16489,무릉냥원,I,000,2026-01-13 17:19:37,"경기도 수원시 팔달구 인계로***번길 **, *(일부)층 (인계동)",,정상,0000,01,,202783.867237521    ,418250.278624701    ,경기도 수원시 팔달구 인계동 ****-* ,2025-04-21 09:37:05
3740000,374000004720250003,2025-05-02,,영업/정상,,,,,0,,16258,고양이카페 행궁묘연,I,000,2026-01-13 17:19:37,"경기도 수원시 팔달구 화서문로**번길 **, *(일부)층 (신풍동)",,정상,0000,01,,201016.161932945    ,420219.399988169    ,경기도 수원시 팔달구 신풍동 ***-* ,2025-05-02 08:22:46
3740000,374000004720250004,2025-06-20,,영업/정상,,,,,0,,16329,힐링캣츠,I,000,2026-01-13 17:19:37,"경기도 수원시 장안구 만석로**번길 **-*, ***호 (천천동)",,정상,0000,01,,198481.089265895    ,421512.547873352    ,경기도 수원시 장안구 천천동 ***-* ,2025-06-20 08:11:09
3740000,374000004720250005,2025-10-28,,영업/정상,,,,,0,,16514,미야오(MIYAO) 고양이카페 광교호수공원본점,U,000,2026-04-11 03:03:03,"경기도 수원시 영통구 광교중앙로 ***, 광교 효성해링턴 타워 레이크 주건축물제*동 B***-*(일부)호 (하동)",,정상,0000,01,,205359.28869788     ,420752.301957684    ,경기도 수원시 영통구 하동 **** 광교 효성해링턴 타워 레이크 ,2026-04-10 15:06:09
3740000,374000004720250006,2025-12-29,,영업/정상,,,,,0,,16226,쥬데이(ZooDay),I,000,2026-01-13 17:19:37,"경기도 수원시 영통구 대학*로**번길 **, 지*층 일부호 (이의동)",,정상,0000,01,,203952.495390419    ,421809.808577029    ,경기도 수원시 영통구 이의동 ****-* ,2025-12-29 09:16:32
3740000,374000004720180062,2018-08-22,,폐업,2020-05-07,,,,0,,16288,묘하고 놀까,I,000,2026-01-13 17:19:37,"경기도 수원시 장안구 송정로 ***, *층 (조원동)",,폐업,0002,03,,201200.611254544    ,421739.999159896    ,경기도 수원시 장안구 조원동 ***-* ,2022-04-28 18:09:19
3740000,374000004720180134,2018-10-16,,폐업,2022-12-06,,,,0,,16393,카페 두유,I,000,2026-01-13 17:19:37,"경기도 수원시 권선구 금곡로***번길 **, 씨엠타워 ***호 (금곡동)",,폐업,0002,03,0312973465,195943.168041496    ,419047.500597659    ,경기도 수원시 권선구 금곡동 ****-* ***호,2022-12-07 10:42:56
3740000,374000004720180141,2018-10-16,,폐업,2021-01-31,,,,0,,16458,가야애견마을,I,000,2026-01-13 17:19:37,경기도 수원시 팔달구 효원로 ** (매산로*가),,폐업,0002,03,,200760.336369281    ,418585.026271718    ,경기도 수원시 팔달구 매산로*가 **-* ,2022-04-28 18:09:23
3740000,374000004720180174,2018-11-07,,폐업,2023-01-17,,,,0,,16388,개편한세상,I,000,2026-01-13 17:19:37,"경기도 수원시 권선구 금곡로***번길 **, 진흥빌딩 *층 *호 (금곡동)",,폐업,0002,03,07040382848,194795.668953891    ,418882.939301447    ,경기도 수원시 권선구 금곡동 **** ,2023-01-18 09:20:35
3780000,378000004720180017,2018-04-11,,폐업,2021-04-20,,,,0,,13518,올리브 펫,I,000,2026-01-13 17:19:06,"경기도 성남시 분당구 매화로 **, 탑마을근린상가 ***호 (야탑동)",,폐업,0002,03,,211816.691803873    ,434080.516277151    ,경기도 성남시 분당구 야탑동 ***-* 탑마을근린상가 ***호,2022-04-28 18:09:06
3780000,378000004720200036,2020-09-10,,영업/정상,,,,,0,,13572,도그365,I,000,2026-01-13 17:19:06,경기도 성남시 분당구 새마을로**번길 * (서현동),,정상,0000,01,,212039.526967625    ,431308.656905683    ,경기도 성남시 분당구 서현동 ***-* ,2022-04-28 18:10:00
3780000,378000004720180036,2018-04-24,,폐업,2023-09-01,,,,0,,13568,째즈고양이카페,I,000,2026-01-13 17:19:06,"경기도 성남시 분당구 양현로**번길 *, 대명프라자 *층 ***호 (이매동)",,폐업,0002,03,0317059022,211036.821989533    ,432204.908007841    ,경기도 성남시 분당구 이매동 ***-* 대명프라자 ***호,2023-09-01 09:53:54
3780000,378000004720180043,2018-05-02,,폐업,2023-04-24,,,,0,,13640,고양이별 작은아이,I,000,2026-01-13 17:19:06,"경기도 성남시 수정구 위례광장로 ***, 우성트램타워 b동 ***호 (창곡동)",,폐업,0002,03,,212550.019739517    ,441129.066663059    ,경기도 성남시 수정구 창곡동 ***-* 우성트램타워 ***호,2023-04-24 19:18:47
3780000,378000004720180068,2018-06-20,,폐업,2022-04-22,,,,0,,13376,묘한고양이,I,000,2026-01-13 17:19:06,"경기도 성남시 중원구 성남대로 ****, 성남 메트로칸 ***호 (성남동)",,폐업,0002,03,0317519276,211313.708010185    ,436554.780756187    ,경기도 성남시 중원구 성남동 **** 성남 메트로칸 ***호,2023-03-27 10:29:15
3780000,378000004720180074,2018-06-25,,폐업,2021-01-21,,,,0,,13618,루나가또,I,000,2026-01-13 17:19:06,"경기도 성남시 분당구 미금로 ***, 상가동동 ***호 (금곡동, 청솔마을성원아파트)",,폐업,0002,03,0317147475,209687.824618329    ,427827.341314094    ,경기도 성남시 분당구 금곡동 *** 청솔마을성원아파트 상가동동 ***호,2022-04-28 18:09:25
3780000,378000004720190027,2019-03-04,,폐업,2023-10-12,,,,0,,13455,어썸테일즈(주),I,L00,2026-01-13 17:19:06,"경기도 성남시 분당구 하오개로 ***, *층 (운중동)",,폐업,0002,03,,204138.655705855    ,432469.785930308    ,경기도 성남시 분당구 운중동 ***-* ,2023-10-13 13:17:19
3780000,378000004720190028,2019-03-14,,폐업,2021-04-28,,,,0,,13646,후아후아,I,L00,2026-01-13 17:19:06,"경기도 성남시 수정구 위례광장로 **, *층 ***, ***호 (창곡동, 위례역 푸르지오 *단지)",,폐업,0002,03,0316029494,212415.989121467    ,440646.706561005    ,경기도 성남시 수정구 창곡동 *** 위례역 푸르지오 *단지 ,2022-04-28 18:09:52
3780000,378000004720190090,2019-11-26,,폐업,2021-08-29,,,,0,,13595,㈜미키펫코리아,I,L00,2026-01-13 17:19:06,"경기도 성남시 분당구 황새울로***번길 **, 엔타워가든빌딩 지하*층 (수내동)",,폐업,0002,03,0316059788,209948.643151159    ,430511.39103559     ,경기도 성남시 분당구 수내동 **-* ,2022-12-19 15:39:33
3780000,378000004720200003,2020-03-03,,폐업,2023-08-23,,,,0,,13177,카페다냥,I,000,2026-01-13 17:19:06,"경기도 성남시 중원구 광명로 ***, *층 (금광동)",,폐업,0002,03,,214426.939370313    ,438228.382009298    ,경기도 성남시 중원구 금광동 **** ,2023-08-23 17:57:56
3780000,378000004720200023,2020-06-03,,폐업,2023-11-22,,,,0,,13362,멍타주,I,000,2026-01-13 17:19:06,"경기도 성남시 중원구 원터로***번길 **-*, 지층 (성남동)",,폐업,0002,03,,212243.613163729    ,436917.413894485    ,경기도 성남시 중원구 성남동 **** ,2023-11-22 09:41:36
3780000,378000004720200042,2020-09-24,,폐업,2022-07-06,,,,0,,13640,DDD,I,000,2026-01-13 17:19:06,"경기도 성남시 수정구 위례광장로 ***, 우성위례타워 *층 ***호 (창곡동)",,폐업,0002,03,0317561616,212560.960312092    ,441023.737503288    ,경기도 성남시 수정구 창곡동 ***-* 우성위례타워 ,2022-07-06 10:49:08
3780000,378000004720210007,2021-02-08,,폐업,2024-12-31,,,,0,,13590,카페위드(Cafe With),I,000,2026-01-13 17:19:06,"경기도 성남시 분당구 서현로 ***, 풍림아이원플러스 ***-*호 (서현동)",,폐업,0002,03,,210776.048172188    ,431880.785795565    ,경기도 성남시 분당구 서현동 ***-* 풍림아이원플러스 ,2024-12-31 17:17:42
3780000,378000004720230001,2023-04-14,,영업/정상,,,,,0,,13610,분당캣,I,000,2026-01-13 17:19:06,"경기도 성남시 분당구 느티로**번길 **, *층 (정자동)",,정상,0000,01,,209942.750011308    ,429851.777381103    ,경기도 성남시 분당구 정자동 **-* ,2023-04-14 15:09:01
3780000,378000004720230002,2023-04-28,,영업/정상,,,,,0,,13591,집사의하루 분당점,I,000,2026-01-13 17:19:06,"경기도 성남시 분당구 서현로***번길 **, 유성트윈프라자*차 ***호 (서현동)",,정상,0000,01,,210961.628079482    ,431580.452887464    ,경기도 성남시 분당구 서현동 ***-* 유성트윈프라자*차 ,2025-04-07 09:56:42
3780000,378000004720240001,2024-03-11,,영업/정상,,,,,0,,13640,집사의 하루 위례점,I,000,2026-01-13 17:19:06,"경기도 성남시 수정구 위례광장로 ***, 창곡동 ***번지 *층 ***호 (창곡동)",,정상,0000,01,03180397984,212556.476317272    ,441263.937106941    ,경기도 성남시 수정구 창곡동 *** 창곡동 ***번지 ,2024-03-11 20:37:56
3780000,378000004720250001,2025-09-19,,영업/정상,,,,,0,,13352,펫다방,I,000,2026-01-13 17:19:06,"경기도 성남시 수정구 시민로 ***, *층 (신흥동)",,정상,0000,01,07046323239,212642.086611731    ,437778.154666391    ,경기도 성남시 수정구 신흥동 **** ,2025-09-19 09:29:43
3780000,378000004720180109,2018-09-05,,폐업,,,,,0,,13535,어니스트독(HONEST DOG),I,000,2026-01-13 17:19:06,경기도 성남시 분당구 동판교로**번길 **-** (백현동),,폐업,0002,03,,210028.878169737    ,431718.595369293    ,경기도 성남시 분당구 백현동 *** ,2022-04-28 18:09:34
3780000,378000004720180052,2018-05-14,,영업/정상,,,,,0,,13357,모찌네호캉스,I,000,2026-01-13 17:19:06,"경기도 성남시 중원구 산성대로 ***, 한얼빌딩 *층 (성남동)",,정상,0000,01,,212406.568959523    ,437226.601450703    ,경기도 성남시 중원구 성남동 **** 한얼빌딩 ,2022-04-28 18:09:14
3780000,378000004720180062,2018-06-11,,영업/정상,,,,,0,,13290,멍브로,I,000,2026-01-13 17:19:06,"경기도 성남시 수정구 수정로 ***, *층 (태평동)",,정상,0000,01,,212287.099518343    ,437939.489370754    ,경기도 성남시 수정구 태평동 ****-** ,2024-11-12 19:30:01
3780000,378000004720190007,2019-01-18,,영업/정상,,,,,0,,13558,마오네애견카페,I,000,2026-01-13 17:19:06,"경기도 성남시 분당구 성남대로***번길 *-**, *층 (정자동)",,정상,0000,01,,209387.005          ,429186.885          ,경기도 성남시 분당구 정자동 ***-* ,2022-04-28 18:09:50
3780000,378000004720190021,2019-03-04,,영업/정상,,,,,0,,13545,더독,I,000,2026-01-13 17:19:06,경기도 성남시 분당구 석운로***번길 * (석운동),,정상,0000,01,,203963.5114048      ,430122.966760347    ,경기도 성남시 분당구 석운동 **-** ,2022-04-28 18:09:51
3780000,378000004720190075,2019-09-06,,영업/정상,,,,,0,,13385,라이크펫,I,000,2026-01-13 17:19:06,"경기도 성남시 중원구 성남대로 ****, *층 (하대원동)",,정상,0000,01,,211426.841799283    ,436306.898558992    ,경기도 성남시 중원구 하대원동 ***-* ,2022-12-29 12:04:29
3780000,378000004720190086,2019-11-01,,취소/말소/만료/정지/중지,,,,,0,,13640,놀아줄개,I,000,2026-01-13 17:19:06,"경기도 성남시 수정구 위례광장로 **, *층 ***, ***호 (창곡동, 위례 아트리버 푸르지오 *단지)",,말소,0004,04,,212427.289239575    ,440923.145827575    ,"경기도 성남시 수정구 창곡동 *** 위례 아트리버 푸르지오 *단지 ***, ***호 ",2022-04-28 18:09:58
3780000,378000004720200004,2020-03-06,,영업/정상,,,,,0,,13591,못말리는 고양이,I,000,2026-01-13 17:19:06,"경기도 성남시 분당구 분당로**번길 **, 산호프라자 *층 ***호 (서현동)",,정상,0000,01,0317018838,210766.973431183    ,431408.299478137    ,경기도 성남시 분당구 서현동 ***-* 산호프라자 ***호,2022-04-28 18:09:58
3780000,378000004720180027,2018-04-23,,폐업,2023-01-30,,,,0,,13338,펫아일럿 본점,I,000,2026-01-13 17:19:06,"경기도 성남시 수정구 수정로 ***, *층 (신흥동)",,폐업,0002,03,,212433.302809867    ,437937.817490204    ,경기도 성남시 수정구 신흥동 **** ,2023-01-30 18:33:56
3820000,382000004720180020,2018-05-14,,폐업,2018-10-01,,,,0,,11813,냥스,I,000,2026-01-13 17:25:35,"경기도 의정부시 오목로***번길 ***, 트윈타워* ***호 (민락동)",,폐업,0002,03,0318520205,208342.503089715    ,471448.128699459    ,경기도 의정부시 민락동 ***-* ,2022-04-28 18:09:20
3820000,382000004720180125,2018-11-19,,취소/말소/만료/정지/중지,2023-09-06,,,,0,,11813,돌도리네,I,000,2026-01-13 17:25:35,"경기도 의정부시 송현로**번길 **, *층 (민락동)",,말소,0004,04,,207991.99686425     ,471480.015151824    ,경기도 의정부시 민락동 ***-* ,2023-09-06 18:43:02
3820000,382000004720240001,2024-03-20,,폐업,2025-10-14,,,,0,,11791,애니멀 프렌즈,I,000,2026-01-13 17:25:35,"경기도 의정부시 오목로 **, 탑석프라자 ***호 (용현동)",,폐업,0002,03,,207545.453468932    ,470103.923346115    ,경기도 의정부시 용현동 **-* ***호,2025-10-16 13:23:32
3820000,382000004720230002,2023-03-06,,폐업,2025-12-02,,,,0,,11757,차차래빗,I,000,2026-01-13 17:25:35,"경기도 의정부시 청사로 **, 삼성프라자 ****호 (금오동)",,폐업,0002,03,,206073.289192316    ,472165.07683509     ,경기도 의정부시 금오동 ***-* 삼성프라자 ,2025-12-03 15:19:02
3820000,382000004720200008,2020-02-14,,폐업,2024-09-09,,,,0,,11813,커피앤퍼피,I,000,2026-01-13 17:25:35,"경기도 의정부시 오목로***번길 **-**, *층 (민락동)",,폐업,0002,03,0318512224,208636.028851052    ,471616.393244285    ,경기도 의정부시 민락동 *** ,2024-09-10 15:40:04
3820000,382000004720190048,2019-12-20,,폐업,2021-08-06,,,,0,,11813,올독,I,000,2026-01-13 17:25:35,"경기도 의정부시 오목로***번길 ***, 제이맘 *층 ***,***호 (민락동)",,폐업,0002,03,,208269.54977654     ,471496.72632944     ,경기도 의정부시 민락동 *** ,2022-04-28 18:09:23
3820000,382000004720250001,2025-05-16,,영업/정상,,,,,0,,11692,쿤짱,I,000,2026-01-13 17:25:35,"경기도 의정부시 행복로 **, *층 (의정부동)",,정상,0000,01,0318251004,204404.0311564      ,471104.549704804    ,경기도 의정부시 의정부동 ***-* *층 ,2025-05-16 11:20:31
3820000,382000004720230003,2023-03-30,,영업/정상,,,,,0,,11695,빛나냥,I,000,2026-01-13 17:25:35,"경기도 의정부시 행복로 **, *층 (의정부동)",,정상,0000,01,,204321.99837994     ,470974.558668335    ,경기도 의정부시 의정부동 ***-* ,2023-03-30 10:43:43
3820000,382000004720230001,2023-03-02,,영업/정상,,,,,0,,11692,킹독,I,000,2026-01-13 17:25:35,"경기도 의정부시 호국로****번길 **, *,*층 (의정부동)",,정상,0000,01,,204297.024106444    ,471027.60279251     ,경기도 의정부시 의정부동 ***-* ,2025-06-04 16:24:40
3820000,382000004720190020,2019-03-26,,휴업,,2026-03-01,2027-02-28,,0,,11813,뉴욕도그랜드,I,000,2026-03-13 21:32:53,"경기도 의정부시 오목로***번길 ***, ***호 (민락동)",,휴업,0001,02,,208296.176544054    ,471537.518070621    ,경기도 의정부시 민락동 *** ,2026-03-12 16:27:32
3820000,382000004720180131,2018-12-12,,영업/정상,,,,,0,,11695,이리오시개,I,000,2026-01-13 17:25:35,경기도 의정부시 시민로***번길 ** (의정부동),,정상,0000,01,,204340.707181737    ,470908.429029792    ,경기도 의정부시 의정부동 ***-* ,2025-07-29 10:18:19
3820000,382000004720180078,2018-09-12,,영업/정상,,,,,0,,11697,다양하개,I,000,2026-01-13 17:25:35,"경기도 의정부시 시민로***번길 **, *층 (의정부동)",,정상,0000,01,,204194.892601413    ,470584.459529131    ,경기도 의정부시 의정부동 ***-* *층 ,2023-05-04 13:32:43
3820000,382000004720180025,2018-05-24,,영업/정상,,,,,0,,11695,니즈,I,000,2026-01-13 17:25:35,"경기도 의정부시 시민로***번길 **, *층 (의정부동)",,정상,0000,01,0318253592,204340.707181737    ,470908.429029792    ,경기도 의정부시 의정부동 ***-* ,2025-12-15 09:55:35
3820000,382000004720180067,2018-08-31,,폐업,2021-02-22,,,,0,,11695,낭만고양이,I,000,2026-01-13 17:25:35,"경기도 의정부시 행복로 **, *층 (의정부동)",,폐업,0002,03,07045302925,204277.893636055    ,470894.847928371    ,경기도 의정부시 의정부동 ***-* ,2022-04-28 18:09:20
3820000,382000004720180117,2018-11-01,,폐업,2025-01-02,,,,0,,11619,할리우독,I,000,2026-01-13 17:25:35,경기도 의정부시 호국로 *** (가능동),,폐업,0002,03,,200765.116333333    ,470454.048666667    ,경기도 의정부시 가능동 ***-** 보광석재 ,2025-01-02 15:44:21
3820000,382000004720190012,2019-02-15,,폐업,2020-03-02,,,,0,,11691,레삐,I,000,2026-01-13 17:25:35,"경기도 의정부시 평화로 ***-*, *층 (의정부동)",,폐업,0002,03,0318419978,204018.157149918    ,471173.17522629     ,경기도 의정부시 의정부동 ***-* ,2022-04-28 18:09:22
3820000,382000004720190047,2019-12-15,,폐업,2022-12-28,,,,0,,11695,미어캣파크 의정부점,I,L00,2026-01-13 17:25:35,"경기도 의정부시 행복로 *, 진성빌딩 *층 (의정부동)",,폐업,0002,03,,204182.692399911    ,470738.432994012    ,경기도 의정부시 의정부동 ***-** 진성빌딩 ,2022-12-28 14:44:58
3820000,382000004720180097,2018-10-04,,취소/말소/만료/정지/중지,2023-09-06,,,,0,,11695,애견깡패,I,000,2026-01-13 17:25:35,"경기도 의정부시 시민로***번길 **, *층 (의정부동)",,말소,0004,04,0318477990,204341.5389755      ,470958.127699808    ,경기도 의정부시 의정부동 ***-** ,2023-09-06 18:40:02
3820000,382000004720180113,2018-10-23,,취소/말소/만료/정지/중지,2023-09-06,,,,0,,11813,동행,I,000,2026-01-13 17:25:35,"경기도 의정부시 오목로***번길 **, 골든프라자* ***호 (민락동)",,말소,0004,04,,208522.078738319    ,471388.548380401    ,경기도 의정부시 민락동 ***-* ,2023-09-06 18:36:53
3820000,382000004720210003,2021-03-10,,폐업,2025-08-25,,,,0,,11695,낭만고양이,I,000,2026-01-13 17:25:35,"경기도 의정부시 행복로 **, *층 (의정부동)",,폐업,0002,03,,204277.893636055    ,470894.847928371    ,경기도 의정부시 의정부동 ***-* ,2025-12-17 14:32:53
3830000,383000004720240001,2024-06-03,,폐업,2026-04-16,,,,0,,13992,댕그리,U,000,2026-04-18 03:03:03,"경기도 안양시 만안구 장내로***번길 **, *층 (안양동)",,폐업,0002,03,,,,경기도 안양시 만안구 안양동 ***-** ,2026-04-17 09:31:40
3830000,383000004720230001,2023-11-09,,영업/정상,,,,,0,,13992,고양이집,I,000,2026-01-13 17:21:34,"경기도 안양시 만안구 만안로 ***-*, *층 (안양동)",,정상,0000,01,,,,경기도 안양시 만안구 안양동 ***-* ,2023-11-09 17:33:21
3830000,383000004720200002,2020-01-28,,영업/정상,,,,,0,,14055,힐링주,I,L00,2026-01-13 17:21:34,"경기도 안양시 동안구 시민대로***번길 *, W에이스타워 ***호, ***호 (관양동)",,정상,0000,01,0313404411,197007.982361199    ,432727.945796386    ,경기도 안양시 동안구 관양동 ****-* W에이스타워 ,2022-04-28 18:09:30
3830000,383000004720190024,2019-06-11,,취소/말소/만료/정지/중지,2026-04-21,,,,0,,13992,오독스(O-DOX),I,000,2026-04-23 21:33:00,"경기도 안양시 만안구 장내로***번길 **, *층 (안양동)",,말소,0004,04,,,,경기도 안양시 만안구 안양동 ***-*** ,2026-04-21 11:07:08
3830000,383000004720180089,2018-10-09,,취소/말소/만료/정지/중지,2026-04-21,,,,0,,14072,힐링캣,I,000,2026-04-23 21:33:00,"경기도 안양시 동안구 평촌대로***번길 **, 범계빌딩 ***호 (호계동)",,말소,0004,04,0313819755,195693.61991867     ,431993.866735922    ,경기도 안양시 동안구 호계동 ****-* 범계빌딩 ***호,2026-04-21 10:54:04
3830000,383000004720180047,2018-08-29,,영업/정상,,,,,0,,13911,위드독,I,000,2026-01-13 17:21:34,"경기도 안양시 만안구 예술공원로 ***, *층 (안양동)",,정상,0000,01,0314738114,,,경기도 안양시 만안구 안양동 **** *층 ,2022-04-28 18:09:19
3830000,383000004720200017,2020-11-27,,폐업,2024-08-23,,,,0,,13913,헤이브로,I,000,2026-01-13 17:21:34,"경기도 안양시 만안구 경수대로 ****, *층 (석수동)",,폐업,0002,03,,,,경기도 안양시 만안구 석수동 ***-* *층 ,2025-02-28 15:01:42
3830000,383000004720190032,2019-10-14,,폐업,2021-06-14,,,,0,,13987,하사랑,I,000,2026-01-13 17:21:34,"경기도 안양시 만안구 박달로 ***, *층 (박달동)",,폐업,0002,03,0314646789,,,경기도 안양시 만안구 박달동 **-* ,2022-04-28 18:09:29
3830000,383000004720180106,2018-10-11,,폐업,2019-12-18,,,,0,,14091,개와 고양이의 시간,I,000,2026-01-13 17:21:34,경기도 안양시 만안구 냉천로 ** (안양동),,폐업,0002,03,,,,경기도 안양시 만안구 안양동 ***-** ,2022-04-28 18:09:27
3830000,383000004720180094,2018-10-09,,폐업,2021-09-03,,,,0,,13992,고양이숲,I,000,2026-01-13 17:21:34,"경기도 안양시 만안구 장내로***번길 **, *층 (안양동)",,폐업,0002,03,0314650416,,,경기도 안양시 만안구 안양동 ***-*** ,2022-04-28 18:09:26
3830000,383000004720180072,2018-09-21,,폐업,2024-12-26,,,,0,,14072,킁킁,I,000,2026-01-13 17:21:34,"경기도 안양시 동안구 평촌대로***번길 **, 대건상가 ***호 (호계동)",,폐업,0002,03,0313821616,195907.230095363    ,432085.906813776    ,경기도 안양시 동안구 호계동 ****-* 대건상가 ***호,2024-12-26 17:35:10
3830000,383000004720180008,2018-04-27,,폐업,2020-05-20,,,,0,,13992,카페멍,I,000,2026-01-13 17:21:34,경기도 안양시 만안구 장내로***번길 **-* (안양동),,폐업,0002,03,0314417708,,,경기도 안양시 만안구 안양동 ***-** ,2022-04-28 18:09:16
3830000,383000004720240002,2024-10-23,,영업/정상,,,,,0,,13938,캣츠앤몬스터 고양이카페&분양,I,000,2026-01-13 17:21:34,"경기도 안양시 동안구 관악대로 ***, *층 (관양동)",,정상,0000,01,,196478.014718356    ,433559.346695826    ,"경기도 안양시 동안구 관양동 ****-** , *층 ",2025-05-02 10:43:16
3830000,383000004720180074,2018-09-21,,폐업,2025-12-30,,,,0,,14072,하늘을 걷는 고양이 카페,I,000,2026-01-13 17:21:34,"경기도 안양시 동안구 평촌대로***번길 **, ***호 (호계동)",,폐업,0002,03,07040647647,195762.578361254    ,432077.866989813    ,경기도 안양시 동안구 호계동 ****-* ***호,2025-12-31 16:38:24
3860000,386000004720260001,2026-02-25,,영업/정상,,,,,0,,14598,즐겁개,I,000,2026-02-26 21:02:50,"경기도 부천시 원미구 송내대로**번길 **, *차무궁화상가 ***~***호 (상동)",,정상,0000,01,,178029.678603856    ,443142.273743206    ,경기도 부천시 원미구 상동 *** *차무궁화상가 ,2026-02-25 15:41:36
3860000,386000004720180102,2018-10-15,,폐업,2026-01-22,,,,0,,14548,사바나 코쉬카,I,000,2026-01-23 21:02:50,"경기도 부천시 원미구 중동로***번길 **, 신풍프라자 *층 ***호 (중동)",,폐업,0002,03,,179838.939353663    ,444389.332995523    ,경기도 부천시 원미구 중동 ****-* 신풍프라자 ,2026-01-22 10:14:41
3860000,386000004720260002,2026-04-03,,영업/정상,,,,,0,,14546,퍼피유니티,I,000,2026-04-04 21:02:50,"경기도 부천시 원미구 소향로 ***, 일신빌딩 ***-***호 (중동)",,정상,0000,01,,178916.198669217    ,444493.608508541    ,경기도 부천시 원미구 중동 ****-* 일신빌딩 ,2026-04-03 15:32:26
3860000,386000004720180020,2018-05-28,,폐업,2020-06-04,,,,0,,14626,멍스타,I,000,2026-01-13 17:18:36,"경기도 부천시 원미구 부일로 ***, 황금빌딩 *층 ***,***호 (중동)",,폐업,0002,03,,179491.467042072    ,442856.232794867    ,경기도 부천시 원미구 중동 *** 황금빌딩 ,2022-04-28 18:09:09
3860000,386000004720180023,2018-06-04,,폐업,2020-10-21,,,,0,,14436,우드앤도그,I,000,2026-01-13 17:18:36,"경기도 부천시 오정구 오정로***번길 **, *층 (오정동)",,폐업,0002,03,,181219.090584282    ,447463.647430629    ,경기도 부천시 오정구 오정동 *** ,2023-01-18 13:17:36
3860000,386000004720180052,2018-09-17,,폐업,2025-03-14,,,,0,,14542,커멍커멍,I,000,2026-01-13 17:18:36,"경기도 부천시 원미구 길주로 ***, 상록그린힐빌딩 ***호 (상동)",,폐업,0002,03,,178504.051740812    ,444903.471908214    ,경기도 부천시 원미구 상동 ***-* 상록그린힐빌딩 ,2025-03-14 10:37:02
3860000,386000004720180110,2018-10-16,,폐업,2020-05-30,,,,0,,14635,헤이독,I,000,2026-01-13 17:18:36,"경기도 부천시 원미구 부일로***번길 **, *층 (심곡동)",,폐업,0002,03,0326117280,180599.86156257     ,442840.97059736     ,경기도 부천시 원미구 심곡동 ***-* ,2022-04-28 18:09:11
3860000,386000004720180146,2018-12-20,,폐업,2020-12-31,,,,0,,14635,미어캣놀이터 러블리쥬,I,000,2026-01-13 17:18:36,"경기도 부천시 원미구 부일로 ***, ***호 (심곡동)",,폐업,0002,03,,180528.221814898    ,442727.399188101    ,경기도 부천시 원미구 심곡동 ***-* ,2022-08-08 10:12:47
3860000,386000004720190011,2019-01-23,,폐업,2021-02-22,,,,0,,14637,독불장군,I,000,2026-01-13 17:18:36,"경기도 부천시 원미구 부일로 ***, 프리존 빌딩 ***호 (심곡동)",,폐업,0002,03,,180480.705338028    ,442664.19813911     ,경기도 부천시 원미구 심곡동 ***-* 프리존 빌딩 ,2022-04-28 18:09:13
3860000,386000004720190016,2019-02-12,,폐업,2020-08-23,,,,0,,14636,피아노 치는 고양이,I,000,2026-01-13 17:18:36,"경기도 부천시 원미구 부일로 ***, *층 (심곡동)",,폐업,0002,03,0326563163,180399.548817716    ,442681.189110622    ,경기도 부천시 원미구 심곡동 ***-* ,2022-04-28 18:09:13
3860000,386000004720220001,2022-09-26,,폐업,2025-03-14,,,,0,,14548,나무 위 고양이,I,000,2026-01-13 17:18:36,"경기도 부천시 원미구 중동로***번길 **, 매트로펠리스 Ⅱ-A ***호 (중동)",,폐업,0002,03,,179664.65667177     ,444368.130668659    ,경기도 부천시 원미구 중동 **** 매트로펠리스 Ⅱ-A ,2025-03-14 10:37:20
3860000,386000004720180025,2018-06-11,,영업/정상,,,,,0,,14548,함께할개 사랑할개,I,000,2026-01-13 17:18:36,"경기도 부천시 원미구 중동로***번길 **, 화이트몰빌딩 ***호 (중동)",,정상,0000,01,0323297752,179680.641275098    ,444515.38416489     ,경기도 부천시 원미구 중동 **** 화이트몰빌딩 ,2022-04-28 18:09:09
3860000,386000004720190057,2019-08-14,,영업/정상,,,,,0,,14694,뽀독,I,000,2026-01-13 17:18:36,"경기도 부천시 소사구 소삼로 **-*, 부천소사역 푸르지오 상가 ***호, ***호 (소사본동)",,정상,0000,01,0323460988,182072.30130011     ,441921.335628752    ,경기도 부천시 소사구 소사본동 ***-** 부천소사역 푸르지오 상가 ,2022-04-28 18:09:14
3860000,386000004720200045,2020-12-02,,폐업,2026-02-24,,,,0,,14546,똥강아지,I,000,2026-02-25 21:02:51,"경기도 부천시 원미구 석천로***번길 **, 파크리움 ***~***호 (중동)",,폐업,0002,03,0326625333,178788.868405563    ,444565.368369051    ,경기도 부천시 원미구 중동 ****-* 파크리움 ,2026-02-24 13:59:50
3860000,386000004720210007,2021-02-18,,영업/정상,,,,,0,,14637,댕댕냥냥,I,000,2026-01-13 17:18:36,"경기도 부천시 원미구 부천로*번길 **, *층 (심곡동)",,정상,0000,01,,180584.665158023    ,442588.665478413    ,경기도 부천시 원미구 심곡동 ***-* ,2022-10-25 11:24:45
3860000,386000004720210008,2021-02-19,,영업/정상,,,,,0,,14585,묘한사랑,I,L00,2026-01-13 17:18:36,"경기도 부천시 원미구 부흥로 ***, *층 (중동)",,정상,0000,01,0326534456,179178.679267767    ,443812.031961767    ,경기도 부천시 원미구 중동 ***-* ,2022-04-28 18:09:15
3900000,390000004720190012,2019-10-30,,폐업,2022-05-30,,,,0,,14248,마이쥬,I,000,2026-01-13 17:15:02,"경기도 광명시 하안로 ***, 세인빌딩 *층 ***호 (하안동)",,폐업,0002,03,,189237.766064871    ,440096.604556056    ,경기도 광명시 하안동 **-* 세인빌딩 ,2022-06-16 15:10:00
3900000,390000004720240001,2024-05-09,,영업/정상,,,,,0,,14293,고양이라서 행복해,I,000,2026-01-13 17:15:02,"경기도 광명시 광화로 **, *층 (광명동)",,정상,0000,01,,186315.604908855    ,441412.476369575    ,경기도 광명시 광명동 ***-** *층 ,2024-05-09 18:46:59
3900000,390000004720180027,2018-10-08,,영업/정상,,,,,0,,14316,멍스테이,I,000,2026-01-13 17:15:02,"경기도 광명시 소하로 **, ***호 (소하동)",,정상,0000,01,028976701,189607.983252934    ,438318.361034916    ,경기도 광명시 소하동 ****-* ***호,2022-12-09 18:21:35
3910000,391000004720220001,2022-09-19,,폐업,2024-03-11,,,,0,,17855,퍼피렌느,I,000,2026-01-13 17:27:06,"경기도 평택시 비전*길 **, *층 (비전동)",,폐업,0002,03,0316658108,209987.040776533    ,388962.795917663    ,경기도 평택시 비전동 **** ,2024-03-11 19:33:38
3910000,391000004720190055,2019-07-08,,영업/정상,,,,,0,,17902,삼층고양이 카페,I,000,2026-01-13 17:27:06,"경기도 평택시 평택*로**번길 **, ***호 (합정동)",,정상,0000,01,,209970.451524674    ,387551.017928257    ,경기도 평택시 합정동 ***-* ,2022-04-28 18:08:56
3910000,391000004720200054,2020-11-27,,폐업,2025-01-24,,,,0,,17789,펫스토리 애견유치원,I,000,2026-01-13 17:27:06,경기도 평택시 고덕면 고덕북로 ***,,폐업,0002,03,,201425.100584699    ,396170.688932956    ,경기도 평택시 고덕면 두릉리 ***-* ,2025-01-24 13:50:34
3910000,391000004720240001,2024-11-20,,영업/정상,,,,,0,,17742,애니멀클럽,I,000,2026-01-13 17:27:06,"경기도 평택시 청원로 ****, ***,***,***호 (가재동)",,정상,0000,01,,208146.177563167    ,393860.001964762    ,경기도 평택시 가재동 ** ,2024-11-20 11:02:01
3910000,391000004720180028,2018-06-05,,영업/정상,,,,,0,,17855,식빵굽냥,I,000,2026-01-13 17:27:06,"경기도 평택시 비전*길 **, *층 ***호 (비전동)",,정상,0000,01,,209847.18163328     ,389110.125178195    ,경기도 평택시 비전동 **** ***호,2022-04-28 18:08:52
3910000,391000004720180124,2018-10-18,,폐업,2023-09-05,,,,0,,17911,더독애견카페,I,000,2026-01-13 17:27:06,"경기도 평택시 평택*로*번길 **, *층 (평택동)",,폐업,0002,03,,207555.718092826    ,388035.047722671    ,경기도 평택시 평택동 **-** ,2023-09-05 17:47:55
3910000,391000004720200045,2020-11-13,,영업/정상,,,,,0,,17854,쉐이크테일 강아지 애견 유치원 호텔 미용,I,000,2026-01-13 17:27:06,"경기도 평택시 비전*로 **, 트러스트원 빌딩 ***호 (비전동)",,정상,0000,01,,210100.850995913    ,388775.188375195    ,경기도 평택시 비전동 ****-* 트러스트원 빌딩 ***호,2023-12-04 17:15:00
3910000,391000004720230001,2023-01-20,,영업/정상,,,,,0,,17854,브룩스 캣 카페,I,000,2026-01-13 17:27:06,"경기도 평택시 비전*로 **, 센트럴돔 *층 ****,****,****호 (비전동)",,정상,0000,01,,209944.809832606    ,388621.580123975    ,경기도 평택시 비전동 **** ,2023-01-20 09:30:14
3920000,392000004720250002,2025-04-08,,영업/정상,,,,,0,,11322,벨리독,I,000,2026-01-13 17:18:02,"경기도 동두천시 탑신로 ***, *층 (탑동동)",,정상,0000,01,,209524.641621053    ,487815.57377833     ,경기도 동두천시 탑동동 ***-* ,2025-04-16 15:52:48
3920000,392000004720250001,2025-03-13,,영업/정상,,,,,0,,11350,멍멍이네,I,000,2026-01-13 17:18:02,"경기도 동두천시 동두천로 ***, 송내메가타운 *층 ***호 (지행동)",,정상,0000,01,,204735.770189097    ,487644.237271792    ,경기도 동두천시 지행동 ***-* 송내메가타운 ***호,2025-03-13 09:55:24
3920000,392000004720240001,2024-08-16,,폐업,2025-09-02,,,,0,,11350,패트와 매트,I,000,2026-01-13 17:18:02,"경기도 동두천시 지행로 **, 성지에스앤비타워 ***호 (지행동)",,폐업,0002,03,,204557.102323171    ,487718.114551363    ,경기도 동두천시 지행동 ***-* 성지에스앤비타워 ,2025-09-02 13:03:55
3930000,393000004720240004,2024-12-10,,영업/정상,,,,,0,,15360,"냥카페,루브",U,000,2026-04-14 03:03:03,"경기도 안산시 단원구 예술대학로 **, 안산중앙노블레스 ***호 (고잔동)",,정상,0000,01,,185438.522300612    ,424085.645643092    ,경기도 안산시 단원구 고잔동 ***-* 안산중앙노블레스 ,2026-04-13 11:23:23
3930000,393000004720250001,2025-02-17,,영업/정상,,,,,0,,15330,쿤이네집,I,000,2026-03-26 22:46:11,"경기도 안산시 단원구 화정로 **-*, *층 (와동)",,정상,0000,01,,183966.378053454    ,425527.941359466    ,경기도 안산시 단원구 와동 ***-* ,2025-02-17 10:05:42
3930000,393000004720250002,2025-07-04,,영업/정상,,,,,0,,15280,우다다다 고양이카페,I,000,2026-03-26 22:46:11,"경기도 안산시 상록구 월피로 **, *층 (월피동)",,정상,0000,01,,186828.933749866    ,425890.801282042    ,경기도 안산시 상록구 월피동 ***-* ,2025-07-04 10:30:14
3930000,393000004720180018,2018-05-21,,취소/말소/만료/정지/중지,2025-12-31,,,,0,,15495,드럼통고양이,I,000,2026-03-26 22:46:11,"경기도 안산시 상록구 광덕*로 ***, 덕성프라자 ***호 (이동)",,말소,0004,04,0314089722,186813.342863223    ,422929.94691684     ,경기도 안산시 상록구 이동 ***-** 덕성프라자 ,2026-01-02 15:20:26
3930000,393000004720200015,2020-05-25,,취소/말소/만료/정지/중지,2025-12-31,,,,0,,15471,멍멍아 준비땅,I,000,2026-03-26 22:46:11,"경기도 안산시 단원구 광덕서로 **, 안산법조타운 ***호 (고잔동)",,말소,0004,04,,184655.783469792    ,423382.735893935    ,경기도 안산시 단원구 고잔동 *** 안산법조타운 ,2026-01-08 14:55:09
3930000,393000004720200025,2020-09-29,,취소/말소/만료/정지/중지,2025-12-31,,,,0,,15208,디비독,I,000,2026-03-26 22:46:11,"경기도 안산시 상록구 버대길 ***, *층 (양상동)",,말소,0004,04,,186336.327179867    ,427699.41769198     ,경기도 안산시 상록구 양상동 ***-* ,2026-01-08 14:55:54
3930000,393000004720180067,2018-09-06,,폐업,2019-07-15,,,,0,,15489,도도냥 고양이카페&amp;호텔,I,000,2026-03-26 22:46:11,"경기도 안산시 상록구 이동공원로 **, *층 (이동)",,폐업,0002,03,,186576.462869422    ,423109.190222184    ,경기도 안산시 상록구 이동 ***-* ,2022-04-28 18:09:20
3930000,393000004720180091,2018-10-01,,폐업,2022-12-23,,,,0,,15459,비컨드,I,000,2026-03-26 22:46:11,"경기도 안산시 단원구 광덕*로 **, *층 (고잔동)",,폐업,0002,03,,184161.633180435    ,423471.642442828    ,경기도 안산시 단원구 고잔동 *** ,2022-12-23 15:56:54
3930000,393000004720180097,2018-10-04,,폐업,2020-01-20,,,,0,,15459,레츠개릿,I,000,2026-03-26 22:46:11,"경기도 안산시 단원구 광덕*로 **,  B**호호 (고잔동)",,폐업,0002,03,,184161.633180435    ,423471.642442828    ,경기도 안산시 단원구 고잔동 *** ,2022-04-28 18:09:22
3930000,393000004720180101,2018-10-25,,폐업,2020-05-22,,,,0,,15471,그냥저냥카페,I,000,2026-03-26 22:46:11,"경기도 안산시 단원구 광덕서로 **, 안산법조타운 ***호 (고잔동)",,폐업,0002,03,,184655.783469792    ,423382.735893935    ,경기도 안산시 단원구 고잔동 *** 안산법조타운 ,2022-04-28 18:09:22
3930000,393000004720190024,2019-07-15,,폐업,2022-08-30,,,,0,,15360,댕블리,I,000,2026-03-26 22:46:11,"경기도 안산시 단원구 고잔*길 **, 코스모프라자 *층 (고잔동)",,폐업,0002,03,,185403.460476815    ,424004.760892409    ,경기도 안산시 단원구 고잔동 ***-* 코스모프라자 ,2022-12-07 19:45:48
3930000,393000004720190031,2019-09-09,,폐업,2020-04-20,,,,0,,15489,플러피멍,I,000,2026-03-26 22:46:11,"경기도 안산시 상록구 이동공원로 **, *층 (이동)",,폐업,0002,03,,186576.462869422    ,423109.190222184    ,경기도 안산시 상록구 이동 ***-* ,2022-04-28 18:09:24
3930000,393000004720200027,2020-10-06,,폐업,2025-04-17,,,,0,,15448,하이멍멍,I,000,2026-03-26 22:46:11,"경기도 안산시 단원구 광덕*로 **, 로얄프라자 ***호 (초지동)",,폐업,0002,03,,183598.272359153    ,422926.543328605    ,경기도 안산시 단원구 초지동 *** 로얄프라자 ,2025-04-17 16:10:30
3930000,393000004720210025,2021-09-16,,폐업,2024-06-12,,,,0,,15361,프리댕,I,000,2026-03-26 22:46:11,"경기도 안산시 단원구 고잔*길 **, 리치프라자 ***,***호 (고잔동)",,폐업,0002,03,,185900.936877908    ,423973.573824679    ,경기도 안산시 단원구 고잔동 ***-* 리치프라자 ,2024-06-12 16:58:29
3930000,393000004720220009,2022-03-31,,폐업,2024-06-12,,,,0,,15360,묘한스핑크스까페 안산고잔점,I,000,2026-03-26 22:46:11,"경기도 안산시 단원구 고잔*길 **, ***호 (고잔동)",,폐업,0002,03,,185381.138274595    ,423954.956682969    ,경기도 안산시 단원구 고잔동 ***-* 동아아케이드빌딩 ***호,2024-06-12 11:14:23
3930000,393000004720240001,2024-03-12,,폐업,2025-04-29,,,,0,,15582,요미야 놀자,I,000,2026-03-26 22:46:11,"경기도 안산시 상록구 석호로 ***, *층 (사동)",,폐업,0002,03,,186937.241668555    ,421492.413070712    ,경기도 안산시 상록구 사동 ****-* ,2025-05-01 10:16:43
3930000,393000004720190027,2019-08-13,,영업/정상,,,,,0,,15471,gathering(개더링),I,000,2026-03-26 22:46:11,"경기도 안산시 단원구 광덕대로 ***, 웅신아트프라자 ***호 (고잔동)",,정상,0000,01,,184780.940100307    ,423235.932083668    ,경기도 안산시 단원구 고잔동 *** 웅신아트프라자 ,2022-04-28 18:09:24
3930000,393000004720190037,2019-12-11,,영업/정상,,,,,0,,15274,개날라리,I,000,2026-03-26 22:46:11,"경기도 안산시 상록구 시낭로 **, *호 (월피동)",,정상,0000,01,,186988.431718913    ,425864.652549886    ,경기도 안산시 상록구 월피동 ***-** ,2022-10-06 14:28:11
3930000,393000004720210005,2021-03-03,,영업/정상,,,,,0,,15465,웜웜,I,000,2026-03-26 22:46:11,"경기도 안산시 단원구 이삭*길 **, *층 (고잔동)",,정상,0000,01,,185774.154613411    ,423383.111407862    ,경기도 안산시 단원구 고잔동 ***-* ,2022-04-28 18:09:26
3930000,393000004720220016,2022-04-20,,영업/정상,,,,,0,,15630,문래빗(MOON RABBIT),I,000,2026-03-26 22:46:11,"경기도 안산시 상록구 장화*안길 **, *층 (사동)",,정상,0000,01,,187006.075613493    ,420213.385300162    ,경기도 안산시 상록구 사동 ****-* ,2022-12-22 09:10:57
3930000,393000004720180061,2018-09-04,,영업/정상,,,,,0,,15306,도그카페,I,000,2026-03-26 22:46:11,"경기도 안산시 상록구 부곡로 ***, 부곡웨스턴빌딩 ***호 (부곡동)",,정상,0000,01,,187786.268816856    ,425616.30082271     ,경기도 안산시 상록구 부곡동 ***-* 부곡웨스턴빌딩 ,2022-04-28 18:09:20
3930000,393000004720180080,2018-09-20,,영업/정상,,,,,0,,15360,(주) 가나펫,I,L00,2026-03-26 22:46:11,"경기도 안산시 단원구 중앙대로 ***, 롯데프라자 (고잔동)",,정상,0000,01,,185430.424306732    ,423951.686644527    ,경기도 안산시 단원구 고잔동 ***-* 롯데프라자 ,2025-06-04 15:42:35
3930000,393000004720180089,2018-09-27,,영업/정상,,,,,0,,15361,오르치그로치,I,000,2026-03-26 22:46:11,"경기도 안산시 단원구 고잔로 ***, 신광프라자 ***호 (고잔동)",,정상,0000,01,,185619.345          ,424090.305          ,경기도 안산시 단원구 고잔동 ***-* 신광프라자 ,2022-04-28 18:09:21
3930000,393000004720180094,2018-10-01,,영업/정상,,,,,0,,15445,하비멍 루프탑,I,000,2026-03-26 22:46:11,"경기도 안산시 단원구 광덕*로 **-**, 국제프라자 *층 (초지동)",,정상,0000,01,,183650.190000001    ,423080.265          ,경기도 안산시 단원구 초지동 ***-* 국제프라자 ,2026-01-12 16:28:35
3930000,393000004720190025,2019-07-18,,영업/정상,,,,,0,,15495,루프앤독,I,000,2026-03-26 22:46:11,"경기도 안산시 상록구 중보로 **, ***호 (이동)",,정상,0000,01,,186624.95458117     ,422700.307420993    ,경기도 안산시 상록구 이동 ***-* ,2022-12-08 13:07:22
3930000,393000004720220017,2022-07-14,,영업/정상,,,,,0,,15477,고양이숲,I,000,2026-03-26 22:46:11,"경기도 안산시 단원구 광덕*로 ***-*, 성진빌딩 ***호 (고잔동)",,정상,0000,01,,184970.825832953    ,423021.882613079    ,경기도 안산시 단원구 고잔동 ***-* 성진빌딩 ,2022-07-14 15:18:44
3930000,393000004720220018,2022-11-24,,영업/정상,,,,,0,,15426,쥬니멀,I,000,2026-03-26 22:46:11,"경기도 안산시 단원구 산단로 ***, 리드 스마트스퀘어 지식산업센터 *층 C-***호 (신길동)",,정상,0000,01,,180878.941038538    ,424612.422892591    ,경기도 안산시 단원구 신길동 **** 리드 스마트스퀘어 지식산업센터 ,2022-11-24 16:20:58
3930000,393000004720240002,2024-07-30,,영업/정상,,,,,0,,15504,호텔 샤샤,I,000,2026-03-26 22:46:11,"경기도 안산시 상록구 용신로 ***, *층 (사동)",,정상,0000,01,,186160.651577813    ,422419.882547413    ,경기도 안산시 상록구 사동 ****-* ,2024-07-30 13:26:11
3930000,393000004720240003,2024-11-11,,영업/정상,,,,,0,,15471,버만캣패밀리,I,000,2026-03-26 22:46:11,"경기도 안산시 단원구 광덕대로 ***, 퍼스트빌 ***호 (고잔동)",,정상,0000,01,,184777.11402756     ,423180.884269575    ,경기도 안산시 단원구 고잔동 ***-* 퍼스트빌 ,2024-11-11 16:16:13
3940000,394000004720200002,2020-01-07,,영업/정상,,,,,0,,10480,로제몽,I,000,2026-01-13 17:14:06,"경기도 고양시 덕양구 충장로***번길 **, *층 (성사동)",,정상,0000,01,,186074.282590783    ,460034.285685893    ,경기도 고양시 덕양구 성사동 ***-* ,2023-07-06 13:15:09
3940000,394000004720200027,2020-02-25,,영업/정상,,,,,0,,10570,DOG&U,I,000,2026-01-13 17:14:06,"경기도 고양시 덕양구 신원로*길 **, ***호 (신원동)",,정상,0000,01,,190233.73           ,462053.835000001    ,경기도 고양시 덕양구 신원동 ***-* ,2022-04-28 18:09:10
3940000,410010004720250001,2025-07-25,,영업/정상,,,,,0,,10242,캣플헤븐 일산탄현점,I,000,2026-01-13 17:14:11,"경기도 고양시 일산서구 일현로 **-**, 판매시설동 지하*층 B***호 (탄현동, 일산 위브더제니스)",,정상,0000,01,,179005.665068939    ,465786.029740427    ,경기도 고양시 일산서구 탄현동 **** 일산 위브더제니스 ,2025-07-25 10:52:04
3940000,396010004720240003,2024-08-26,,영업/정상,,,,,0,,10358,미뇽 캣,I,000,2026-01-13 17:14:10,"경기도 고양시 일산동구 무궁화로***번길 **, *층 (정발산동)",,정상,0000,01,,180548.490437707    ,463350.669374912    ,경기도 고양시 일산동구 정발산동 ****-* *층 ,2024-08-26 18:29:35
3940000,394000004720190089,2019-10-16,,취소/말소/만료/정지/중지,2025-05-14,,,,0,,10401,오늘의 개스트,I,000,2026-01-13 17:14:06,"경기도 고양시 일산동구 무궁화로 **, 남정씨티프라자* *층 ***호 (장항동)",,말소,0004,04,,179492.666132508    ,462272.008263397    ,경기도 고양시 일산동구 장항동 ***-* 남정씨티프라자 ,2025-05-14 13:52:08
3940000,394000004720190032,2019-04-10,,취소/말소/만료/정지/중지,2025-05-14,,,,0,,10403,왈왈이애견카페웨스턴돔점,I,000,2026-01-13 17:14:06,"경기도 고양시 일산동구 정발산로 **, 웨스턴돔 B동 *층 ***호 (장항동)",,말소,0004,04,,179867.687196662    ,461402.023019802    ,경기도 고양시 일산동구 장항동 *** 웨스턴돔 B동 ***호,2025-05-14 13:50:55
3940000,410010004720210007,2021-05-07,,폐업,2021-05-11,,,,0,,10234,테일 더 블루,I,000,2026-01-13 17:14:11,"경기도 고양시 일산서구 하이파크*로 **, 금문프라자 *층 ***호 (덕이동)",,폐업,0002,03,,,,경기도 고양시 일산서구 덕이동 **** ,2022-04-28 18:09:14
3940000,396010004720220004,2022-01-21,,폐업,2023-03-17,,,,0,,10401,멍바라기,I,000,2026-01-13 17:14:10,"경기도 고양시 일산동구 무궁화로 **-**, 라페스타C ***호 (장항동)",,폐업,0002,03,,179511.696299969    ,462156.749119648    ,경기도 고양시 일산동구 장항동 *** 라페스타C ***호,2023-03-17 14:28:40
3940000,395000004720210029,2021-11-12,,폐업,2023-10-26,,,,0,,10500,로던트클럽 화정 본점,I,000,2026-01-13 17:14:08,"경기도 고양시 덕양구 화신로***번길 **, 진솔그린프라자 *층 ***호 (화정동)",,폐업,0002,03,0319672491,185147.541774881    ,458916.597159053    ,경기도 고양시 덕양구 화정동 *** 진솔그린프라자 ,2023-10-27 09:04:26
3940000,394000004720200055,2020-05-21,,폐업,2024-09-03,,,,0,,10550,코코앤몽펫카페,I,000,2026-01-13 17:14:06,경기도 고양시 덕양구 고양대로 **** (삼송동),,폐업,0002,03,023026607,189038.43048948     ,460382.224427046    ,경기도 고양시 덕양구 삼송동 ***-* ,2024-09-03 13:14:37
3940000,394000004720190095,2019-10-28,,폐업,2024-12-10,,,,0,,10401,왈왈이 애견카페,I,000,2026-01-13 17:14:06,"경기도 고양시 일산동구 무궁화로 **-**, 라페스타E ***,***호 (장항동)",,폐업,0002,03,,179444.375045271    ,462243.31266478     ,경기도 고양시 일산동구 장항동 *** 라페스타E ,2024-12-10 14:42:19
3940000,394000004720190051,2019-07-01,,폐업,2024-01-11,,,,0,,10208,안냥하세요,I,000,2026-01-13 17:14:06,"경기도 고양시 일산서구 가좌로 **, 지하층 (가좌동)",,폐업,0002,03,,175553.891406909    ,465430.262952766    ,경기도 고양시 일산서구 가좌동 ***-* ,2024-01-11 15:47:57
3940000,394000004720190042,2019-05-17,,폐업,2020-02-05,,,,0,,10497,고냥이,I,000,2026-01-13 17:14:06,"경기도 고양시 덕양구 화중로***번길 **, 한솔타워 ***호 (화정동)",,폐업,0002,03,,185151.002255208    ,459295.682912674    ,경기도 고양시 덕양구 화정동 ***-* 한솔타워 ***호,2022-04-28 18:09:08
3940000,394000004720190027,2019-04-03,,폐업,2021-12-31,,,,0,,10392,이삭애견스쿨,I,000,2026-01-13 17:14:06,"경기도 고양시 일산서구 한류월드로 ***, 원마운트 ****호 (대화동)",,폐업,0002,03,0319616450,178268.135568909    ,462480.734362689    ,경기도 고양시 일산서구 대화동 **** 원마운트 ****호,2022-04-28 18:09:06
3940000,395000004720240001,2024-10-25,,영업/정상,,,,,0,,10291,고양이동산,I,000,2026-01-13 17:14:08,경기도 고양시 덕양구 호국로****번길 ***-** (원당동),,정상,0000,01,,187770.84961358     ,464229.859949472    ,경기도 고양시 덕양구 원당동 ***-* ,2024-10-25 13:37:47
3940000,395000004720240002,2024-12-10,,영업/정상,,,,,0,,10264,묘한 댕린이집,I,000,2026-01-13 17:14:08,경기도 고양시 덕양구 내유길 *** (내유동),,정상,0000,01,,188051.762665233    ,469050.75957519     ,경기도 고양시 덕양구 내유동 *-* ,2024-12-10 13:48:15
3940000,395000004720250001,2025-12-11,,영업/정상,,,,,0,,10590,오늘 뭐하개,I,000,2026-01-13 17:14:08,경기도 고양시 덕양구 삼송로***번길 **-* (삼송동),,정상,0000,01,,190261.997989777    ,461082.644058788    ,경기도 고양시 덕양구 삼송동 ***-** ,2025-12-11 15:21:48
3940000,395000004720250002,2025-12-31,,영업/정상,,,,,0,,10545,"다색, 냥",I,L00,2026-01-13 17:14:08,"경기도 고양시 덕양구 꽃내음*길 **, 지층 (향동동)",,정상,0000,01,,190206.131820355    ,455111.810925248    ,경기도 고양시 덕양구 향동동 ***-* ,2026-01-02 09:06:40
3940000,396010004720220005,2022-12-15,,영업/정상,,,,,0,,10300,핫도그(HOTDOG),I,000,2026-01-13 17:14:10,경기도 고양시 일산동구 고일로***번길 **(풍동),,정상,0000,01,,182704.245861134    ,461555.514610149    ,경기도 고양시 일산동구 풍동 **-* ,2022-12-15 11:31:29
3940000,396010004720220006,2022-12-21,,영업/정상,,,,,0,,10401,집사의 하루 일산점,I,000,2026-01-13 17:14:10,"경기도 고양시 일산동구 중앙로****번길 **, 루비튜스데이 *층 ***호 (장항동)",,정상,0000,01,,179626.558971719    ,461897.106097864    ,경기도 고양시 일산동구 장항동 ***-* 루비튜스데이 ***호,2025-08-08 17:27:15
3940000,396010004720230001,2023-04-17,,영업/정상,,,,,0,,10401,피터펫카페 일산점,I,000,2026-02-10 21:02:50,"경기도 고양시 일산동구 무궁화로 **-**, 라페스타C *층 ***호 (장항동)",,정상,0000,01,0319222440,179511.696299969    ,462156.749119648    ,경기도 고양시 일산동구 장항동 *** 라페스타C ***호,2026-02-09 14:35:35
3940000,396010004720230002,2023-12-18,,영업/정상,,,,,0,,10401,냥이시대,I,000,2026-01-13 17:14:10,"경기도 고양시 일산동구 중앙로****번길 **-**, 크리스탈빌딩 ***호 (장항동)",,정상,0000,01,0319192333,179528.825639379    ,461958.823317754    ,경기도 고양시 일산동구 장항동 ***-* 크리스탈빌딩 ***호,2023-12-18 10:55:18
3940000,396010004720240001,2024-02-13,,영업/정상,,,,,0,,10402,냥떼목장,I,000,2026-01-13 17:14:10,"경기도 고양시 일산동구 정발산로 **, 드림월드빌딩 ***호 (장항동)",,정상,0000,01,,179703.277546761    ,461593.64421342     ,경기도 고양시 일산동구 장항동 ***-* 드림월드빌딩 ***호,2025-11-27 14:39:20
3940000,396010004720240002,2024-03-04,,영업/정상,,,,,0,,10401,냥이놀이터,I,000,2026-01-13 17:14:10,"경기도 고양시 일산동구 무궁화로 **-**, 라페스타E *층 ***호 (장항동)",,정상,0000,01,,179444.375045271    ,462243.31266478     ,경기도 고양시 일산동구 장항동 *** 라페스타E ***호,2025-09-12 08:42:11
3940000,394000004720180042,2018-05-15,,폐업,2024-08-08,,,,0,,10228,강아지 놀이터,I,000,2026-01-13 17:14:06,"경기도 고양시 일산서구 덕이로 ***, ***호 (덕이동)",,폐업,0002,03,,176955.410563085    ,465989.151051305    ,경기도 고양시 일산서구 덕이동 ***-* ,2024-08-09 09:10:23
3940000,394000004720180052,2018-05-23,,폐업,2024-07-01,,,,0,,10401,착한퍼피,I,000,2026-01-13 17:14:06,"경기도 고양시 일산동구 무궁화로 **-**, 라페스타E ***호 (장항동)",,폐업,0002,03,,179444.375045271    ,462243.31266478     ,경기도 고양시 일산동구 장항동 *** 라페스타E ,2024-07-01 16:31:44
3940000,394000004720180058,2018-05-29,,폐업,2023-07-04,,,,0,,10390,몰리스펫샵 이마트 킨텍스점,I,L00,2026-01-13 17:14:06,"경기도 고양시 일산서구 킨텍스로 ***, 이마트타운 지하*층 (대화동)",,폐업,0002,03,0319361142,177349.707402843    ,462162.606173795    ,경기도 고양시 일산서구 대화동 **** 이마트타운 ,2023-07-04 13:21:51
3940000,394000004720180072,2018-06-26,,폐업,2019-07-02,,,,0,,10370,도그홀리데이,I,000,2026-01-13 17:14:06,"경기도 고양시 일산서구 일산로***번길 *-*, *층 (대화동)",,폐업,0002,03,,178583.63           ,464384.7            ,경기도 고양시 일산서구 대화동 ****-* ,2022-04-28 18:09:02
3940000,394000004720180183,2018-11-28,,폐업,2020-11-10,,,,0,,10500,개토피아,I,000,2026-01-13 17:14:06,"경기도 고양시 덕양구 화신로***번길 **, 유퍼스트빌딩 *층 ***호 (화정동)",,폐업,0002,03,07088306122,185099.23360791     ,458968.770357041    ,경기도 고양시 덕양구 화정동 ***-* 유퍼스트빌딩 ,2022-04-28 18:09:05
3940000,394000004720190003,2019-01-03,,폐업,2023-01-03,,,,0,,10323,왈왈펫카페,I,000,2026-01-13 17:14:06,"경기도 고양시 일산동구 위시티*로**번길 **-*, 센트럴프라자 *층 (식사동)",,폐업,0002,03,07046032673,183378.691800766    ,463859.021764009    ,경기도 고양시 일산동구 식사동 **** ,2023-01-03 15:18:23
3980000,398000004720260001,2026-02-26,,영업/정상,,,,,0,,11934,도그포레,I,000,2026-02-27 21:02:51,"경기도 구리시 안골로 **, 삼영멤버스텔 *층 ***호 (교문동)",,정상,0000,01,,211982.810588252    ,454986.059042154    ,경기도 구리시 교문동 ***-* 삼영멤버스텔 ***호,2026-02-26 12:41:25
3980000,398000004720220001,2022-06-27,,영업/정상,,,,,0,,11935,지금여기서행복하개,I,000,2026-01-13 17:16:03,"경기도 구리시 안골로 *, 프라자빌딩 *층 (교문동)",,정상,0000,01,,211540.709703955    ,454973.592255452    ,경기도 구리시 교문동 ***-* 프라자빌딩 ,2025-05-08 11:32:22
3990000,399000004720200028,2020-05-12,,폐업,2025-07-23,,,,0,,12100,파파퍼피 DOG하우스,I,000,2026-01-13 17:17:35,경기도 남양주시 불암로**번길 * (별내동),,폐업,0002,03,,209574.369244784    ,460683.706391163    ,경기도 남양주시 별내동 ***-* ,2025-07-23 15:03:12
3990000,399000004720190033,2019-09-09,,폐업,2021-03-31,,,,0,,12285,띵크멍,I,000,2026-01-13 17:17:35,"경기도 남양주시 다산중앙로**번길 **-**, 다산진건지구 F*-*-* ***호 (다산동)",,폐업,0002,03,,213783.775410432    ,457007.657688662    ,경기도 남양주시 다산동 ****-* 다산동 ****-* ***호,2022-04-28 18:09:25
3990000,399000004720220022,2022-03-23,,폐업,2022-08-22,,,,0,,12157,멍냥 프렌즈,I,000,2026-01-13 17:17:35,경기도 남양주시 화도읍 먹갓로 **,,폐업,0002,03,,224033.484039705    ,462038.589100284    ,경기도 남양주시 화도읍 묵현리 ***-* ,2022-08-22 16:44:42
3990000,399000004720220004,2022-01-12,,폐업,2023-01-18,,,,0,,12202,여기있어 고양이,I,000,2026-01-13 17:17:35,"경기도 남양주시 와부읍 수레로 ***, ***,***호",,폐업,0002,03,,223155.860275825    ,456480.746721274    ,경기도 남양주시 와부읍 월문리 *** ,2023-01-18 18:07:53
3990000,399000004720180073,2018-09-27,,영업/정상,,,,,0,,12097,고양이카페38.5,I,000,2026-01-13 17:17:35,"경기도 남양주시 별내*로 ***, ***호 (별내동)",,정상,0000,01,,210304.075          ,462669.09           ,경기도 남양주시 별내동 ***-* ***호,2022-04-28 18:09:19
3990000,399000004720180034,2018-08-07,,영업/정상,,,,,0,,12113,아쿠아 파크,I,000,2026-01-13 17:17:35,"경기도 남양주시 별내*로 **, *층 ***호 (별내동)",,정상,0000,01,,210953.837715752    ,460458.922067484    ,경기도 남양주시 별내동 **** *호,2022-04-28 18:09:13
3990000,399000004720240001,2024-01-25,,영업/정상,,,,,0,,12248,설렘고양이카페,I,000,2026-01-13 17:17:35,"경기도 남양주시 다산중앙로***번길 **-*, 신해센트럴타워 IV ***호 (다산동)",,정상,0000,01,,213310.633102774    ,457880.449637721    ,경기도 남양주시 다산동 ****-* 신해센트럴타워 IV ***호,2024-01-25 10:41:38
3990000,399000004720230002,2023-07-26,,영업/정상,,,,,0,,12285,테이블에이,I,L00,2026-01-13 17:17:35,"경기도 남양주시 다산중앙로***번길 **-**, 원픽프라자 *차 *층 ***,***호 (다산동)",,정상,0000,01,,213533.381092865    ,458103.494866093    ,경기도 남양주시 다산동 **** ,2023-07-26 09:11:26
3990000,399000004720230001,2023-04-18,,영업/정상,,,,,0,,12105,나만 없어 고양이,I,000,2026-01-13 17:17:35,"경기도 남양주시 두물로**번길 **, *층 일부 (별내동)",,정상,0000,01,,210977.702318861    ,461573.017116367    ,경기도 남양주시 별내동 ***-* ,2023-04-18 13:02:41
3990000,399000004720180007,2018-05-03,,영업/정상,,,,,0,,12268,니멍내멍,I,000,2026-01-13 17:17:35,"경기도 남양주시 강변북로***번길 **, 정원바베큐시대 (수석동)",,정상,0000,01,,214847.791146799    ,454258.876550859    ,경기도 남양주시 수석동 *** 정원바베큐시대 ,2025-07-22 11:20:16
3990000,399000004720240002,2024-12-12,,영업/정상,,,,,0,,12097,별빛쉼표,I,000,2026-01-13 17:17:35,"경기도 남양주시 덕송*로*번길 **-**, *층 (별내동)",,정상,0000,01,0315101679,210210.79           ,462589.655          ,경기도 남양주시 별내동 ***-* ,2025-07-27 15:21:31
4000000,400000004720200011,2023-06-13,,영업/정상,,,,,0,,18114,함께냥 본점,I,000,2026-01-13 17:24:03,경기도 오산시 내삼미로**번길 ** (수청동),,정상,0000,01,,205909.585          ,407472.025          ,경기도 오산시 수청동 ***-* ,2023-06-13 11:02:21
4000000,400000004720180007,2018-08-09,,영업/정상,,,,,0,,18143,퍼피앤유,I,000,2026-01-13 17:24:03,"경기도 오산시 경기대로 ***, *층 (원동)",,정상,0000,01,0313747007,206407.349053388    ,403910.167326734    ,경기도 오산시 원동 ***-* *층 ,2022-04-28 18:09:18
4000000,400000004720180051,2018-11-21,,폐업,2019-02-15,,,,0,,18121,고양이 카페,I,000,2026-01-13 17:24:03,"경기도 오산시 궐리사로**번길 **, 한솔빌 *층 (궐동)",,폐업,0002,03,,205128.019000567    ,406524.52075994     ,경기도 오산시 궐동 ***-* 한솔빌 ,2022-04-28 18:09:20
4010000,401000004720220001,2022-12-28,,영업/정상,,,,,0,,14917,"안녕, 고양이",I,000,2026-03-10 21:36:36,"경기도 시흥시 대은로 **, 대양빌딩 ***호 (은행동)",,정상,0000,01,,182111.269402746    ,438106.493449361    ,경기도 시흥시 은행동 ***-* 대양빌딩 ***호,2025-12-03 10:50:22
4010000,401000004720210032,2021-08-26,,영업/정상,,,,,0,,14923,호수로 간 고양이,I,000,2026-03-10 21:36:36,"경기도 시흥시 은계중앙로 ***, 신강레이크뷰 ***호 (은행동)",,정상,0000,01,,182553.436833625    ,438125.025281663    ,경기도 시흥시 은행동 *** ***호,2025-07-31 16:51:35
4010000,401000004720200005,2020-02-11,,폐업,2022-01-31,,,,0,,15011,그레이트펫 시흥점,I,000,2026-03-10 21:36:34,"경기도 시흥시 서울대학로***번길 **, 서영베니스스퀘어 ***호 (배곧동)",,폐업,0002,03,,176072.60072494     ,429602.843996773    ,경기도 시흥시 배곧동 ***-* 서영베니스스퀘어 ***호,2022-04-28 18:09:16
4010000,401000004720190027,2019-09-09,,폐업,2022-12-13,,,,0,,14998,루비펫살롱,I,000,2026-03-10 21:36:34,"경기도 시흥시 시청로**번길 **, *층 (장현동, 이즈라이프)",,폐업,0002,03,,182415.491870149    ,431131.442819099    ,경기도 시흥시 장현동 ***-* 이즈라이프 ,2022-12-15 09:05:01
4010000,401000004720180051,2018-09-21,,폐업,2023-07-07,,,,0,,15066,까페 개정촌,I,000,2026-03-10 21:36:34,"경기도 시흥시 중심상가*길 **, 그린프라자 *층 (정왕동)",,폐업,0002,03,07077631105,176632.562718335    ,427026.977285136    ,경기도 시흥시 정왕동 ****-** 그린프라자 ,2023-07-07 17:44:52
4010000,401000004720250003,2025-11-26,,영업/정상,,,,,0,,14912,주식회사 부타캣시흥,I,L00,2026-03-10 21:36:38,"경기도 시흥시 비둘기공원*길 *, 성원상떼빌더센트럴 ***호 (대야동)",,정상,0000,01,,181487.447272276    ,437963.787017635    ,경기도 시흥시 대야동 ***-* 성원상떼빌더센트럴 ***호,2025-11-26 09:34:02
4010000,401000004720250002,2025-09-11,,영업/정상,,,,,0,,14922,멍플,I,000,2026-03-10 21:36:38,"경기도 시흥시 수인로****번길 **, 에듀타운 ***호 (은행동)",,정상,0000,01,,182052.351676377    ,437184.104187187    ,경기도 시흥시 은행동 *** 에듀타운 ***호,2025-09-11 16:38:03
4010000,401000004720250001,2025-07-10,,영업/정상,,,,,0,,15121,고양이 출근중,I,000,2026-03-10 21:36:37,"경기도 시흥시 장현능곡로 ***, 시흥 플랑드르 *층 ****호 (능곡동)",,정상,0000,01,,182864.742763587    ,429902.071373508    ,경기도 시흥시 능곡동 *** 시흥 플랑드르 ,2025-07-21 14:47:56
4010000,401000004720240003,2024-10-28,,영업/정상,,,,,0,,15002,쥬뗌므 생태관,I,L00,2026-03-10 21:36:37,"경기도 시흥시 인선길 ***, A동 ***호 (장곡동)",,정상,0000,01,16005101,,,경기도 시흥시 장곡동 *** ,2024-10-28 13:28:54
4010000,401000004720240002,2024-06-21,,영업/정상,,,,,0,,15066,캣플코지눅 시화점,I,000,2026-03-10 21:36:37,"경기도 시흥시 정왕대로 ***, 성담스퀘어 *층 ***호 (정왕동)",,정상,0000,01,,,,경기도 시흥시 정왕동 ****-* 성담스퀘어 ,2025-10-23 16:43:46
4010000,401000004720240001,2024-01-24,,영업/정상,,,,,0,,15011,고양이 주택,I,000,2026-03-10 21:36:36,"경기도 시흥시 배곧*로 **, 센터프라자* *층 ***호 (배곧동)",,정상,0000,01,,175971.233747393    ,429834.311801204    ,경기도 시흥시 배곧동 ***-* 센터프라자* ,2024-01-24 13:40:37
4010000,401000004720230001,2023-09-04,,영업/정상,,,,,0,,15011,멍쉬멜로,I,000,2026-03-10 21:36:36,"경기도 시흥시 서울대학로***번길 **, 새롬프라자* *층 ***호 (배곧동)",,정상,0000,01,,175839.546983131    ,429749.989150418    ,경기도 시흥시 배곧동 ***-* 새롬프라자* ,2025-01-31 15:28:21
4010000,401000004720210002,2021-01-26,,영업/정상,,,,,0,,15066,댕댕냥냥,I,000,2026-03-10 21:36:35,"경기도 시흥시 중심상가로 ***, 상록프라자 ***호 (정왕동)",,정상,0000,01,,176562.39256591     ,426928.533503995    ,경기도 시흥시 정왕동 ****-** 상록프라자 ***호,2022-10-21 14:50:37
4010000,401000004720200008,2020-04-02,,폐업,2023-12-29,,,,0,,15049,(주)위드독,I,L00,2026-03-10 21:36:35,"경기도 시흥시 마유로***번길 **, 롯데시네마 시화점 ***호 (정왕동)",,폐업,0002,03,0314342272,177047.288867388    ,427744.556498783    ,경기도 시흥시 정왕동 ****-* 롯데시네마 시화점 ***호,2024-01-18 15:58:15
4010000,401000004720200010,2020-04-02,,폐업,2023-12-29,,,,0,,15049,위드독,I,000,2026-03-10 21:36:35,"경기도 시흥시 마유로***번길 **, 롯데시네마 시화점 ***호 (정왕동)",,폐업,0002,03,0314342272,177047.288867388    ,427744.556498783    ,경기도 시흥시 정왕동 ****-* 롯데시네마 시화점 ***호,2024-01-18 14:37:03
4020000,402000004720250001,2025-12-18,,영업/정상,,,,,0,,15865,냥이타운,I,000,2026-01-13 17:16:33,"경기도 군포시 산본로***번길 **-**, 정완빌딩 *층 ***호 (산본동)",,정상,0000,01,,193947.749444849    ,428635.487446888    ,경기도 군포시 산본동 ****-* 정완빌딩 ***호,2025-12-18 17:46:43
4020000,402000004720180038,2018-10-30,,폐업,2020-08-24,,,,0,,15874,봉구하우스,I,000,2026-01-13 17:16:33,"경기도 군포시 삼성로*번길 *-*, 드림시티 *층 ***호 (부곡동)",,폐업,0002,03,,194150.863104549    ,426075.604978401    ,경기도 군포시 부곡동 ****-* 드림시티 ***호,2022-04-28 18:09:03
4020000,402000004720180006,2018-06-26,,폐업,2022-04-01,,,,0,,15813,엘로이 애견놀이터&amp;호텔,I,000,2026-01-13 17:16:33,"경기도 군포시 금산로*번길 *, ***호 (금정동, 태광퍼스트힐)",,폐업,0002,03,07082899022,194751.251497941    ,429019.384435167    ,경기도 군포시 금정동 *** 태광퍼스트힐 ***호,2022-04-28 18:09:02
4020000,402000004720200002,2020-03-09,,영업/정상,,,,,0,,15885,퍼피포레스트,I,000,2026-01-13 17:16:33,경기도 군포시 송부로**번길 ** (도마교동),,정상,0000,01,,192856.401090433    ,423533.172385952    ,경기도 군포시 도마교동 ***-** ,2022-04-28 18:09:03
4020000,402000004720200011,2020-10-13,,취소/말소/만료/정지/중지,2026-04-20,,,,0,,15865,고양이를부탁해,U,000,2026-04-21 03:03:03,"경기도 군포시 산본로***번길 *-**, 미성빌딩 *층 (산본동)",,말소,0004,04,,193940.065953815    ,428691.611656145    ,경기도 군포시 산본동 ****-* 미성빌딩 ,2026-04-20 11:29:19
4020000,402000004720240001,2024-12-17,,영업/정상,,,,,0,,15809,캣플헤븐 AK플라자금정점,I,L00,2026-01-13 17:16:33,"경기도 군포시 엘에스로 ***, *층 (금정동, 힐스테이트 금정역)",,정상,0000,01,,195045.840185728    ,430029.875659413    ,경기도 군포시 금정동 *** 힐스테이트 금정역 ,2024-12-17 17:44:53
4040000,404000004720210035,2021-12-29,,폐업,2024-02-16,,,,0,,12912,뭉스벨리,I,000,2026-03-26 22:46:36,"경기도 하남시 미사강변남로 ***, 미사역마이움푸르지오 ***동 ***호 (망월동)",,폐업,0002,03,,217113.151490744    ,451074.413617047    ,경기도 하남시 망월동 **** 미사역마이움푸르지오 ***동 ***호,2024-02-28 09:35:33
4040000,404000004720200019,2020-09-25,,폐업,2023-09-06,,,,0,,12912,세이멍,I,000,2026-03-26 22:46:36,"경기도 하남시 미사강변동로**번길 **, 에코타워 *층 ***호 (망월동)",,폐업,0002,03,0317922003,217182.112050655    ,451252.615542176    ,경기도 하남시 망월동 ****-* 에코타워 ***호,2023-09-07 17:51:14
4040000,404000004720190002,2019-02-25,,영업/정상,,,,,0,,12992,요정출몰지역,I,000,2026-03-26 22:46:36,"경기도 하남시 동남로***번길 ***, *층 (감일동)",,정상,0000,01,07077693500,212912.520037286    ,445376.17571145     ,경기도 하남시 감일동 *** ,2023-12-01 13:23:52
4040000,404000004720220002,2022-09-19,,영업/정상,,,,,0,,12913,춘옥이네,I,000,2026-03-26 22:46:36,"경기도 하남시 미사강변중앙로 ***, 미사파크뷰 ***호 (망월동)",,정상,0000,01,,216777.758405861    ,450994.566820117    ,경기도 하남시 망월동 ****-* 미사파크뷰 ***호,2022-09-19 21:38:26
4040000,404000004720230001,2023-12-08,,영업/정상,,,,,0,,12999,캣플,I,L00,2026-03-26 22:46:36,"경기도 하남시 감일중앙로 **, *층 ****호 (감이동, 감일 푸르지오 마크베르)",,정상,0000,01,,213664.552715591    ,445364.992248447    ,경기도 하남시 감이동 *** 감일 푸르지오 마크베르 ,2023-12-08 19:59:47
4040000,404000004720240001,2024-06-05,,영업/정상,,,,,0,,12927,701아를고양이카페(cat in the art),I,000,2026-03-26 22:46:36,"경기도 하남시 덕풍동로 ***-**, 리치플러스 하남센터 *층 ***호 (덕풍동)",,정상,0000,01,,218304.542267737    ,449927.258322123    ,경기도 하남시 덕풍동 ***-* 리치플러스 하남센터 ,2024-06-11 15:25:44
4040000,404000004720210027,2021-08-25,,폐업,2022-10-18,,,,0,,12913,퍼피앤유,I,000,2026-03-26 22:46:36,"경기도 하남시 미사강변중앙로 ***, 하남미사 롯데캐슬 스타 *층 ***호 (망월동)",,폐업,0002,03,,216761.941800542    ,451297.294003452    ,경기도 하남시 망월동 **** 하남미사 롯데캐슬 스타 ***호,2022-10-20 10:18:32
4040000,404000004720220001,2022-08-04,,폐업,2025-11-13,,,,0,,12913,냥아치카페,I,000,2026-03-26 22:46:36,"경기도 하남시 미사강변중앙로 ***, 미사강변 안강프라이빗뷰 ***호 (망월동)",,폐업,0002,03,,216668.936475106    ,451486.158412733    ,경기도 하남시 망월동 ****-* 미사강변 안강프라이빗뷰 ***호,2025-11-13 11:51:11
4040000,404000004720240002,2024-11-04,,영업/정상,,,,,0,,12913,고로캣 고양이카페,I,000,2026-03-26 22:46:36,"경기도 하남시 미사강변중앙로 ***, 미사 리버파크 *층 ***~***호 (망월동)",,정상,0000,01,,216832.157851327    ,450998.383921686    ,경기도 하남시 망월동 ****-* 미사 리버파크 ,2024-11-04 11:41:35
4050000,562000004720230001,2023-02-21,,폐업,2024-12-10,,,,0,,17028,냥이마을,I,000,2026-03-26 22:51:29,"경기도 용인시 처인구 포곡읍 포곡로***번길 ***, *층",,폐업,0002,03,,221150.00938854     ,419259.975227721    ,경기도 용인시 처인구 포곡읍 삼계리 ***-* *층 ,2024-12-10 16:47:18
4050000,562000004720200019,2020-09-02,,폐업,2023-11-07,,,,0,,17118,레이크 더 독,I,L00,2026-03-26 22:51:29,"경기도 용인시 처인구 남사읍 삼인로 ***, *층",,폐업,0002,03,0313334161,212548.895904024    ,406077.48174048     ,경기도 용인시 처인구 남사읍 북리 ***-* ,2023-11-07 13:55:41
4050000,564000004720250001,2025-07-16,,영업/정상,,,,,0,,16803,애니멀클럽,I,000,2026-03-26 22:51:44,"경기도 용인시 수지구 신봉*로***번길 **, B동 *층 (신봉동)",,정상,0000,01,,204423.316625205    ,425649.511892622    ,경기도 용인시 수지구 신봉동 ***-* B동 ,2025-07-16 10:30:18
4050000,564000004720190008,2019-07-10,,영업/정상,,,,,0,,16812,큐티멍,I,000,2026-03-26 22:51:44,"경기도 용인시 수지구 신봉*로 **-**, 지하*층 (신봉동)",,정상,0000,01,,206204.190823461    ,425263.260236123    ,경기도 용인시 수지구 신봉동 *** ,2022-04-26 18:51:07
4050000,563000004720200002,2020-01-06,,영업/정상,,,,,0,,17101,펠리스빼로,I,000,2026-03-26 22:51:35,경기도 용인시 기흥구 동탄기흥로***번길 **-* (고매동),,정상,0000,01,,208771.464982628    ,413985.845993109    ,경기도 용인시 기흥구 고매동 ***-* ,2022-09-23 16:17:07
4050000,562000004720250001,2025-08-21,,영업/정상,,,,,0,,17118,수달앤카페,I,000,2026-03-26 22:51:29,"경기도 용인시 처인구 남사읍 처인성로 ***, 나동",,정상,0000,01,,213000.751081344    ,401332.254883717    ,경기도 용인시 처인구 남사읍 봉무리 ***-* ,2025-11-04 09:21:11
4050000,562000004720220008,2022-09-11,,영업/정상,,,,,0,,17115,뽀송하개 재워줄개,I,000,2026-03-26 22:51:29,"경기도 용인시 처인구 남사읍 처인성로 ***, *층",,정상,0000,01,,215938.074335009    ,407908.037856896    ,경기도 용인시 처인구 남사읍 완장리 ***-* *층 ,2022-09-27 15:07:55
4050000,562000004720220007,2022-03-28,,영업/정상,,,,,0,,17126,아로하스토리,I,000,2026-03-26 22:51:29,경기도 용인시 처인구 이동읍 백자로 ***-*,,정상,0000,01,0315260596,215105.120285238    ,412318.028423268    ,경기도 용인시 처인구 이동읍 서리 ***-* ,2022-04-26 18:50:49
4050000,562000004720190001,2019-01-08,,영업/정상,,,,,0,,17162,댕체스터,I,000,2026-03-26 22:51:29,경기도 용인시 처인구 양지읍 남평로 ***,,정상,0000,01,,226979.540685058    ,414241.58387334     ,경기도 용인시 처인구 양지읍 제일리 *** ,2022-04-26 18:50:45
4050000,564000004720210013,2021-10-08,,폐업,2022-02-18,,,,0,,16800,(주)반려인연,I,L00,2026-03-26 22:51:44,경기도 용인시 수지구 이종무로 **(고기동),,폐업,0002,03,0312728020,204655.358820257    ,428456.682775486    ,경기도 용인시 수지구 고기동 *** ,2022-04-26 18:51:09
4050000,564000004720190003,2019-03-08,,폐업,2021-07-01,,,,0,,16930,꾹꾹이 다락방,I,000,2026-03-26 22:51:44,"경기도 용인시 수지구 만현로 **, IT프라자 ***호 (상현동)",,폐업,0002,03,,207459.467909611    ,422950.778322999    ,경기도 용인시 수지구 상현동 ***-* IT프라자 ***호,2022-04-26 18:51:06
4050000,563000004720210017,2021-08-10,,취소/말소/만료/정지/중지,2023-12-29,,,,0,,17079,멍's독 애견 CAFE Da,I,000,2026-03-26 22:51:35,"경기도 용인시 기흥구 사은로**번길 *, *층 (보라동)",,말소,0004,04,,210112.929454697    ,417062.580246139    ,경기도 용인시 기흥구 보라동 ***-* ,2023-12-29 15:37:58
4050000,564000004720180039,2018-09-20,,취소/말소/만료/정지/중지,2023-11-30,,,,0,,16889,꼬냥꼬냥 고양이카페,I,000,2026-03-26 22:51:44,"경기도 용인시 수지구 죽전로 ***, 보람프라자 ***-*,*호 (죽전동)",,말소,0004,04,0312616662,210912.298397326    ,424655.485528575    ,경기도 용인시 수지구 죽전동 ****-* 보람프라자 ,2023-11-30 10:18:19
4060000,406000004720180040,2018-05-10,,폐업,2022-12-21,,,,0,,10892,파주24시동물병원,I,000,2026-01-13 17:26:35,"경기도 파주시 교하로 **, 삼성프라자 *층 ***호 (목동동)",,폐업,0002,03,0319445575,176475.078366768    ,469496.975550397    ,경기도 파주시 목동동 ***-* ,2022-12-21 19:40:10
4060000,406000004720180103,2018-10-24,,폐업,2019-06-30,,,,0,,10938,리드펫,I,000,2026-01-13 17:26:35,경기도 파주시 조리읍 두루봉로 **-**,,폐업,0002,03,0319423088,183265.466994755    ,471387.747819814    ,경기도 파주시 조리읍 봉일천리 ***-** ,2022-04-28 18:09:44
4060000,406000004720180114,2018-11-28,,폐업,2024-02-20,,,,0,,10908,놀러오개,I,000,2026-01-13 17:26:35,"경기도 파주시 경의로 ****, *층 ***호 (야당동)",,폐업,0002,03,0319446520,178789.285831218    ,468219.267968005    ,경기도 파주시 야당동 **** ,2024-02-20 14:27:20
4060000,406000004720190060,2019-12-23,,폐업,2020-06-30,,,,0,,10820,로뎀애견카페,I,000,2026-01-13 17:26:35,"경기도 파주시 문산읍 방촌로 ****, *층",,폐업,0002,03,0319537576,180407.163470129    ,484247.169548502    ,경기도 파주시 문산읍 문산리 ***-* ,2022-04-28 18:09:58
4060000,406000004720200020,2020-04-20,,폐업,2024-05-17,,,,0,,10883,고고펫,I,L00,2026-01-13 17:26:35,"경기도 파주시 심학산로 **, *층 (서패동)",,폐업,0002,03,,173366.213960005    ,468183.083155475    ,경기도 파주시 서패동 *** ,2024-05-17 17:07:11
4060000,406000004720200042,2020-09-23,,폐업,2024-02-07,,,,0,,10911,임대 동물카페,I,000,2026-01-13 17:26:35,"경기도 파주시 탑삭골길 ***, *동 *층 *호 (상지석동)",,폐업,0002,03,,181777.13631263     ,469997.286469676    ,경기도 파주시 상지석동 ****-* ,2024-02-07 18:25:39
4060000,406000004720200043,2020-09-23,,폐업,2023-07-20,,,,0,,10911,퍼스트가든 동물카페,I,L00,2026-01-13 17:26:35,"경기도 파주시 탑삭골길 ***, *동 *층 (상지석동)",,폐업,0002,03,,181777.13631263     ,469997.286469676    ,경기도 파주시 상지석동 ****-* ,2023-07-20 20:00:54
4060000,406000004720210061,2021-10-26,,폐업,2025-08-18,,,,0,,10859,특별한하루,I,000,2026-01-13 17:26:35,"경기도 파주시 탄현면 헤이리로 **-**, *층",,폐업,0002,03,,173084.945994373    ,476389.722088119    ,경기도 파주시 탄현면 법흥리 ****-*** ,2025-08-18 08:29:18
4060000,406000004720220010,2022-02-22,,폐업,2023-09-04,,,,0,,10858,탑플라이트,I,000,2026-01-13 17:26:35,경기도 파주시 탄현면 새오리로 ***,,폐업,0002,03,,172923.94458394     ,479051.316267079    ,경기도 파주시 탄현면 만우리 ***-* ,2023-09-04 18:24:19
4060000,406000004720220021,2022-04-27,,폐업,2023-06-21,,,,0,,10895,플레르퍼피,I,000,2026-01-13 17:26:35,"경기도 파주시 가람로 *, 센타프라자 ***호 (와동동)",,폐업,0002,03,,177952.923599476    ,470103.700847803    ,경기도 파주시 와동동 ****-* 센타프라자 ,2023-06-21 18:12:18
4060000,406000004720230001,2023-02-21,,폐업,2024-02-07,,,,0,,10908,테이블에이 고양이카페,I,000,2026-01-13 17:26:35,"경기도 파주시 소리천로 **, **층 ****호 (야당동)",,폐업,0002,03,,178951.137506613    ,468243.991624503    ,경기도 파주시 야당동 ****-* ,2024-02-07 18:24:53
4060000,406000004720240001,2024-07-13,,폐업,2024-12-12,,,,,,10908,테이블에이 카페,I,000,2026-01-13 17:26:35,"경기도 파주시 소리천로 **, ****호 (야당동)",,폐업,0002,03,03180356682,178951.137506613    ,468243.991624503    ,경기도 파주시 야당동 ****-* ,2024-12-12 16:29:01
4060000,406000004720180021,2018-04-06,,취소/말소/만료/정지/중지,2025-03-06,,,,0,,10858,더블유펫 테마파크,I,000,2026-01-13 17:26:35,경기도 파주시 탄현면 새오리로 ***-**,,말소,0004,04,0319471998,172910.25953073     ,478959.045575078    ,경기도 파주시 탄현면 만우리 ***-* ,2025-03-06 21:42:29
4060000,406000004720250001,2025-07-09,,영업/정상,,,,,0,,10896,미어캣 프랜즈,I,000,2026-01-13 17:26:35,"경기도 파주시 와석순환로 ***, *층 ***호 (와동동)",,정상,0000,01,,178973.380048169    ,469145.099140585    ,경기도 파주시 와동동 ****-* ,2025-07-09 09:26:35
4060000,406000004720180043,2018-05-10,,취소/말소/만료/정지/중지,,,,,0,,10867,THE QUEEN’S TALE,I,000,2026-01-13 17:26:35,경기도 파주시 하늘채길 **-** (하지석동),,말소,0004,04,,178107.511398744    ,472724.135115902    ,경기도 파주시 하지석동 ***-** ,2022-04-28 18:09:35
4060000,406000004720180047,2018-05-11,,영업/정상,,,,,0,,10905,으르렁애견카페,I,000,2026-01-13 17:26:35,"경기도 파주시 미래로 ***-**, *층 (동패동)",,정상,0000,01,,177441.130914816    ,467705.541104212    ,경기도 파주시 동패동 ****-* ,2024-02-06 11:21:40
4060000,406000004720200044,2020-09-23,,영업/정상,,,,,0,,10911,퍼스트가든 동물카페,I,L00,2026-01-13 17:26:35,"경기도 파주시 탑삭골길 ***, *동 *층 (상지석동)",,정상,0000,01,,181777.13631263     ,469997.286469676    ,경기도 파주시 상지석동 ****-* ,2024-02-06 11:24:44
4060000,406000004720220022,2022-10-13,,영업/정상,,,,,0,,10870,놀면묘하냥 고양이카페,I,000,2026-01-13 17:26:35,"경기도 파주시 가람로**번길 **-**, *층 (와동동)",,정상,0000,01,07087707353,178182.284905802    ,470324.679108048    ,경기도 파주시 와동동 **** ,2023-03-22 19:02:19
4060000,406000004720220023,2022-12-23,,영업/정상,,,,,0,,10908,(주)테이블에이(파주점),I,L00,2026-01-13 17:26:35,"경기도 파주시 소리천로 **, **층 ****호 (야당동)",,정상,0000,01,,178951.137506613    ,468243.991624503    ,경기도 파주시 야당동 ****-* ,2025-01-24 10:19:07
4060000,406000004720230002,2023-06-16,,영업/정상,,,,,0,,10909,누와나요,I,000,2026-01-13 17:26:35,"경기도 파주시 송학*길 ***-**, *층 ***호 (야당동)",,정상,0000,01,,179056.678377814    ,468187.865238925    ,경기도 파주시 야당동 ***-*** ,2023-06-16 20:19:10
4070000,407000004720230001,2023-04-26,,영업/정상,,,,,0,,17391,미냥이,I,000,2026-01-13 17:26:03,"경기도 이천시 구만리로 ***, ***호 (진리동)",,정상,0000,01,,240107.53942296     ,419027.247153306    ,경기도 이천시 진리동 **-* ,2023-05-17 10:37:41
4070000,407000004720260001,2026-04-20,,영업/정상,,,,,0,,17369,보듬캣 라운지,I,000,2026-04-21 21:32:55,"경기도 이천시 이섭대천로 ****-**, 오구은광빌딩 ***호 (창전동)",,정상,0000,01,,239492.241535672    ,419861.886955764    ,경기도 이천시 창전동 ***-* 오구은광빌딩 ,2026-04-20 09:47:57
4070000,407000004720250002,2025-06-10,,영업/정상,,,,,0,,17384,골든파크,I,000,2026-01-13 17:26:03,경기도 이천시 마장면 중부대로***번길 ***,,정상,0000,01,,235561.477704707    ,416621.116709978    ,경기도 이천시 마장면 표교리 *** ,2025-06-10 11:21:18
4070000,407000004720250001,2025-03-18,,영업/정상,,,,,0,,17383,"안녕, 고영희",I,000,2026-01-13 17:26:03,"경기도 이천시 마장면 서이천로***번길 **, C동",,정상,0000,01,,235141.2483352      ,420229.606227514    ,경기도 이천시 마장면 장암리 ***-* ,2025-03-18 17:11:16
4070000,407000004720240001,2024-10-10,,영업/정상,,,,,0,,17369,카페꽁냥,I,L00,2026-01-13 17:26:03,"경기도 이천시 서희로**번길 **, *층 (창전동)",,정상,0000,01,,239288.378856342    ,419964.944502824    ,경기도 이천시 창전동 ***-** ,2025-10-22 14:18:24
4080000,408000004720220001,2022-05-19,,폐업,2024-01-31,,,,0,,17556,개냥이마을,I,000,2026-01-13 17:21:03,"경기도 안성시 원곡면 만세로 ****, ***~***호",,폐업,0002,03,,,,경기도 안성시 원곡면 외가천리 ***-** ,2024-03-12 17:01:17
4080000,408000004720250001,2025-08-27,,영업/정상,,,,,0,,17548,쥬쥬핑 월드,I,000,2026-01-13 17:21:03,"경기도 안성시 공도읍 서동대로 ****-*, *층",,정상,0000,01,0312839195,217657.740313462    ,389750.485680482    ,경기도 안성시 공도읍 마정리 *** ,2025-09-22 10:40:16
4080000,408000004720200009,2020-03-10,,영업/정상,,,,,0,,17554,펫피랜드,I,000,2026-01-13 17:21:03,경기도 안성시 원곡면 산직길 **-**,,정상,0000,01,,213217.366178718    ,398525.803996318    ,경기도 안성시 원곡면 성주리 *** ,2025-04-16 17:42:53
4090000,409000004720200051,2020-09-02,,폐업,2022-04-25,,,,0,,10072,아우야,I,000,2026-01-13 17:17:05,"경기도 김포시 운양로**번길 **-**, *층 (운양동)",,폐업,0002,03,,171637.944516981    ,462217.702497273    ,경기도 김포시 운양동 ***-* ,2022-04-28 18:09:18
4090000,409000004720200056,2020-09-21,,폐업,2021-11-16,,,,0,,10065,개랑 놀려고 차린 집,I,000,2026-01-13 17:17:05,경기도 김포시 양촌읍 석모로*번길 **,,폐업,0002,03,,169054.570148887    ,460853.402159263    ,경기도 김포시 양촌읍 석모리 *** ,2022-04-28 18:09:18
4090000,409000004720200070,2020-10-28,,폐업,2023-05-10,,,,0,,10090,퍼피앤유 김포점,I,000,2026-01-13 17:17:05,"경기도 김포시 김포한강*로**번길 **, 라베니체마치에비뉴Ⅰ ***호 (장기동)",,폐업,0002,03,,171561.306849404    ,460014.91165606     ,경기도 김포시 장기동 ****-* 라베니체마치에비뉴Ⅰ ,2023-05-10 12:45:26
4090000,409000004720220032,2022-04-21,,폐업,2024-03-31,,,,0,,10073,펫다방 김포,I,000,2026-01-13 17:17:05,"경기도 김포시 김포한강**로 ***-**, 에이스프라자 *층 ***호 (운양동)",,폐업,0002,03,,172052.968340156    ,461430.960117395    ,경기도 김포시 운양동 ****-* 에이스프라자 ,2024-04-05 14:33:28
4090000,409000004720220034,2022-06-24,,폐업,2025-09-29,,,,0,,10071,올케어댕,I,000,2026-01-13 17:17:05,"경기도 김포시 김포한강*로 ***, ***호 (구래동)",,폐업,0002,03,,166825.062109962    ,460425.235856463    ,경기도 김포시 구래동 ****-* ,2025-09-29 14:26:10
4090000,409000004720240001,2024-02-28,,폐업,2026-02-04,,,,0,,10130,우리집 야옹이,I,000,2026-02-06 21:02:50,"경기도 김포시 고촌읍 태리로 ***, *층 ***호",,폐업,0002,03,,,,경기도 김포시 고촌읍 신곡리 * ,2026-02-05 10:16:23
4090000,409000004720180041,2018-09-28,,영업/정상,,,,,0,,10071,카페몽몽,I,000,2026-01-13 17:17:05,"경기도 김포시 김포한강*로**번길 ***, *층 ***호 (구래동)",,정상,0000,01,,166635.684567387    ,460244.638286495    ,경기도 김포시 구래동 ****-** ,2022-04-28 18:09:06
4090000,409000004720190016,2019-02-19,,영업/정상,,,,,0,,10134,코카갤러리,I,L00,2026-01-13 17:17:05,경기도 김포시 고촌읍 평리길 ***-*,,정상,0000,01,,180376.864355271    ,453699.245419096    ,경기도 김포시 고촌읍 전호리 ***-* ,2023-07-21 16:56:18
4090000,409000004720190071,2019-07-03,,영업/정상,,,,,0,,10071,미어캣인더시티,I,000,2026-03-20 21:02:55,"경기도 김포시 김포한강*로**번길 **, 연세프라자 ***호 (구래동)",,정상,0000,01,,167036.495747766    ,460296.705598255    ,경기도 김포시 구래동 ****-** 연세프라자 ,2026-03-19 15:42:01
4090000,409000004720200017,2020-03-27,,영업/정상,,,,,0,,10069,어스독,I,000,2026-01-13 17:17:05,경기도 김포시 양촌읍 김포한강*로 **-*,,정상,0000,01,,167233.338157456    ,459136.950268937    ,경기도 김포시 양촌읍 구래리 ***-** ,2022-04-28 18:09:16
4090000,409000004720200024,2020-05-01,,영업/정상,,,,,0,,10103,야행성,I,000,2026-01-13 17:17:05,경기도 김포시 중봉로**번길 *** (감정동),,정상,0000,01,,172617.588905399    ,458317.58727511     ,경기도 김포시 감정동 *** ,2022-04-28 18:09:17
4090000,409000004720200064,2020-10-12,,영업/정상,,,,,0,,10040,자랑하개,I,000,2026-01-13 17:17:05,경기도 김포시 대곶면 대명항로 ***,,정상,0000,01,0319880881,160887.947910267    ,460562.645406908    ,경기도 김포시 대곶면 대명리 ***-* ,2022-04-28 18:09:19
4090000,409000004720200076,2020-11-02,,영업/정상,,,,,0,,10103,(주) 피싱파크 진산각,I,L00,2026-01-13 17:17:05,경기도 김포시 중봉로**번길 *** (감정동),,정상,0000,01,,172560.560990238    ,458292.723546988    ,경기도 김포시 감정동 ***-** ,2022-04-28 18:09:19
4090000,409000004720220033,2022-06-08,,영업/정상,,,,,0,,10071,모여봐요 고양이 카페,U,000,2026-04-11 03:03:03,"경기도 김포시 김포한강*로**번길 ***, ***호 (구래동, 두원타워)",,정상,0000,01,,166791.281614547    ,460351.298369391    ,경기도 김포시 구래동 ****-* 두원타워 ,2026-04-10 16:38:08
4090000,409000004720230001,2023-06-21,,영업/정상,,,,,0,,10044,고영주택,I,L00,2026-01-13 17:17:05,경기도 김포시 대곶면 종생로 **-*,,정상,0000,01,,163632.127387854    ,460788.20167996     ,경기도 김포시 대곶면 율생리 ***-* ,2023-07-27 15:34:06
4090000,409000004720250001,2025-06-09,,영업/정상,,,,,0,,10111,너랑나랑,U,000,2026-04-04 03:03:03,"경기도 김포시 사우로**번길 **, *층 (사우동)",,정상,0000,01,,176062.42931313     ,457566.984010359    ,경기도 김포시 사우동 **-* ,2026-04-03 11:30:01
4090000,409000004720250002,2025-12-03,,영업/정상,,,,,0,,10113,쥬쿠아,I,000,2026-01-13 17:17:05,"경기도 김포시 양도로**번길 *, 파크 *** ***~***호 (풍무동)",,정상,0000,01,,175654.233750213    ,456127.816441626    ,경기도 김포시 풍무동 *** 파크 *** ,2025-12-03 15:15:32
4090000,409000004720200049,2020-09-02,,폐업,2022-04-18,,,,0,,10072,견복궁,I,000,2026-01-13 17:17:05,"경기도 김포시 운양로**번길 **-**, *층 (운양동)",,폐업,0002,03,,171637.944516981    ,462217.702497273    ,경기도 김포시 운양동 ***-* ,2022-04-28 18:09:18
4090000,409000004720200022,2020-04-28,,폐업,2025-01-23,,,,0,,10016,더 불리 하우스,I,000,2026-01-13 17:17:05,경기도 김포시 통진읍 서암로 ***,,폐업,0002,03,,165285.578595112    ,466934.749811053    ,경기도 김포시 통진읍 서암리 ***-* ,2025-01-26 09:10:24
4090000,409000004720200008,2020-01-20,,폐업,2024-01-24,,,,0,,10071,독탑라운지,I,000,2026-01-13 17:17:05,"경기도 김포시 김포한강*로 **, 연세프라자 *차 ***호 (구래동)",,폐업,0002,03,,166874.74658039     ,460228.711538405    ,경기도 김포시 구래동 ****-** ,2024-01-24 16:20:35
4090000,409000004720190104,2019-10-12,,폐업,2024-05-10,,,,0,,10021,젤리네 하우스,I,000,2026-01-13 17:17:05,경기도 김포시 월곶면 용강로 **,,폐업,0002,03,0319970292,160922.025577517    ,469086.917207878    ,경기도 김포시 월곶면 고막리 ***-* ,2024-05-12 11:56:23
4090000,409000004720190086,2019-08-15,,폐업,2021-01-04,,,,0,,10079,아벨독,I,000,2026-01-13 17:17:05,경기도 김포시 김포한강*로**번길 **-** (장기동),,폐업,0002,03,,171057.554054639    ,460615.654532637    ,경기도 김포시 장기동 ****-* ,2022-04-28 18:09:14
4090000,409000004720190081,2019-07-25,,폐업,2022-06-03,,,,0,,10079,독고캣,I,000,2026-01-13 17:17:05,"경기도 김포시 김포한강*로**번길 **-**, ***호 (장기동)",,폐업,0002,03,,171122.095919533    ,460219.351911158    ,경기도 김포시 장기동 **** ,2022-06-03 17:06:05
4090000,409000004720190056,2019-05-14,,폐업,2022-04-01,,,,0,,10119,파머스클럽,I,000,2026-01-13 17:17:05,"경기도 김포시 풍무로 **, *층 (풍무동)",,폐업,0002,03,0319883241,175294.777640684    ,455491.12392347     ,경기도 김포시 풍무동 ***-* ,2023-06-22 20:40:58
4090000,409000004720210041,2021-08-19,,영업/정상,,,,,0,,10113,더누리개,I,000,2026-01-13 17:17:05,"경기도 김포시 양도로**번길 **, *층 (풍무동)",,정상,0000,01,,,,경기도 김포시 풍무동 ***-* ,2023-05-11 08:42:56
4090000,409000004720190026,2019-03-11,,폐업,2020-12-29,,,,0,,10070,안냥하시개,I,000,2026-01-13 17:17:05,"경기도 김포시 김포한강*로**번길 *-**, *층 (구래동)",,폐업,0002,03,,167080.182888784    ,459563.719272615    ,경기도 김포시 구래동 ****-** ,2022-04-28 18:09:11
4160000,416000004720190006,2019-06-12,,폐업,2024-09-09,,,,0,,12457,씽크독,I,000,2026-01-13 17:13:32,경기도 가평군 청평면 경춘로 ***,,폐업,0002,03,0315857003,233842.021227323    ,466192.802959067    ,경기도 가평군 청평면 대성리 ***-** ,2024-09-10 16:52:46
4160000,416000004720190013,2019-10-18,,휴업,,2025-05-27,2026-05-27,,0,,12403,사마소,I,000,2026-01-13 17:13:32,경기도 가평군 북면 멱골로 ***,,휴업,0001,02,,251096.613124078    ,491356.574357666    ,경기도 가평군 북면 목동리 *** ,2025-05-28 17:10:22
4160000,416000004720210002,2021-04-16,,폐업,2023-12-05,,,,0,,12412,베베(BEBE),I,000,2026-01-13 17:13:32,경기도 가평군 가평읍 가화로 ***,,폐업,0002,03,,245106.22117099     ,481080.570243268    ,경기도 가평군 가평읍 읍내리 ***-* ,2023-12-07 14:30:12
4170000,417000004720190006,2019-03-08,,폐업,2021-02-02,,,,0,,12511,메르헨 146,I,000,2026-03-10 21:35:05,경기도 양평군 용문면 용문산로 ***,,폐업,0002,03,,253459.842391002    ,445556.214060439    ,경기도 양평군 용문면 덕촌리 **-* ,2022-04-28 18:09:15
4170000,417000004720190026,2019-09-02,,폐업,2021-10-01,,,,0,,12565,겨울이 머무는 집,I,000,2026-03-10 21:35:05,"경기도 양평군 양평읍 대흥로 ***, 청정원",,폐업,0002,03,,248662.14288655     ,441891.408727962    ,경기도 양평군 양평읍 봉성리 ***-* 청정원 ,2022-04-28 18:09:16
4170000,417000004720180046,2018-11-02,,폐업,2021-11-15,,,,0,,12524,들어오시개,I,000,2026-03-10 21:35:04,경기도 양평군 용문면 그릇고갯길 ***,,폐업,0002,03,,253859.920942926    ,442752.106373637    ,경기도 양평군 용문면 마룡리 ***-* ,2022-04-28 18:09:15
4170000,417000004720180033,2018-06-11,,폐업,2022-06-20,,,,0,,12503,문리버펫,I,000,2026-03-10 21:35:04,경기도 양평군 서종면 무내미길 **-*,,폐업,0002,03,,230969.043320885    ,455736.204517619    ,경기도 양평군 서종면 문호리 ***-** ,2022-06-20 17:40:04
4181000,418000004720180042,2018-09-27,,영업/정상,,,,,0,,24258,반갑다 창문밖 고양이,I,000,2026-01-13 17:10:33,강원특별자치도 춘천시 삭주로**번길 * (교동),,정상,0000,01,,265030.625650195    ,486983.354605721    ,강원특별자치도 춘천시 교동 ***-* ,2022-04-28 18:08:57
4181000,418000004720180009,2018-04-10,,영업/정상,,,,,0,,24353,히포코코,I,000,2026-01-13 17:10:33,"강원특별자치도 춘천시 중앙로**번길 *, *층 (조양동)",,정상,0000,01,0332533523,263907.525093906    ,486490.624417762    ,강원특별자치도 춘천시 조양동 ***-* ,2022-04-28 18:08:55
4181000,418100004720240002,2024-11-07,,영업/정상,,,,,0,,24352,춘천 고양이집,I,000,2026-01-13 17:10:34,"강원특별자치도 춘천시 시청길**번길 *-*, *층 (조양동)",,정상,0000,01,,264048.306382749    ,486615.231614562    ,강원특별자치도 춘천시 조양동 **-* ,2024-11-07 10:04:34
4181000,418100004720240001,2024-10-18,,영업/정상,,,,,0,,24295,고양이 행복구역,I,000,2026-01-13 17:10:34,"강원특별자치도 춘천시 백령로 ***, *층 (효자동)",,정상,0000,01,,265249.99995137     ,485979.849477692    ,강원특별자치도 춘천시 효자동 ***-** ,2024-10-19 11:49:03
4181000,418000004720180055,2018-11-19,,영업/정상,,,,,0,,24233,엔젤펫 카페,I,000,2026-01-13 17:10:33,"강원특별자치도 춘천시 후석로***번길 **-*, *층 (후평동)",,정상,0000,01,,266073.76701225     ,487858.789352542    ,강원특별자치도 춘천시 후평동 *** ,2022-04-28 18:08:57
4181000,418000004720190014,2019-09-04,,영업/정상,,,,,0,,24417,도그스테이블 석사점,I,000,2026-01-13 17:10:33,강원특별자치도 춘천시 안마산로 ***-** (석사동),,정상,0000,01,0332640024,265543.109288531    ,482638.180291762    ,강원특별자치도 춘천시 석사동 *** ,2022-11-17 11:17:50
4181000,418000004720200008,2020-06-19,,폐업,2021-12-10,,,,0,,24400,발바닥애견카페,I,000,2026-01-13 17:10:33,"강원특별자치도 춘천시 동내면 거두길 **, *층",,폐업,0002,03,,267019.444768929    ,484504.54292803     ,강원특별자치도 춘천시 동내면 거두리 ***-* ,2022-04-28 18:08:58
4181000,418000004720200005,2020-04-21,,폐업,2021-12-17,,,,0,,24202,용산559,I,000,2026-01-13 17:10:33,강원특별자치도 춘천시 신북읍 용산길 ***-**,,폐업,0002,03,,262699.321234031    ,495465.794443184    ,강원특별자치도 춘천시 신북읍 용산리 *** ,2022-04-28 18:08:58
4181000,418000004720200004,2020-03-24,,폐업,2021-12-07,,,,0,,24283,ADAM&amp;PET,I,000,2026-01-13 17:10:33,강원특별자치도 춘천시 후석로 *** (후평동),,폐업,0002,03,,266118.799199437    ,486103.986036206    ,강원특별자치도 춘천시 후평동 ***-* ,2022-04-28 18:08:58
4181000,418000004720180013,2018-04-11,,폐업,,,,,0,,24213,개네집,I,000,2026-01-13 17:10:33,강원특별자치도 춘천시 동면 춘천로 ***,,폐업,0002,03,0332514446,266859.107975486    ,488253.798895921    ,강원특별자치도 춘천시 동면 장학리 ***-* ,2022-04-28 18:08:56
4181000,418000004720180007,2018-04-10,,취소/말소/만료/정지/중지,2023-07-06,,,,0,,24257,레인보우클라우드,I,000,2026-01-13 17:10:33,강원특별자치도 춘천시 춘천로 *** (후평동),,말소,0004,04,0332411214,265204.058378159    ,486592.320626815    ,강원특별자치도 춘천시 후평동 ***-* ,2023-07-06 13:37:17
4181000,418000004720180024,2018-06-18,,폐업,2019-12-16,,,,0,,24354,작은언니네 고양이,I,000,2026-01-13 17:10:33,"강원특별자치도 춘천시 명동길 **, *층 (중앙로*가)",,폐업,0002,03,0332430303,263789.341101935    ,486438.051502623    ,강원특별자치도 춘천시 중앙로*가 **-* ,2022-04-28 18:08:56
4191000,419000004720180011,2018-06-25,,취소/말소/만료/정지/중지,2025-03-17,,,,0,,26444,요술곰 동물원,I,000,2026-01-13 17:08:33,"강원특별자치도 원주시 개운*길 **, ***호 (단구동)",,말소,0004,04,,285135.876873429    ,426500.062998518    ,강원특별자치도 원주시 단구동 ***-* ,2025-03-18 19:18:15
4191000,419000004720180020,2018-10-04,,취소/말소/만료/정지/중지,2025-03-17,,,,0,,26490,왈와리 (단구점),I,000,2026-01-13 17:08:33,강원특별자치도 원주시 토지길 ** (단구동),,말소,0004,04,,284850.944884013    ,424779.665059016    ,강원특별자치도 원주시 단구동 ****-* ,2025-03-18 19:18:26
4191000,419100004720230001,2023-12-22,,취소/말소/만료/정지/중지,2025-03-17,,,,0,,26466,애견카페 제니콩콩,I,000,2026-01-13 17:08:34,"강원특별자치도 원주시 버들만이길 *-*, *층 (반곡동)",,말소,0004,04,,286229.408694837    ,424616.647546019    ,강원특별자치도 원주시 반곡동 ****-** ,2025-03-18 19:18:37
4191000,419000004720180024,2018-10-04,,폐업,2021-11-01,,,,0,,26425,강아지집,I,000,2026-01-13 17:08:33,"강원특별자치도 원주시 천사로 ***, *층 (일산동)",,폐업,0002,03,0337456685,283318.086053561    ,427841.665386195    ,강원특별자치도 원주시 일산동 ***-** ,2022-04-28 18:08:01
4191000,419000004720190010,2019-07-16,,폐업,2025-08-01,,,,0,,26304,박순호의 아이슬란드,I,000,2026-01-13 17:08:34,강원특별자치도 원주시 소초면 다리목길 **-*,,폐업,0002,03,,289605.489869701    ,437657.747923176    ,강원특별자치도 원주시 소초면 교항리 *** ,2025-08-06 09:25:41
4191000,419000004720190019,2019-10-22,,폐업,2020-01-09,,,,0,,26455,치쿠치쿠,I,000,2026-01-13 17:08:34,"강원특별자치도 원주시 행구덕현길 **, *층 (행구동)",,폐업,0002,03,,288579.934529061    ,426516.312192179    ,강원특별자치도 원주시 행구동 ***-* ,2022-04-28 18:08:02
4191000,419100004720250001,2025-12-30,,영업/정상,,,,,0,,26484,원주 고양이 카페 오묘,I,000,2026-01-13 17:08:34,"강원특별자치도 원주시 서원대로 ***, 광장빌딩 *층 ***호 (단구동)",,정상,0000,01,,284124.423574889    ,425753.203190806    ,강원특별자치도 원주시 단구동 ****-* 광장빌딩 ,2025-12-31 15:01:58
4191000,419000004720210008,2021-03-24,,폐업,2022-07-01,,,,0,,26402,화이트클라우드,I,000,2026-01-13 17:08:34,강원특별자치도 원주시 판부면 백운정윗길 **,,폐업,0002,03,0337650999,283077.140226698    ,421171.078036202    ,강원특별자치도 원주시 판부면 서곡리 ****-* ,2022-07-01 15:49:59
4191000,419000004720210033,2018-10-04,,폐업,2021-11-02,,,,0,,26477,왈왈이 (무실점),I,000,2026-01-13 17:08:34,강원특별자치도 원주시 무실본동길 **(무실동),,폐업,0002,03,,282663.383340459    ,426480.18527278     ,강원특별자치도 원주시 무실동 ****-* ,2022-04-28 18:08:05
4191000,419000004720200017,2020-06-01,,영업/정상,,,,,0,,26310,견묘당,I,000,2026-01-13 17:08:34,강원특별자치도 원주시 소초면 황골로 ***-*,,정상,0000,01,,289408.085260019    ,429659.907646967    ,강원특별자치도 원주시 소초면 흥양리 *** ,2024-03-13 17:15:42
4191000,419000004720210042,2021-12-15,,영업/정상,,,,,0,,26465,해피주 동물카페 원주점,I,000,2026-01-13 17:08:34,"강원특별자치도 원주시 양지로 **, ***호 (반곡동)",,정상,0000,01,,286882.134009462    ,425165.486704147    ,강원특별자치도 원주시 반곡동 ****-* ,2022-12-16 09:52:57
4191000,419100004720240001,2024-05-24,,영업/정상,,,,,0,,26472,디디애견미용,I,000,2026-01-13 17:08:34,"강원특별자치도 원주시 시청로 ***-*, *층 (관설동)",,정상,0000,01,07043698160,285062.673890963    ,424363.352388597    ,강원특별자치도 원주시 관설동 ****-* ,2025-11-21 16:04:01
4191000,419000004720180017,2018-08-24,,폐업,2020-06-05,,,,0,,26383,펫타운애견카페,I,000,2026-01-13 17:08:33,강원특별자치도 원주시 로아노크로 ** (무실동),,폐업,0002,03,0337318788,281962.138873963    ,427068.792999864    ,강원특별자치도 원주시 무실동 ***-* ,2022-04-28 18:08:00
4201000,420000004720180012,2018-08-27,,영업/정상,,,,,0,,25610,멍뭉이,I,000,2026-01-13 17:04:32,강원특별자치도 강릉시 남부로***번길 ** (노암동),,정상,0000,01,,367065.690480501    ,472657.320758258    ,강원특별자치도 강릉시 노암동 ***-* ,2022-04-28 18:08:29
4201000,420000004720180022,2018-10-06,,영업/정상,,,,,0,,25530,안녕고양이,I,000,2026-01-13 17:04:33,강원특별자치도 강릉시 강릉대로***번길 * (임당동),,정상,0000,01,,366816.674585709    ,474454.400601761    ,강원특별자치도 강릉시 임당동 **-* ,2022-04-28 18:08:30
4201000,420000004720220002,2022-09-07,,폐업,2023-05-16,,,,0,,25437,베일리하우스,I,000,2026-01-13 17:04:33,강원특별자치도 강릉시 사천면 중앙서로 ***,,폐업,0002,03,,361703.464083441    ,480981.904647187    ,강원특별자치도 강릉시 사천면 노동리 ***-* ,2023-05-16 17:52:40
4201000,420000004720200015,2020-09-02,,폐업,2022-06-09,,,,0,,25604,갬성DOG,I,000,2026-01-13 17:04:33,"강원특별자치도 강릉시 남부로**번길 **-**, *층 (내곡동)",,폐업,0002,03,,366182.643461565    ,472630.344868276    ,강원특별자치도 강릉시 내곡동 ***-* ,2022-06-14 16:27:27
4201000,420000004720200003,2020-01-23,,폐업,2022-08-30,,,,0,,25578,해피주 동물카페 강릉점,I,000,2026-01-13 17:04:33,"강원특별자치도 강릉시 성덕포남로 ***, ***호 (입암동)",,폐업,0002,03,,368652.692258642    ,475112.699993779    ,강원특별자치도 강릉시 입암동 ***-* ,2022-12-09 14:32:01
4201000,420000004720180029,2018-10-24,,폐업,2021-01-31,,,,0,,25561,몽몽,I,000,2026-01-13 17:04:33,"강원특별자치도 강릉시 경강로****번길 **, *층 (송정동)",,폐업,0002,03,,369876.470275385    ,476385.369250926    ,강원특별자치도 강릉시 송정동 **** ,2022-04-28 18:08:30
4201000,420000004720180023,2018-10-06,,폐업,2024-03-15,,,,0,,25622,개버랜드,I,000,2026-01-13 17:04:33,강원특별자치도 강릉시 구정면 구정중앙로 ***-*,,폐업,0002,03,,365153.109674068    ,469627.771475696    ,강원특별자치도 강릉시 구정면 여찬리 *** ,2024-03-15 16:10:34
4201000,420000004720180019,2018-09-18,,폐업,2021-01-31,,,,0,,25561,몽몽,I,000,2026-01-13 17:04:33,"강원특별자치도 강릉시 경강로****번길 **, *층 (송정동)",,폐업,0002,03,,369876.470275385    ,476385.369250926    ,강원특별자치도 강릉시 송정동 **** ,2022-04-28 18:08:30
4201000,420000004720180013,2018-08-27,,폐업,2024-11-28,,,,0,,25455,MODERN CAT,I,000,2026-01-13 17:04:32,강원특별자치도 강릉시 죽헌길 ** (지변동),,폐업,0002,03,,365068.604886022    ,476569.961576919    ,강원특별자치도 강릉시 지변동 ***-* ,2024-11-28 11:13:00
4201000,420000004720220003,2022-11-17,,폐업,2025-12-10,,,,0,,25521,먹고놀개,I,000,2026-01-13 17:04:33,"강원특별자치도 강릉시 사임당로**번길 *-**, *층 (홍제동)",,폐업,0002,03,,363902.319164363    ,473867.313488164    ,강원특별자치도 강릉시 홍제동 ***-* ,2025-12-16 15:21:36
4201000,420100004720250002,2025-02-11,,폐업,2026-03-17,,,,0,,25599,화이트 크로우 브루잉,I,000,2026-03-18 21:04:19,강원특별자치도 강릉시 관솔길**번길 **-* (회산동),,폐업,0002,03,0336437179,364555.642638283    ,472472.77521789     ,강원특별자치도 강릉시 회산동 ***-** ,2026-03-17 11:03:45
4201000,420100004720250001,2025-01-31,,영업/정상,,,,,0,,25448,고양이집,I,000,2026-01-13 17:04:33,강원특별자치도 강릉시 성산면 안곡길 **,,정상,0000,01,,,,강원특별자치도 강릉시 성산면 관음리 ***-** ,2025-01-31 09:45:15
4201000,420000004720220001,2022-04-05,,영업/정상,,,,,0,,25573,코코랑,I,000,2026-01-13 17:04:33,강원특별자치도 강릉시 강변로***번길 **(두산동),,정상,0000,01,,370020.68082362     ,475634.510287559    ,강원특별자치도 강릉시 두산동 ***-** ,2022-04-28 18:08:35
4201000,420000004720210015,2021-11-18,,영업/정상,,,,,0,,25561,윤특 반려견 탐구생활,I,000,2026-01-13 17:04:33,강원특별자치도 강릉시 경강로****번길 **-*(견소동),,정상,0000,01,,370393.994887282    ,476274.965439564    ,강원특별자치도 강릉시 견소동 ***-* ,2023-03-06 10:06:30
4201000,420000004720210009,2021-06-21,,영업/정상,,,,,0,,25439,파인독(pine dog),I,000,2026-01-13 17:04:33,강원특별자치도 강릉시 사천면 송암골길 ***,,정상,0000,01,,361340.848565113    ,478477.641764563    ,강원특별자치도 강릉시 사천면 노동리 *** ,2022-04-28 18:08:34
4201000,420000004720210003,2021-01-14,,영업/정상,,,,,0,,25623,콩이네하우스,I,000,2026-01-13 17:04:33,강원특별자치도 강릉시 구정면 옥봉안길 *,,정상,0000,01,,367744.867474063    ,468681.929047072    ,강원특별자치도 강릉시 구정면 학산리 ****-* ,2022-04-28 18:08:34
4201000,420000004720200016,2020-09-15,,영업/정상,,,,,0,,25533,쓰담쓰담,I,000,2026-01-13 17:04:33,"강원특별자치도 강릉시 문화의길*번길 *, *층 (임당동)",,정상,0000,01,,366861.985001848    ,474104.352427283    ,강원특별자치도 강릉시 임당동 **-* ,2022-04-28 18:08:33
4201000,420000004720200014,2020-08-06,,영업/정상,,,,,0,,25540,파충류카페 비비안,I,000,2026-01-13 17:04:33,"강원특별자치도 강릉시 대학길 *, *층 (금학동)",,정상,0000,01,0336481100,367088.354458976    ,474027.513301894    ,강원특별자치도 강릉시 금학동 ** ,2022-04-28 18:08:33
4201000,420100004720250003,2025-09-02,,영업/정상,,,,,0,,25460,레이지캣카페,I,000,2026-01-13 17:04:33,강원특별자치도 강릉시 해안로 *** (안현동),,정상,0000,01,,367605.246840096    ,479721.906776649    ,강원특별자치도 강릉시 안현동 ***-* 경포상가 ,2025-09-02 13:16:01
4201000,420000004720200009,2020-04-23,,영업/정상,,,,,0,,25471,서당개,I,000,2026-01-13 17:04:33,강원특별자치도 강릉시 산양길 ** (포남동),,정상,0000,01,,368319.616744088    ,476947.524424759    ,강원특별자치도 강릉시 포남동 **-* ,2022-04-28 18:08:33
4201000,420000004720180028,2018-10-23,,영업/정상,,,,,0,,25623,개들의왕국,I,000,2026-01-13 17:04:33,강원특별자치도 강릉시 구정면 오독떼기길 **,,정상,0000,01,,366561.815077909    ,468617.973078083    ,강원특별자치도 강릉시 구정면 학산리 ***-* ,2022-04-28 18:08:30
4201000,420000004720180031,2018-10-28,,영업/정상,,,,,0,,25516,플레이독애견카페,I,000,2026-01-13 17:04:33,강원특별자치도 강릉시 하슬라로 *** (교동),,정상,0000,01,07077998525,364964.643534119    ,474759.393544892    ,강원특별자치도 강릉시 교동 ****-* ,2022-04-28 18:08:31
4201000,420000004720180037,2018-11-19,,영업/정상,,,,,0,,25447,개스토랑 인 위촌길 299,I,000,2026-01-13 17:04:33,강원특별자치도 강릉시 성산면 위촌길 ***,,정상,0000,01,07077874733,361760.750115372    ,474580.54284947     ,강원특별자치도 강릉시 성산면 위촌리 ***-* ,2022-04-28 18:08:31
4201000,420000004720180038,2018-11-19,,영업/정상,,,,,0,,25551,도그라운드,I,000,2026-01-13 17:04:33,강원특별자치도 강릉시 옥가로 ** (옥천동),,정상,0000,01,07050175900,367299.506139867    ,474652.749976211    ,강원특별자치도 강릉시 옥천동 ***-* ,2022-04-28 18:08:31
4201000,420000004720180040,2018-12-13,,영업/정상,,,,,0,,25520,댕댕클럽,I,000,2026-01-13 17:04:33,"강원특별자치도 강릉시 사임당로 ***, *층 (홍제동)",,정상,0000,01,,364298.927352805    ,474389.630661878    ,강원특별자치도 강릉시 홍제동 ***-* ,2022-04-28 18:08:31
4211000,421100004720230001,2023-08-18,,영업/정상,,,,,0,,25769,묘냥묘냥,I,000,2026-03-26 21:03:36,"강원특별자치도 동해시 중앙로 ***, 이주민상가 *층 ***호 (천곡동)",,정상,0000,01,,386927.673523156    ,448667.134954151    ,강원특별자치도 동해시 천곡동 *** 이주민상가 ,2023-08-18 17:26:54
4211000,421000004720180006,2020-03-02,,폐업,2024-11-30,,,,0,,25768,모모몽 애견까페,I,000,2026-03-26 21:03:25,"강원특별자치도 동해시 대학로 **, 골든타워 ***호 (천곡동)",,폐업,0002,03,,386777.564549742    ,448726.86736624     ,강원특별자치도 동해시 천곡동 **** 골든타워 ***호,2025-01-09 17:18:47
4211000,421000004720200001,2020-03-02,,폐업,2021-05-25,,,,0,,25701,너랑 온,I,000,2026-03-26 21:03:26,강원특별자치도 동해시 망상길 ** (망상동),,폐업,0002,03,,384462.211387799    ,456328.226185033    ,강원특별자치도 동해시 망상동 ***-* ,2022-04-28 18:08:40
4211000,421000004720180001,2018-07-18,,폐업,,,,,0,,25768,펫벙커,I,000,2026-03-26 21:03:25,"강원특별자치도 동해시 천곡로 **, 삼양골든빌딩 (천곡동)",,폐업,0002,03,,386739.511869919    ,448851.26894169     ,강원특별자치도 동해시 천곡동 ****-* 삼양골든빌딩 ***호,2022-04-28 18:08:39
4211000,421000004720200003,2018-11-30,,폐업,2020-11-24,,,,0,,25807,삐삐라떼,I,000,2026-03-26 21:03:26,"강원특별자치도 동해시 효자남길 **-*, *층 (쇄운동)",,폐업,0002,03,,386144.782327249    ,445031.806867022    ,강원특별자치도 동해시 쇄운동 ***-* ,2022-04-28 18:08:40
4221000,422100004720230001,2023-09-11,,영업/정상,,,,,0,,26043,인투캣츠,I,L00,2026-01-13 17:11:02,강원특별자치도 태백시 태백산로 **** (소도동),,정상,0000,01,,375289.937685848    ,405319.347906716    ,강원특별자치도 태백시 소도동 **-** ,2023-09-11 11:42:15
4221000,422000004720180008,2018-12-24,,폐업,2023-12-12,,,,0,,26039,몽글몽글 애견카페,I,000,2026-01-13 17:11:02,강원특별자치도 태백시 상장로 **-* (황지동),,폐업,0002,03,0335534940,376742.416843762    ,407269.284772867    ,강원특별자치도 태백시 황지동 ***-** ,2023-12-13 11:36:22
4221000,422000004720180005,2018-11-08,,폐업,2022-02-03,,,,0,,26039,캣독카페,I,000,2026-01-13 17:11:02,강원특별자치도 태백시 태백로 **** (황지동),,폐업,0002,03,,376795.392396021    ,407686.437412675    ,강원특별자치도 태백시 황지동 ***-* ,2022-04-28 18:08:30
4231000,423000004720200006,2020-05-13,,폐업,2023-05-16,,,,0,,24892,둥개둥개,I,000,2026-01-13 17:06:32,강원특별자치도 속초시 선사로*길 ** (조양동),,폐업,0002,03,,339596.00222119     ,521682.449297482    ,강원특별자치도 속초시 조양동 ****-* ,2023-05-18 10:18:44
4231000,423000004720200011,2020-09-01,,폐업,2023-12-26,,,,0,,24868,나나 Dog,I,L00,2026-01-13 17:06:32,강원특별자치도 속초시 관광로 ***-** (노학동),,폐업,0002,03,,334911.085027835    ,521096.959871809    ,강원특별자치도 속초시 노학동 산 ***-** ,2024-01-03 16:09:24
4231000,423000004720200007,2020-05-20,,폐업,2024-04-18,,,,0,,24872,냥이네 호수,I,000,2026-01-13 17:06:32,"강원특별자치도 속초시 철새길 **, *층 (조양동)",,폐업,0002,03,,338573.981684229    ,522215.668811786    ,강원특별자치도 속초시 조양동 ****-* ,2024-04-18 10:59:27
4251000,425100004720240001,2024-12-12,,폐업,2026-03-31,,,,0,,25134,고양이의 하루,U,000,2026-04-01 03:03:03,"강원특별자치도 홍천군 홍천읍 희망로 **, *층",,폐업,0002,03,,278097.500550083    ,466073.400218148    ,강원특별자치도 홍천군 홍천읍 희망리 **-* ,2026-03-31 14:30:09
4251000,425000004720180009,2018-09-13,,폐업,2022-02-16,,,,0,,25136,똥꼬냥이,I,000,2026-01-13 17:12:02,"강원특별자치도 홍천군 홍천읍 신장대로 **, *동 *층",,폐업,0002,03,,277814.399137535    ,465714.3524361      ,강원특별자치도 홍천군 홍천읍 신장대리 **-* ,2022-04-28 18:09:24
4251000,425000004720180005,2018-07-09,,폐업,2021-01-29,,,,0,,25156,(주)하늘마음바이오 홍천지점,I,L00,2026-01-13 17:12:02,"강원특별자치도 홍천군 화촌면 가락재로 ***, *동 *층",,폐업,0002,03,18992250,278078.643187069    ,481648.412674322    ,강원특별자치도 홍천군 화촌면 풍천리 **-* ,2022-04-28 18:09:11
4251000,425000004720180011,2018-09-26,,영업/정상,,,,,0,,25125,어도러블독,I,000,2026-01-13 17:12:02,"강원특별자치도 홍천군 홍천읍 홍천로 ***, *동 *층",,정상,0000,01,0334333631,278842.852706642    ,466464.568783887    ,강원특별자치도 홍천군 홍천읍 갈마곡리 ***-* ,2022-04-28 18:09:24
4281000,428000004720210004,2021-10-27,,영업/정상,,,,,0,,25377,(주)더조은펫타운,I,000,2026-01-13 17:11:32,강원특별자치도 평창군 평창읍 종부*길 ***-**,,정상,0000,01,0333350004,325193.138385256    ,428272.676180813    ,강원특별자치도 평창군 평창읍 종부리 **-** ,2022-10-04 16:03:48
4281000,428000004720180005,2018-10-16,,폐업,2024-05-14,,,,0,,25363,검단켄빌,I,000,2026-01-13 17:11:32,강원특별자치도 평창군 대화면 가평로 ***-**,,폐업,0002,03,,333007.467191296    ,438358.127968885    ,강원특별자치도 평창군 대화면 하안미리 산 *** ,2024-05-14 10:23:38
4291000,429000004720210001,2021-02-16,,영업/정상,,,,,0,,26116,정선아기동물농장,I,000,2026-01-13 17:09:32,"강원특별자치도 정선군 화암면 소금강로 ****, 정선아기동물농장",,정상,0000,01,0335625969,358369.115840225    ,428548.080076326    ,강원특별자치도 정선군 화암면 화암리 ***-* 정선아기동물농장 ,2022-04-28 18:08:47
4291000,429100004720240001,2024-08-05,,영업/정상,,,,,0,,26154,하이원 하늘아래 동물농장,I,L00,2026-01-13 17:09:32,강원특별자치도 정선군 고한읍 하이원길 ***-*,,정상,0000,01,0335905743,362132.41883409     ,413191.345363797    ,강원특별자치도 정선군 고한읍 고한리 ***-** ,2024-08-05 10:00:33
4351000,435000004720190003,2019-05-16,,영업/정상,,,,,0,,25003,더 퍼피즈 블루오션 쿡,I,000,2026-01-13 17:07:32,강원특별자치도 양양군 강현면 동해대로 ****,,정상,0000,01,,341290.279157319    ,516680.248144441    ,강원특별자치도 양양군 강현면 정암리 **-* ,2022-04-28 18:08:42
4351000,435000004720190004,2019-05-22,,폐업,2021-03-03,,,,0,,25035,양이랑콩이랑,I,000,2026-01-13 17:07:32,강원특별자치도 양양군 서면 원당골길 ***,,폐업,0002,03,,337333.031418053    ,508976.861033763    ,강원특별자치도 양양군 서면 논화리 *** ,2022-04-28 18:08:42
4390000,439000004720250001,2025-11-18,,영업/정상,,,,,0,,27440,즐겁쥬(zoo),I,000,2026-03-26 22:33:05,충청북도 충주시 탄금대안길 ** (칠금동),,정상,0000,01,,280082.863575602    ,387545.577241997    ,충청북도 충주시 칠금동 ***-** ,2025-11-18 17:53:09
4390000,439000004720180025,2018-12-28,,영업/정상,,,,,0,,27393,견궁,I,000,2026-03-26 22:33:05,"충청북도 충주시 성남*길 **, *층 (성남동)",,정상,0000,01,,283467.837774471    ,385582.107570583    ,충청북도 충주시 성남동 *** ,2025-07-25 13:05:35
4390000,439000004720190004,2019-01-07,,영업/정상,,,,,0,,27387,스타펫미팅,I,000,2026-03-26 22:33:05,"충청북도 충주시 성서*길 **-*, *층 (성서동)",,정상,0000,01,,282864.225950258    ,386011.885778368    ,충청북도 충주시 성서동 *** ,2022-04-28 18:10:45
4450000,445000004720190004,2019-06-18,,영업/정상,,,,,0,,27816,고고독,I,000,2026-03-26 22:33:01,충청북도 진천군 이월면 중미로 ***,,정상,0000,01,,240539.904707742    ,379137.618077199    ,충청북도 진천군 이월면 신월리 산 ***-* ,2022-04-28 18:12:24
4450000,445000004720230001,2023-07-21,,폐업,2024-11-20,,,,0,,27863,그루밍 라운지,I,000,2026-03-26 22:33:01,충청북도 진천군 문백면 사양*길 *,,폐업,0002,03,,241761.035491071    ,370588.505961119    ,충청북도 진천군 문백면 사양리 ***-* ,2025-01-17 11:39:27
4470000,447000004720250002,2025-07-18,,영업/정상,,,,,0,,27740,쵸이캣 충북혁신점,I,000,2026-03-26 22:33:06,"충청북도 음성군 맹동면 교연로 ***, ***~***호",,정상,0000,01,,248854.027647151    ,378451.760571856    ,충청북도 음성군 맹동면 두성리 **** ,2025-07-18 17:52:45
4470000,447000004720250001,2025-06-19,,영업/정상,,,,,0,,27739,애니멀 라이프,I,000,2026-03-26 22:33:06,"충청북도 음성군 맹동면 태정*길 **, *호",,정상,0000,01,,249249.175647765    ,379225.939902907    ,충청북도 음성군 맹동면 두성리 **** ,2025-06-19 17:33:27
4490000,566000004720230001,2023-03-07,,영업/정상,,,,,0,,31104,카페 414,I,000,2026-01-14 16:08:56,충청남도 천안시 서북구 *공단*길 **(두정동),,정상,0000,01,,213179.256485378    ,370050.862489097    ,충청남도 천안시 서북구 두정동 **-** ,2023-03-07 16:18:12
4490000,565000004720180006,2018-04-13,,영업/정상,,,,,0,,31123,더캣,I,000,2026-01-14 16:08:53,"충청남도 천안시 동남구 먹거리**길 **, 중앙빌딩 *층 (신부동)",,정상,0000,01,,213840.541889933    ,368562.930378022    ,충청남도 천안시 동남구 신부동 ***-** 중앙빌딩 ,2024-06-18 19:35:55
4490000,565000004720180066,2018-12-03,,영업/정상,,,,,0,,31068,맑음,I,000,2026-01-14 16:08:53,충청남도 천안시 동남구 유량로 *** (유량동),,정상,0000,01,,215984.627224683    ,367841.273711932    ,충청남도 천안시 동남구 유량동 ***-* ,2022-04-28 18:12:19
4490000,565000004720180069,2018-12-11,,영업/정상,,,,,0,,31123,천안유기견카페잇츠독,I,000,2026-01-14 16:08:53,"충청남도 천안시 동남구 먹거리*길 **, 정유빌딩 *층 (신부동)",,정상,0000,01,,213874.935120163    ,368461.558842982    ,충청남도 천안시 동남구 신부동 ***-* 정유빌딩 ,2025-03-26 17:44:34
4490000,565000004720190003,2019-01-23,,영업/정상,,,,,0,,31204,꽃분이네,I,000,2026-01-14 16:08:53,"충청남도 천안시 동남구 통정*로 **-**, *층 (신방동)",,정상,0000,01,,211831.16725383     ,363773.859769383    ,충청남도 천안시 동남구 신방동 **** ,2022-04-28 18:12:20
4490000,565000004720190012,2019-05-23,,영업/정상,,,,,0,,31255,재리쥬,I,000,2026-01-14 16:08:53,충청남도 천안시 동남구 병천면 도원리*길 **-**,,정상,0000,01,,228771.77940743     ,365014.796430615    ,충청남도 천안시 동남구 병천면 도원리 **-* ,2022-04-28 18:12:20
4490000,565000004720230002,2023-11-13,,영업/정상,,,,,0,,31123,냥이싸롱,I,000,2026-02-10 22:32:50,"충청남도 천안시 동남구 먹거리**길 **-*, *층 (신부동)",,정상,0000,01,0415699106,213798.631515429    ,368533.184814746    ,충청남도 천안시 동남구 신부동 ***-* *층 (냥이싸롱) ,2026-02-09 10:58:56
4490000,565000004720250001,2025-04-07,,영업/정상,,,,,0,,31212,천안유기견카페 잇츠독 정원,I,000,2026-01-14 16:08:53,"충청남도 천안시 동남구 용평*길 **, *층 (구룡동)",,정상,0000,01,,,,충청남도 천안시 동남구 구룡동 ***-* ,2025-04-07 16:22:02
4490000,565000004720250002,2025-05-20,,영업/정상,,,,,0,,31212,하트멍,I,000,2026-01-14 16:08:53,"충청남도 천안시 동남구 용평*길 **-**, *층 (청당동)",,정상,0000,01,,213671.924468531    ,363785.918261817    ,충청남도 천안시 동남구 청당동 **-* ,2025-06-09 14:30:39
4490000,565000004720250003,2025-09-16,,영업/정상,,,,,0,,31208,가까이그리고가만히,I,000,2026-01-14 16:08:53,"충청남도 천안시 동남구 통정**로 **-*, *층 (신방동)",,정상,0000,01,,211532.921721105    ,363679.963958255    ,충청남도 천안시 동남구 신방동 **** *층 ,2025-09-16 09:20:59
4490000,566000004720190020,2019-07-12,,영업/정상,,,,,0,,31011,앵무새퀘이커,I,000,2026-01-14 16:08:56,"충청남도 천안시 서북구 성환읍 성환*로 ***-*, ***호",,정상,0000,01,0415817393,211326.601605844    ,379323.062027076    ,충청남도 천안시 서북구 성환읍 성환리 ***-*** ***호,2022-04-28 18:12:39
4490000,566000004720190025,2019-08-06,,영업/정상,,,,,0,,31168,히어로플레이파크 천안지점,I,L00,2026-01-14 16:08:56,"충청남도 천안시 서북구 공원로 ***, A동 지하*층 (불당동, 펜타포트)",,정상,0000,01,0419032233,208947.431401942    ,366497.827726821    ,충청남도 천안시 서북구 불당동 **** 펜타포트 A동 ,2022-04-28 18:12:40
4490000,566000004720200010,2020-06-03,,영업/정상,,,,,0,,31156,돌봄,I,000,2026-01-14 16:08:56,"충청남도 천안시 서북구 불당**로 ***, *층 (불당동)",,정상,0000,01,0415517515,209546.597857665    ,369012.534113419    ,충청남도 천안시 서북구 불당동 **** ,2022-04-28 18:12:43
4490000,566000004720220010,2022-02-17,,영업/정상,,,,,0,,31107,개뜰날 라운지,I,000,2026-01-14 16:08:56,"충청남도 천안시 서북구 두정로 ***, *층 (두정동)",,정상,0000,01,,211995.130555667    ,370239.932482803    ,충청남도 천안시 서북구 두정동 *** ,2025-12-22 09:18:23
4490000,566000004720190003,2019-01-22,,폐업,2022-03-24,,,,0,,31087,펫카페 키워보리,I,F00,2026-01-14 16:08:56,"충청남도 천안시 서북구 한들*로 ***, 마치에비뉴 c동 ***호 (백석동)",,폐업,0002,03,07088442220,210651.628780305    ,370693.982276435    ,충청남도 천안시 서북구 백석동 **** 마치에비뉴 c동 ***호,2022-04-28 18:12:38
4490000,565000004720260001,2026-03-31,,영업/정상,,,,,0,,31221,해피애니멀,I,000,2026-04-01 23:38:09,"충청남도 천안시 동남구 광덕면 광풍로 ****, 해피애니멀",,정상,0000,01,,210366.969662605    ,356966.772395783    ,충청남도 천안시 동남구 광덕면 매당리 ***-* 해피애니멀 ,2026-03-31 09:42:47
4490000,565000004720180027,2018-04-26,,폐업,2021-04-19,,,,0,,31123,페럿 마을,I,000,2026-01-14 16:08:53,충청남도 천안시 동남구 먹거리**길 ** (신부동),,폐업,0002,03,0415534672,213756.319840805    ,368557.245788208    ,충청남도 천안시 동남구 신부동 ***-* ,2022-04-28 18:12:16
4490000,565000004720180031,2018-04-26,,폐업,2019-05-22,,,,0,,31123,도니독(DonlDog),I,000,2026-01-14 16:08:53,"충청남도 천안시 동남구 먹거리**길 **, *층 (신부동)",,폐업,0002,03,,213670.098016497    ,368529.226015957    ,충청남도 천안시 동남구 신부동 ***-* ,2022-04-28 18:12:17
4490000,565000004720190010,2019-05-20,,폐업,2020-05-27,,,,0,,31197,폼둥이네(pomdung-ine),I,000,2026-01-14 16:08:53,"충청남도 천안시 동남구 청수**길 *-***, ***호 (삼룡동)",,폐업,0002,03,,214628.905431953    ,364554.8590299      ,충청남도 천안시 동남구 삼룡동 *** ,2022-04-28 18:12:20
4490000,565000004720230001,2023-06-30,,폐업,2025-07-25,,,,0,,31066,어몽독스,I,000,2026-01-14 16:08:53,"충청남도 천안시 동남구 각원사길 **, 어몽독스 (안서동)",,폐업,0002,03,,216089.173139093    ,369884.869432599    ,충청남도 천안시 동남구 안서동 ***-* 어몽독스 ,2025-07-28 14:05:25
4490000,566000004720240001,2024-08-24,,영업/정상,,,,,0,,31156,캣플 천안불당점,U,000,2026-03-26 03:03:03,"충청남도 천안시 서북구 불당**로 **-*, B층 **~**,**호 (불당동)",,정상,0000,01,,209591.482831148    ,367992.504402902    ,충청남도 천안시 서북구 불당동 ****-* ,2026-03-25 17:25:24
4490000,566000004720250001,2025-01-23,,영업/정상,,,,,0,,31101,야옹이네고양이카페 천안직영점,I,000,2026-01-14 16:08:56,"충청남도 천안시 서북구 두정중**길 **, 농협 *층 ***호 (두정동)",,정상,0000,01,,212506.5            ,370729.2            ,충청남도 천안시 서북구 두정동 **** 농협 ***호,2025-08-07 09:54:06
4490000,566000004720250002,2025-07-15,,영업/정상,,,,,0,,31149,지상냥원,I,000,2026-01-14 16:08:56,"충청남도 천안시 서북구 쌍용대로 ***, *층·*층 (쌍용동)",,정상,0000,01,,211775.322991432    ,367569.688844033    ,충청남도 천안시 서북구 쌍용동 *** *층·*층 ,2025-07-15 14:35:59
4490000,566000004720250003,2025-09-12,,영업/정상,,,,,0,,31108,냥이마루,I,000,2026-01-14 16:08:56,"충청남도 천안시 서북구 서부대로 ***, *층 ***호 (성정동)",,정상,0000,01,,211839.611837874    ,369833.167556227    ,충청남도 천안시 서북구 성정동 **** ***호,2025-09-12 11:05:28
4500000,450000004720180014,2018-07-10,,폐업,2023-11-20,,,,0,,32582,꽁냥꽁냥 고양이카페,I,000,2026-01-13 18:46:02,"충청남도 공주시 공주대학로 **-*, *층 (신관동)",,폐업,0002,03,,212298.621536156    ,330273.383014928    ,충청남도 공주시 신관동 *** ,2023-11-20 15:34:17
4500000,450000004720230001,2023-01-09,,폐업,2023-11-13,,,,0,,32624,보네르펫카페,I,L00,2026-01-13 18:46:02,충청남도 공주시 반포면 원전말길 **-**,,폐업,0002,03,0418818110,222994.534690368    ,320675.580594807    ,충청남도 공주시 반포면 온천리 **-* ,2023-11-13 16:34:29
4510000,451000004720180008,2018-05-29,,폐업,2018-12-10,,,,0,,33464,잼잼고양이,I,000,2026-04-22 22:33:33,충청남도 보령시 대흥로 **-* (대천동),,폐업,0002,03,0419272080,163515.305350992    ,316609.717972031    ,충청남도 보령시 대천동 ***-** ,2022-04-28 18:12:08
4520000,452000004720210019,2021-11-18,,폐업,2023-10-27,,,,0,,31539,프로방스,I,000,2026-01-13 18:50:03,충청남도 아산시 신창면 창암황산길 ***-*,,폐업,0002,03,0415332004,195654.116667905    ,361960.755818571    ,충청남도 아산시 신창면 창암리 ***-* ,2023-10-27 10:03:19
4520000,452000004720200011,2020-05-27,,폐업,2024-01-22,,,,0,,31491,리틀 펫 카페 호텔,I,000,2026-01-13 18:50:03,"충청남도 아산시 배방읍 북수로 **-**, 더하우스maker *층",,폐업,0002,03,,206311.807434465    ,363717.143802973    ,충청남도 아산시 배방읍 북수리 **** 더하우스maker ,2024-01-22 10:27:45
4520000,452000004720200005,2020-02-19,,폐업,2022-11-14,,,,0,,31526,왈왈 펫카페,I,000,2026-01-13 18:50:03,충청남도 아산시 번영로***번길 ** (모종동),,폐업,0002,03,0415341470,201324.535921342    ,364636.88610879     ,충청남도 아산시 모종동 ***-* ,2022-11-15 10:51:19
4520000,452000004720180069,2018-10-24,,폐업,2025-09-19,,,,0,,31560,프리티쥬,I,000,2026-01-13 18:50:03,충청남도 아산시 순천향로 *** (장존동),,폐업,0002,03,,200987.89997279     ,361618.734744226    ,충청남도 아산시 장존동 **-* ,2025-09-22 14:48:54
4520000,452000004720220001,2022-11-09,,영업/정상,,,,,0,,31581,꼬숩당개,I,000,2026-01-13 18:50:03,충청남도 아산시 순천향로 ****(좌부동),,정상,0000,01,,202822.955461368    ,362274.936206743    ,충청남도 아산시 좌부동 *-* ,2022-11-09 10:41:28
4520000,452000004720250001,2025-07-14,,영업/정상,,,,,0,,31564,드레스입은고양이,I,000,2026-01-13 18:50:03,"충청남도 아산시 신정호길 **-**, *층 ***호 (방축동)",,정상,0000,01,,198333.262171263    ,363737.953016297    ,충청남도 아산시 방축동 *** ,2025-07-28 13:24:59
4520000,452000004720230001,2023-02-24,,폐업,2025-10-01,,,,0,,31492,와독(WaDog),I,000,2026-02-10 22:32:50,"충청남도 아산시 배방읍 월천*길 **, *층",,폐업,0002,03,,206557.455032901    ,363378.186794659    ,충청남도 아산시 배방읍 북수리 **** ,2026-02-09 17:29:46
4520000,452000004720210009,2021-04-10,,폐업,2025-12-30,,,,0,,31532,몽쁘띠끄,I,000,2026-01-13 18:50:03,충청남도 아산시 온천대로 **** (득산동),,폐업,0002,03,,196880.732359029    ,364989.214475996    ,충청남도 아산시 득산동 ***-* ,2025-12-30 18:18:29
4520000,452000004720260001,2026-03-19,,영업/정상,,,,,0,,31538,카페별,U,000,2026-04-03 03:03:03,충청남도 아산시 신창면 순천향로 **-**,,정상,0000,01,,193929.476807143    ,363529.577685956    ,충청남도 아산시 신창면 읍내리 ***-* ,2026-04-02 13:05:57
4530000,453000004720190007,2019-09-10,,폐업,2026-01-14,,,,0,,31964,킹스독,I,000,2026-03-26 22:33:04,충청남도 서산시 충의로 ***-* (갈산동),,폐업,0002,03,,149453.45903562     ,365396.318708486    ,충청남도 서산시 갈산동 ***-** ,2026-01-14 17:01:01
4530000,453000004720250001,2025-12-09,,영업/정상,,,,,0,,31991,달타냥 고양이카페,I,000,2026-03-26 22:33:04,"충청남도 서산시 안견로 ***, 가나안빌딩 *층 (동문동)",,정상,0000,01,,151519.614965961    ,364203.66135352     ,충청남도 서산시 동문동 ***-* 가나안빌딩 ,2025-12-09 08:36:48
4530000,453000004720230001,2023-11-15,,폐업,2024-12-04,,,,0,,32010,에테르노,I,000,2026-03-26 22:33:04,충청남도 서산시 수석순환로 *** (수석동),,폐업,0002,03,,154597.863890392    ,362350.04024626     ,충청남도 서산시 수석동 ***-* ,2024-12-04 15:48:27
4530000,453000004720200003,2020-06-11,,폐업,2022-05-30,,,,0,,31995,Dear.bebe(디어배베),I,000,2026-03-26 22:33:04,"충청남도 서산시 석남*로 **, 행복하우스*차 (석남동)",,폐업,0002,03,,151366.05642301     ,363272.647933081    ,충청남도 서산시 석남동 **-* 행복하우스*차 ,2022-05-30 10:40:30
4530000,453000004720190013,2019-12-30,,폐업,2024-12-01,,,,0,,31980,댕댕 쉼터,I,000,2026-03-26 22:33:04,"충청남도 서산시 고운로 ***, 율지상가 *층 (동문동)",,폐업,0002,03,,151762.669603679    ,364821.606000476    ,충청남도 서산시 동문동 ***-* ,2024-11-27 14:14:27
4530000,453000004720180026,2018-08-29,,폐업,2020-03-03,,,,0,,31993,펫츠라이프,I,000,2026-03-26 22:33:04,충청남도 서산시 율지**로 ** (동문동),,폐업,0002,03,0416694519,152197.188130284    ,364249.61294835     ,충청남도 서산시 동문동 ***-* ,2022-04-28 18:12:07
4540000,454000004720180022,2018-07-11,,폐업,2022-02-16,,,,0,,32911,리멤버파크,I,000,2026-01-13 18:47:02,충청남도 논산시 연산면 계백로 ****-**,,폐업,0002,03,0417351700,219146.014355361    ,301064.542051453    ,충청남도 논산시 연산면 청동리 ** ,2023-02-01 15:46:47
4540000,454000004720230002,2023-08-28,,영업/정상,,,,,0,,32983,묘한 하루,I,000,2026-01-13 18:47:02,"충청남도 논산시 시민로***번길 **, 취암빌딩* *층 (취암동)",,정상,0000,01,,208752.290175642    ,298945.198665908    ,충청남도 논산시 취암동 **-** 취암빌딩* ,2025-08-20 17:55:03
4540000,454000004720230001,2023-08-21,,영업/정상,,,,,0,,32910,토끼랑 카페,I,000,2026-01-13 18:47:02,"충청남도 논산시 연산면 천호*길 **-*, 토끼랑 카페",,정상,0000,01,,220550.829544339    ,305758.711768192    ,충청남도 논산시 연산면 천호리 *-* ,2023-08-21 10:28:24
4550000,455000004720210003,2021-06-01,,영업/정상,,,,,0,,32706,홀리데이 펫,I,000,2026-04-22 22:33:12,충청남도 금산군 진산면 진산로 ***,,정상,0000,01,,237236.45996533     ,294013.558475671    ,충청남도 금산군 진산면 만악리 *** ,2022-04-28 18:12:01
4550000,455000004720240001,2024-05-17,,영업/정상,,,,,0,,32706,황굼,I,000,2026-04-22 22:33:13,충청남도 금산군 진산면 사갑길 ***,,정상,0000,01,,238625.624575991    ,293195.712252424    ,충청남도 금산군 진산면 만악리 ***-* ,2024-05-17 10:49:10
4600000,460000004720180002,2018-05-04,,폐업,2026-04-14,,,,0,,32236,개 최고,U,000,2026-04-16 03:03:03,충청남도 홍성군 홍성읍 홍성천길 ***,,폐업,0002,03,,169798.692212466    ,344164.217751338    ,충청남도 홍성군 홍성읍 오관리 ***-* 홍성숯불갈비 ,2026-04-15 10:44:12
4600000,460000004720180016,2018-10-03,,취소/말소/만료/정지/중지,2024-12-31,,,,0,,32239,놀다가개,I,000,2026-03-26 22:33:02,충청남도 홍성군 홍성읍 홍장북로 ***-*,,말소,0004,04,,170257.70609087     ,343572.650915262    ,충청남도 홍성군 홍성읍 남장리 ***-** ,2024-12-31 09:22:09
4600000,460000004720180015,2018-09-18,,폐업,2026-04-14,,,,0,,32231,야옹아 멍멍 해바,U,000,2026-04-16 03:03:03,충청남도 홍성군 홍성읍 조양로 ***-*,,폐업,0002,03,,170321.954597198    ,344446.96360398     ,충청남도 홍성군 홍성읍 오관리 ***-* ,2026-04-15 10:42:48
4600000,460000004720250001,2025-09-30,,영업/정상,,,,,0,,32256,퍼피아이러브유(필리),I,000,2026-03-26 22:33:02,"충청남도 홍성군 홍북읍 의향로 ***, 세종의료빌딩 ***호",,정상,0000,01,,171443.262925835    ,350773.832397525    ,충청남도 홍성군 홍북읍 신경리 *** 세종의료빌딩 ***호,2025-09-30 11:01:23
4620000,462000004720240001,2024-07-25,,영업/정상,,,,,0,,32125,우당탕 랜드,I,000,2026-04-22 22:33:01,충청남도 태안군 근흥면 수룡길 ***-**,,정상,0000,01,,132461.868616228    ,361850.965081119    ,충청남도 태안군 근흥면 수룡리 ***-** ,2026-02-24 21:16:57
4641000,464100004720190003,2019-01-08,,폐업,2020-05-02,,,,0,,54898,냥이숑숑다방,I,000,2026-04-22 22:38:04,"전북특별자치도 전주시 덕진구 명륜*길 **-*, *층 (덕진동*가)",,폐업,0002,03,0639019804,211462.881276129    ,260309.66867038     ,전북특별자치도 전주시 덕진구 덕진동*가 ****-** ,2022-12-06 16:29:48
4641000,464100004720190016,2019-04-23,,폐업,2024-11-05,,,,0,,54953,포롱도그,I,000,2026-04-22 22:38:04,"전북특별자치도 전주시 완산구 유연로 ***, ***호 (서신동)",,폐업,0002,03,,210232.542204133    ,258392.301439773    ,전북특별자치도 전주시 완산구 서신동 ***-* ,2024-11-05 14:33:51
4641000,464100004720200012,2020-05-04,,폐업,2023-02-24,,,,0,,55099,몽들(MONGDLE),I,000,2026-04-22 22:38:05,"전북특별자치도 전주시 완산구 전주천서로 ***, *층 (서서학동)",,폐업,0002,03,,213414.512918565    ,256682.410830805    ,전북특별자치도 전주시 완산구 서서학동 ***-* ,2023-03-02 14:49:11
4641000,464100004720200013,2020-06-05,,폐업,2025-02-27,,,,0,,55021,미야옹,I,000,2026-04-22 22:38:05,"전북특별자치도 전주시 덕진구 아중로 ***, 대건빌딩 *층 (인후동*가)",,폐업,0002,03,,215133.928652516    ,258566.47856124     ,전북특별자치도 전주시 덕진구 인후동*가 ***-* ,2025-02-28 10:10:34
4641000,464100004720200016,2020-08-12,,폐업,2023-04-06,,,,0,,54890,오픈더독,I,000,2026-04-22 22:38:05,"전북특별자치도 전주시 덕진구 가리내*길 **-*, *층 (덕진동*가)",,폐업,0002,03,,209832.478562016    ,260585.846882291    ,전북특별자치도 전주시 덕진구 덕진동*가 ***-** ,2023-04-06 15:52:36
4641000,464100004720240007,2024-11-19,,폐업,2025-03-06,,,,0,,55136,단짠아쿠아 평화점,I,L00,2026-04-22 22:38:09,전북특별자치도 전주시 완산구 양지*길 ** (평화동*가),,폐업,0002,03,,210632.632072913    ,254351.199779864    ,전북특별자치도 전주시 완산구 평화동*가 ***-** ,2025-03-06 13:34:05
4641000,464100004720180067,2018-11-27,,폐업,2020-02-26,,,,0,,54999,해시(Hash),I,000,2026-04-22 22:38:04,"전북특별자치도 전주시 완산구 전주객사*길 **-**, *층 해시 (고사동)",,폐업,0002,03,0632887415,212853.229462082    ,257606.400457801    ,전북특별자치도 전주시 완산구 고사동 ***-* *층 해시 ,2022-04-28 18:11:58
4641000,464100004720180013,2018-07-10,,폐업,2022-11-17,,,,0,,54969,까페아지,I,000,2026-04-22 22:38:04,"전북특별자치도 전주시 완산구 홍산북로 **-**, *층 (효자동*가)",,폐업,0002,03,,209910.738308406    ,257565.138359056    ,전북특별자치도 전주시 완산구 효자동*가 ****-** ,2022-11-25 15:25:58
4641000,464100004720180004,2018-04-23,,폐업,2022-10-31,,,,0,,55028,묘한커피,I,000,2026-04-22 22:38:04,전북특별자치도 전주시 덕진구 인교*길 ** (우아동*가),,폐업,0002,03,,215761.167881799    ,258453.83039181     ,전북특별자치도 전주시 덕진구 우아동*가 ****-* ,2022-10-31 17:42:39
4641000,464100004720180003,2018-04-19,,폐업,2024-07-10,,,,0,,54969,독타곤,I,000,2026-04-22 22:38:03,"전북특별자치도 전주시 완산구 홍산중앙로 **, *층 (효자동*가)",,폐업,0002,03,,209754.406351779    ,257428.732499807    ,전북특별자치도 전주시 완산구 효자동*가 ****-* ,2024-07-10 15:10:37
4641000,464100004720180054,2018-09-28,,취소/말소/만료/정지/중지,2024-05-21,,,,0,,54962,1%PET 전주고양이분양,I,000,2026-04-22 22:38:04,"전북특별자치도 전주시 완산구 마전중앙로 *, *층 (효자동*가)",,말소,0004,04,,209165.320163344    ,258158.578180535    ,전북특별자치도 전주시 완산구 효자동*가 ****-** ,2024-05-21 08:44:51
4641000,464100004720180034,2018-09-12,,취소/말소/만료/정지/중지,2023-04-27,,,,0,,54999,하룻강아지,I,000,2026-04-22 22:38:04,전북특별자치도 전주시 완산구 충경로 ** (중앙동*가),,말소,0004,04,,212789.536698489    ,257482.107526424    ,전북특별자치도 전주시 완산구 중앙동*가 *-* ,2023-03-09 13:43:15
4641000,464100004720240009,2024-11-29,,영업/정상,,,,,0,,54999,냥이는꿀꿀,I,000,2026-04-22 22:38:11,전북특별자치도 전주시 완산구 전주객사*길 ** (고사동),,정상,0000,01,,212759.229263741    ,257727.809264085    ,전북특별자치도 전주시 완산구 고사동 ***-* ,2024-11-29 13:35:55
4641000,464100004720240008,2024-11-19,,영업/정상,,,,,0,,54832,해피냥,I,000,2026-04-22 22:38:10,"전북특별자치도 전주시 덕진구 시천로 **, *층 (송천동*가)",,정상,0000,01,,210261.687498263    ,262432.294443333    ,전북특별자치도 전주시 덕진구 송천동*가 ***-** ,2024-11-19 16:35:52
4641000,464100004720240006,2024-11-15,,영업/정상,,,,,0,,54973,츄냥이 하우스,I,F00,2026-04-22 22:38:08,"전북특별자치도 전주시 완산구 인정로 *, *층 (중화산동*가)",,정상,0000,01,,210803.746845682    ,257745.087900012    ,전북특별자치도 전주시 완산구 중화산동*가 ***-* ,2024-11-15 15:37:59
4641000,464100004720240005,2024-10-14,,영업/정상,,,,,0,,54966,묘해저택 전주 고양이카페,I,000,2026-04-22 22:38:08,"전북특별자치도 전주시 완산구 홍산남로 **-*, *층 (효자동*가)",,정상,0000,01,,209415.144592066    ,257332.006342017    ,전북특별자치도 전주시 완산구 효자동*가 ****-* ,2024-10-14 10:46:09
4641000,464100004720240004,2024-09-24,,영업/정상,,,,,0,,54987,우리집 똥강아지,I,000,2026-04-22 22:38:07,"전북특별자치도 전주시 완산구 서원로 ***, *층 (중화산동*가)",,정상,0000,01,,211854.555201247    ,257030.064490422    ,전북특별자치도 전주시 완산구 중화산동*가 ***-* ,2024-09-24 07:01:27
4641000,464100004720240003,2024-08-08,,영업/정상,,,,,0,,54969,굄,I,000,2026-04-22 22:38:06,"전북특별자치도 전주시 완산구 홍산북로 **-**, *층 (효자동*가)",,정상,0000,01,,209670.349414936    ,257534.045124793    ,전북특별자치도 전주시 완산구 효자동*가 ****-* ,2024-08-08 09:35:45
4641000,464100004720240002,2024-07-02,,영업/정상,,,,,0,,55074,단짠아쿠아 삼천점,I,000,2026-04-22 22:38:05,"전북특별자치도 전주시 완산구 천잠로 **, 타이어k완산총판 *층 (삼천동*가)",,정상,0000,01,,209738.577222795    ,254727.472089053    ,전북특별자치도 전주시 완산구 삼천동*가 *** 타이어k완산총판 ,2024-07-02 14:57:33
4641000,464100004720240001,2024-04-19,,영업/정상,,,,,0,,54966,고양이카페 아이캣유,I,000,2026-04-22 22:38:05,"전북특별자치도 전주시 완산구 홍산로 ***, *층 ***호 (효자동*가)",,정상,0000,01,,209461.474610613    ,257469.057607519    ,전북특별자치도 전주시 완산구 효자동*가 ****-* ,2025-05-02 17:36:47
4641000,464100004720200005,2020-02-28,,영업/정상,,,,,0,,54999,Hash,I,000,2026-04-22 22:38:04,"전북특별자치도 전주시 완산구 전주객사*길 **-**, *층 (고사동)",,정상,0000,01,,212853.229462082    ,257606.400457801    ,전북특별자치도 전주시 완산구 고사동 ***-* ,2022-04-28 18:12:00
4671000,467100004720250001,2025-06-13,,영업/정상,,,,,0,,54033,군산 고양이카페 아이캣유,I,000,2026-03-26 22:33:03,"전북특별자치도 군산시 경촌안*길 **, 경암동철길마을 상가 ** *층 (경암동)",,정상,0000,01,0637320202,176133.136151105    ,275671.327939908    ,전북특별자치도 군산시 경암동 ***-* 경암동철길마을 상가 ** ,2025-07-21 15:35:45
4671000,467100004720190016,2019-07-30,,폐업,2023-07-10,,,,0,,54161,플레이 그라운드,I,000,2026-03-26 22:33:03,전북특별자치도 군산시 칠성*길 ** (산북동),,폐업,0002,03,,170574.646708475    ,272949.199582474    ,전북특별자치도 군산시 산북동 ****-* ,2023-07-12 15:49:44
4671000,467100004720200012,2020-10-07,,폐업,2022-02-10,,,,0,,54151,나와놀개,I,000,2026-03-26 22:33:03,"전북특별자치도 군산시 미제*길 *-**, 군창 아리울 빌딩 *층 ***호 (미룡동)",,폐업,0002,03,,171660.366644729    ,271870.740720098    ,전북특별자치도 군산시 미룡동 ***-* 군창 아리울 빌딩 ,2022-04-28 18:11:47
4671000,467100004720200004,2020-02-11,,폐업,,,,,0,,54028,놀러오개,I,000,2026-03-26 22:33:03,"전북특별자치도 군산시 미원로 ***-*, 놀러오개 (미원동)",,폐업,0002,03,,174404.100879613    ,275556.325777322    ,전북특별자치도 군산시 미원동 *** 놀러오개 ,2022-04-28 18:11:47
4671000,467100004720180005,2018-07-06,,폐업,2018-12-31,,,,0,,54090,고양이랑놀자,I,000,2026-03-26 22:33:03,"전북특별자치도 군산시 수송북로 *, *동 *층 (수송동)",,폐업,0002,03,,174182.517459752    ,274087.549965297    ,전북특별자치도 군산시 수송동 *** ,2022-04-28 18:11:45
4671000,467100004720210004,2021-03-29,,취소/말소/만료/정지/중지,2025-03-06,,,,0,,54105,여긴몽가?,I,000,2026-03-26 22:33:03,"전북특별자치도 군산시 당북길 *, *층 (지곡동)",,말소,0004,04,,174143.304503715    ,272805.511817826    ,전북특별자치도 군산시 지곡동 ***-* ,2025-03-06 18:57:16
4671000,467100004720190001,2019-01-04,,취소/말소/만료/정지/중지,2025-03-06,,,,0,,54090,고양이랑놀자,I,000,2026-03-26 22:33:03,"전북특별자치도 군산시 수송북로 *, *동 *층 (수송동)",,말소,0004,04,,174182.517459752    ,274087.549965297    ,전북특별자치도 군산시 수송동 *** *동 ,2025-03-06 18:55:09
4671000,467100004720210011,2021-12-15,,취소/말소/만료/정지/중지,2026-02-02,,,,0,,54100,Fs. Again,I,000,2026-03-26 22:33:03,"전북특별자치도 군산시 수송안길 *, *층 (수송동)",,말소,0004,04,,174373.844123039    ,273358.387505881    ,전북특별자치도 군산시 수송동 ***-* *층 ,2026-02-24 16:21:00
4671000,467100004720200005,2020-02-18,,영업/정상,,,,,0,,54028,놀러오개,I,000,2026-03-26 22:33:03,"전북특별자치도 군산시 미원로 ***-*, 놀러오개 (미원동)",,정상,0000,01,0634460311,174404.100879613    ,275556.325777322    ,전북특별자치도 군산시 미원동 *** 놀러오개 ,2023-06-19 15:17:26
4671000,467100004720200002,2020-01-14,,영업/정상,,,,,0,,54036,오렌지 캣목공,I,000,2026-03-26 22:33:03,"전북특별자치도 군산시 백릉로 **, *층 (경암동)",,정상,0000,01,,175751.042260817    ,275077.653043458    ,전북특별자치도 군산시 경암동 ***-** *층 ,2025-11-19 10:55:37
4671000,467100004720200001,2020-01-14,,폐업,2026-02-01,,,,0,,54027,반달,I,000,2026-03-26 22:33:03,"전북특별자치도 군산시 구시장로 **, 더하임빌딩 ***호 (신영동)",,폐업,0002,03,0634681333,174618.536164949    ,276258.705666868    ,전북특별자치도 군산시 신영동 *-* ,2026-03-24 09:22:11
4671000,467100004720190002,2019-01-16,,폐업,2022-10-24,,,,0,,54123,개린이놀이터,I,000,2026-03-26 22:33:03,"전북특별자치도 군산시 문화로 **, 도천상가 ***호 (문화동)",,폐업,0002,03,0634654363,173715.338527753    ,274452.510057099    ,전북특별자치도 군산시 문화동 **-* 도천상가 ***호,2023-01-02 15:52:23
4671000,467100004720250002,2025-12-02,,영업/정상,,,,,0,,54106,고롱고롱,I,000,2026-03-26 22:33:03,"전북특별자치도 군산시 계산로 **, 메가플레이스 *층 ***호 (지곡동)",,정상,0000,01,0637322628,173737.415385719    ,272472.463759274    ,전북특별자치도 군산시 지곡동 ***-* ***호,2025-12-02 21:10:51
4671000,467100004720180008,2018-07-16,,영업/정상,,,,,0,,54085,루이야학교가자,I,000,2026-03-26 22:33:03,"전북특별자치도 군산시 수송로 ***, *동 *층 (미장동)",,정상,0000,01,,175356.71           ,273819.675          ,전북특별자치도 군산시 미장동 ***-** ,2024-05-10 07:54:40
4671000,467100004720190014,2019-06-07,,영업/정상,,,,,0,,54172,리틀포레스트,I,000,2026-03-26 22:33:03,전북특별자치도 군산시 옥구읍 옥구남로 **-*,,정상,0000,01,,171572.238646484    ,268913.677778706    ,전북특별자치도 군산시 옥구읍 선제리 ***-* ,2022-04-28 18:11:46
4681000,468100004720190012,2019-08-16,,휴업,,2024-01-12,2028-09-15,,0,,54526,액션하우스,I,L00,2026-03-26 22:33:09,전북특별자치도 익산시 함열읍 용왕길 **-*,,휴업,0001,02,0638610976,196988.944858289    ,284647.331594284    ,전북특별자치도 익산시 함열읍 석매리 *** ,2025-09-15 18:05:57
4681000,468100004720180013,2018-08-07,,영업/정상,,,,,0,,54646,유앤독,I,000,2026-03-26 22:33:09,"전북특별자치도 익산시 동서로**길 **-*, 보보스 (신동)",,정상,0000,01,,196161.002405459    ,273475.434176065    ,전북특별자치도 익산시 신동 ***-** 보보스 ,2022-04-28 18:11:52
4681000,468100004720190008,2019-04-24,,영업/정상,,,,,0,,54563,굿독,I,000,2026-03-26 22:33:09,"전북특별자치도 익산시 무왕로 ****, 굿독 (어양동)",,정상,0000,01,0638318599,198358.955003512    ,273134.343314918    ,전북특별자치도 익산시 어양동 ***-* ,2022-04-28 18:11:53
4681000,468100004720210004,2021-05-06,,영업/정상,,,,,0,,54535,개토피아,I,000,2026-03-26 22:33:09,전북특별자치도 익산시 현영길 ** (만석동),,정상,0000,01,,194187.848673937    ,273691.22479045     ,전북특별자치도 익산시 만석동 **-* ,2022-04-28 18:11:54
4681000,468100004720250002,2025-07-08,,영업/정상,,,,,0,,54667,킹더랜드 키즈파크,I,L00,2026-03-26 22:33:09,"전북특별자치도 익산시 학곤로*길 **, *층 (송학동)",,정상,0000,01,0638522690,193490.280386657    ,271035.619830912    ,전북특별자치도 익산시 송학동 ***-* ,2025-07-08 10:44:23
4681000,468100004720250001,2025-06-13,,영업/정상,,,,,0,,54545,냥꿀냥꿀,I,000,2026-03-26 22:33:09,"전북특별자치도 익산시 고봉로**길 **, *층 (영등동)",,정상,0000,01,,197454.67490392     ,273241.935897546    ,전북특별자치도 익산시 영등동 ***-* BYC영등마트 ,2025-06-13 14:25:29
4681000,468100004720230001,2023-11-05,,영업/정상,,,,,0,,54674,익산 고양이카페 아이캣유,I,000,2026-03-26 22:33:09,"전북특별자치도 익산시 평동로 ***, *층 (평화동)",,정상,0000,01,0639185113,194942.806292918    ,270290.844269764    ,전북특별자치도 익산시 평화동 *** 진영유공압 ,2024-08-01 21:39:09
4691000,469100004720210001,2021-02-09,,폐업,2024-07-12,,,,0,,56204,댕댕플래닛,I,000,2026-01-13 18:43:32,전북특별자치도 정읍시 정읍남로 ****-** (시기동),,폐업,0002,03,,187232.958317539    ,228518.836991895    ,전북특별자치도 정읍시 시기동 ***-* ,2024-07-29 09:09:36
4691000,469100004720180012,2018-12-13,,영업/정상,,,,,0,,56163,다독다독애견카페,I,000,2026-01-13 18:43:32,전북특별자치도 정읍시 초산로 ** (수성동),,정상,0000,01,0635333339,186824.431645567    ,229704.763824177    ,전북특별자치도 정읍시 수성동 *** ,2022-04-28 18:11:55
4691000,469100004720210002,2021-06-15,,폐업,2024-07-12,,,,0,,56165,둘리애견,I,000,2026-01-13 18:43:32,"전북특별자치도 정읍시 중앙로 ***, 둘리애견 (시기동)",,폐업,0002,03,,186989.780186994    ,229439.195797956    ,전북특별자치도 정읍시 시기동 ***-* 둘리애견 ,2024-07-29 09:11:10
4691000,469100004720190003,2019-04-03,,폐업,2024-03-07,,,,0,,56187,도그조아,I,000,2026-01-13 18:43:32,전북특별자치도 정읍시 관통로 ** (시기동),,폐업,0002,03,,187018.359979615    ,229001.323647998    ,전북특별자치도 정읍시 시기동 ***-* 전일샷시 ,2024-03-07 09:33:33
4711000,471100004720250001,2025-01-03,,영업/정상,,,,,0,,54341,단짠아쿠아플레이,I,000,2026-03-26 22:35:20,전북특별자치도 김제시 금구면 선비로 ****,,정상,0000,01,,205481.569232044    ,254669.814746126    ,전북특별자치도 김제시 금구면 오봉리 *** ,2025-01-03 14:53:42
4711000,471100004720180004,2018-05-30,,폐업,2025-08-29,,,,0,,54312,김제호두마루애견카페샵,I,000,2026-03-26 22:35:20,전북특별자치도 김제시 만경읍 백석로 ***-*,,폐업,0002,03,,187238.518376076    ,260171.345488711    ,전북특별자치도 김제시 만경읍 대동리 ** ,2025-08-29 18:37:15
4711000,471100004720250002,2025-04-23,,폐업,2026-03-10,,,,0,,54395,VIP아쿠아카페,I,000,2026-03-26 22:35:20,"전북특별자치도 김제시 금성*길 **, VIP아쿠아카페 김제점 *층 *호 (신풍동)",,폐업,0002,03,,190790.472407815    ,255839.066008953    ,전북특별자치도 김제시 신풍동 ***-* ,2026-03-10 17:06:27
4721000,472100004720240001,2024-06-11,,폐업,2025-06-23,,,,0,,55327,뚱냥한 하루,I,000,2026-01-13 18:41:02,전북특별자치도 완주군 봉동읍 보상길 **,,폐업,0002,03,,215074.203092104    ,270288.133559594    ,전북특별자치도 완주군 봉동읍 낙평리 ***-* ,2025-06-25 10:54:16
4721000,472100004720190003,2019-04-08,,폐업,,,,,0,,55365,애견카페스쿨,I,000,2026-01-13 18:41:02,전북특별자치도 완주군 이서면 갈산*로 **-*,,폐업,0002,03,,204765.139240247    ,259343.41167099     ,전북특별자치도 완주군 이서면 갈산리 ***-* ,2022-04-28 18:11:50
4761000,476100004720240001,2024-06-19,,영업/정상,,,,,0,,55923,임실자연농원,I,000,2026-03-26 22:35:51,전북특별자치도 임실군 임실읍 치즈마을길 ***-**,,정상,0000,01,,227160.832594155    ,237258.893410093    ,전북특별자치도 임실군 임실읍 금성리 ***-* ,2024-06-19 17:24:25
4800000,480000004720180010,2018-06-07,,폐업,2025-10-15,,,,0,,58703,똥꼬발랄,I,000,2026-03-26 22:36:26,"전라남도 목포시 삼학로 ***, 똥꼬발랄 *층 (용해동)",,폐업,0002,03,,145794.782661799    ,144713.505826654    ,전라남도 목포시 용해동 ***-** ,2025-10-21 15:13:41
4800000,480000004720180006,2018-04-06,,폐업,2020-12-08,,,,0,,58750,라크도그,I,000,2026-03-26 22:36:26,"전라남도 목포시 평화로 **, *층 (상동)",,폐업,0002,03,,148216.357019561    ,144438.349620183    ,전라남도 목포시 상동 ****-* ,2022-04-28 18:11:28
4800000,480000004720200002,2020-02-03,,폐업,2023-04-05,,,,0,,58729,냥이의하루,I,000,2026-03-26 22:36:26,전라남도 목포시 영산로**번길 ** (무안동),,폐업,0002,03,,143537.340925956    ,143604.753584384    ,전라남도 목포시 무안동 **-* ,2023-04-06 11:33:19
4800000,480000004720200014,2020-11-30,,폐업,2023-12-01,,,,0,,58614,Domus(도무스),I,000,2026-03-26 22:36:26,"전라남도 목포시 용당로 ***, *층 (용해동)",,폐업,0002,03,,145074.196741642    ,146389.634357646    ,전라남도 목포시 용해동 *** ,2023-12-05 13:05:37
4800000,480000004720180031,2018-11-07,,폐업,2020-12-30,,,,0,,58647,개구쟁이차세대반려견,I,000,2026-03-26 22:36:26,전라남도 목포시 양을로***번길 **-* (용당동),,폐업,0002,03,,144562.675330741    ,145948.535796975    ,전라남도 목포시 용당동 ****-* ,2022-04-28 18:11:29
4800000,480000004720190008,2019-02-27,,영업/정상,,,,,0,,58689,카페 모퉁이,I,000,2026-03-26 22:36:26,"전라남도 목포시 번영로 **, *층 (상동)",,정상,0000,01,,147542.863383101    ,145157.440440804    ,전라남도 목포시 상동 ****-* ,2022-04-28 18:11:29
4800000,480000004720250001,2025-11-17,,영업/정상,,,,,0,,58703,스타멍스,I,000,2026-03-26 22:36:26,전라남도 목포시 삼학로 *** (용해동),,정상,0000,01,,145794.782661799    ,144713.505826654    ,전라남도 목포시 용해동 ***-** 뉴대영카손세차 ,2025-11-17 09:17:03
4800000,480000004720180018,2018-09-04,,폐업,2022-09-01,,,,0,,58738,논다 유기묘 입양카페,I,000,2026-03-26 22:36:26,"전라남도 목포시 용당로 **, *층 (산정동)",,폐업,0002,03,,145182.261045116    ,143790.889371204    ,전라남도 목포시 산정동 ****-** ,2024-03-19 17:11:13
4800000,480000004720200006,2020-04-09,,폐업,2021-12-30,,,,0,,58647,개구쟁이차세대반려견,I,000,2026-03-26 22:36:26,전라남도 목포시 양을로***번길 **-* (용당동),,폐업,0002,03,,144562.675330741    ,145948.535796975    ,전라남도 목포시 용당동 ****-* ,2022-04-28 18:11:30
4810000,481000004720220001,2022-08-04,,영업/정상,,,,,0,,59681,룰루랄라네,I,000,2026-01-13 18:32:33,"전라남도 여수시 새터로 **, *층 (신기동)",,정상,0000,01,,261741.340303295    ,140739.559985457    ,전라남도 여수시 신기동 **-** ,2022-08-04 11:09:02
4810000,481000004720230003,2023-04-20,,영업/정상,,,,,0,,59689,멍토피아,I,000,2026-01-13 18:32:33,"전라남도 여수시 선소로 **, *층 (학동)",,정상,0000,01,,260929.04162556     ,140041.465608414    ,전라남도 여수시 학동 ***-* ,2023-04-20 17:45:06
4810000,481000004720230002,2023-04-19,,영업/정상,,,,,0,,59602,레인보우 앵무,I,000,2026-01-13 18:32:33,전라남도 여수시 율촌면 모래목길 *-*,,정상,0000,01,,252989.272151614    ,153630.168721982    ,전라남도 여수시 율촌면 조화리 ***-* ,2023-06-22 15:57:33
4810000,481000004720220002,2022-12-20,,영업/정상,,,,,0,,59697,삼멍삼냥,I,000,2026-01-13 18:32:33,"전라남도 여수시 만성로 **, *층 (둔덕동)",,정상,0000,01,,263927.967439837    ,141419.585903474    ,전라남도 여수시 둔덕동 ***-* ,2022-12-20 10:48:54
4810000,481000004720180010,2018-05-11,,폐업,2018-08-23,,,,0,,59660,여수독 동물전시,I,000,2026-01-13 18:32:33,전라남도 여수시 소라면 안심산길 ***,,폐업,0002,03,,258762.250626178    ,139423.52552357     ,전라남도 여수시 소라면 죽림리 ***-** ,2022-04-28 18:10:39
4810000,481000004720230001,2023-03-15,,폐업,2025-01-21,,,,0,,59681,댕글댕글,I,000,2026-01-13 18:32:33,"전라남도 여수시 새터로 **, *층 (신기동)",,폐업,0002,03,,261625.556755135    ,140568.110809752    ,전라남도 여수시 신기동 **-* ,2025-01-21 17:56:22
4810000,481000004720200003,2020-04-20,,폐업,2022-06-22,,,,0,,59713,팜K,I,000,2026-01-13 18:32:33,"전라남도 여수시 여문문화길 **, *층 (문수동)",,폐업,0002,03,,264436.54397623     ,139708.492579304    ,전라남도 여수시 문수동 ***-* *층 ,2022-06-22 17:07:47
4810000,481000004720180064,2018-12-28,,폐업,2020-04-01,,,,0,,59687,러블리독 앤 툰까페,I,000,2026-01-13 18:32:33,"전라남도 여수시 선소로 ***, *층 (신기동)",,폐업,0002,03,,261173.935528351    ,140560.020580664    ,전라남도 여수시 신기동 **-** ,2022-04-28 18:11:29
4810000,481000004720180060,2018-11-01,,폐업,2023-12-29,,,,0,,59708,노는개제일좋아,I,000,2026-01-13 18:32:33,"전라남도 여수시 여서*로 **, *층 (여서동)",,폐업,0002,03,,264210.85768321     ,139455.00760508     ,전라남도 여수시 여서동 ***-* ,2023-12-29 18:03:40
4810000,481000004720180058,2018-11-01,,폐업,2023-02-28,,,,0,,59691,웅천애견까페,I,000,2026-01-13 18:32:33,"전라남도 여수시 예울마루로 **-**, *층 ***호 (웅천동)",,폐업,0002,03,0616920507,261357.397690921    ,138844.79929082     ,전라남도 여수시 웅천동 ****-* ,2023-03-14 20:32:28
4810000,481000004720190003,2019-01-28,,폐업,,,,,0,,59687,개뭉치,I,000,2026-01-13 18:32:33,"전라남도 여수시 선소로 **, *층 (신기동)",,폐업,0002,03,,261104.085          ,140355.285          ,전라남도 여수시 신기동 ***-** ,2022-04-28 18:11:30
4810000,481000004720180044,2018-09-17,,폐업,2020-02-04,,,,0,,59689,개스트하우스,I,000,2026-01-13 18:32:33,"전라남도 여수시 선소로 **, *층 (학동)",,폐업,0002,03,,260929.04162556     ,140041.465608414    ,전라남도 여수시 학동 ***-* ,2022-04-28 18:11:15
4810000,481000004720180040,2018-09-17,,폐업,2023-12-27,,,,0,,59666,해피투게독 동물전시업,I,000,2026-01-13 18:32:33,"전라남도 여수시 소호로 ***-*, *층 (소호동)",,폐업,0002,03,,259644.329199146    ,138654.705052031    ,전라남도 여수시 소호동 ***-** ,2023-12-27 17:12:49
4810000,481000004720200001,2020-02-07,,영업/정상,,,,,0,,59662,뚱강아지,I,000,2026-01-13 18:32:33,"전라남도 여수시 도원로 ***, *층 (안산동)",,정상,0000,01,0616829514,259466.983440972    ,140432.967881559    ,전라남도 여수시 안산동 ***-* ,2023-05-17 20:07:21
4810000,481000004720190018,2019-12-26,,영업/정상,,,,,0,,59666,아잉독 애견카페,I,000,2026-01-13 18:32:33,"전라남도 여수시 소호로 ***, *층 (소호동)",,정상,0000,01,,259572.615499381    ,138553.089002057    ,전라남도 여수시 소호동 ***-* ,2024-07-05 16:26:16
4820000,482000004720200003,2020-01-31,,폐업,2026-01-15,,,,0,,57932,조물조물,I,000,2026-03-10 22:39:57,"전라남도 순천시 왕지*길 **-*, *층 (왕지동)",,폐업,0002,03,0617231401,247936.78218273     ,163386.28010203     ,전라남도 순천시 왕지동 ***-* ,2026-01-15 17:23:34
4820000,482000004720250001,2025-06-04,,영업/정상,,,,,0,,57964,힐링바다,I,000,2026-03-10 22:40:08,"전라남도 순천시 역전길 **, *층 (조곡동)",,정상,0000,01,,245544.256923391    ,161018.753013508    ,전라남도 순천시 조곡동 ***-** ,2025-06-04 17:16:19
4820000,482000004720250002,2025-12-16,,영업/정상,,,,,0,,57957,냥글랜드,I,000,2026-03-10 22:40:12,"전라남도 순천시 청사큰길 **, *층 *호 (저전동)",,정상,0000,01,,244279.856862496    ,161011.561392698    ,전라남도 순천시 저전동 ***-** *호,2025-12-16 10:46:57
4820000,482000004720230001,2023-04-10,,영업/정상,,,,,0,,57956,주식회사 도시정원묘한세상,I,000,2026-03-10 22:40:04,전라남도 순천시 남문천변길 ** (장천동),,정상,0000,01,,244568.422643511    ,161630.982294777    ,전라남도 순천시 장천동 **-** ,2026-01-13 10:33:07
4820000,482000004720180036,2018-10-28,,폐업,2019-11-30,,,,0,,57941,캣 &amp; 버드,I,000,2026-03-10 22:39:49,"전라남도 순천시 중앙로 ***, 지하*층 (행동)",,폐업,0002,03,,244113.211820983    ,161933.379160386    ,전라남도 순천시 행동 **-* 지하 *증 ,2022-04-28 18:11:01
4820000,482000004720180023,2018-08-20,,폐업,2020-01-15,,,,0,,57945,애견카페 힐링도그,I,000,2026-03-10 22:39:46,"전라남도 순천시 조례신대앞길 **, *층 (조례동)",,폐업,0002,03,,247147.049831692    ,162493.9392474      ,전라남도 순천시 조례동 ***-* ,2022-04-28 18:11:01
4820000,482000004720180014,2018-08-20,,폐업,2023-05-20,,,,0,,,ALF 순천점,I,000,2026-03-10 22:39:43,,,폐업,0002,03,,247827.799441318    ,163419.849171348    ,전라남도 순천시 왕지동 ***-** ,2023-06-09 15:34:47
4820000,482000004720180011,2018-08-20,,폐업,2025-09-11,,,,0,,57957,다락방고양이,I,000,2026-03-10 22:39:38,"전라남도 순천시 중앙로 *-*, 다락방고양이 (저전동)",,폐업,0002,03,,244465.390020264    ,161025.385212546    ,전라남도 순천시 저전동 ***-* 다락방고양이 ,2025-09-11 16:36:02
4820000,482000004720180013,2018-08-20,,영업/정상,,,,,0,,58020,독앤트리,I,000,2026-03-10 22:39:41,"전라남도 순천시 해룡면 선창길 **, *층",,정상,0000,01,,251905.059333333    ,159497.250666666    ,전라남도 순천시 해룡면 신대리 ***-** ,2022-04-28 18:11:00
4820000,482000004720210005,2021-11-16,,영업/정상,,,,,0,,57941,냥집사,I,000,2026-03-10 22:40:00,"전라남도 순천시 행중길 **, *층 (행동)",,정상,0000,01,,244084.851463991    ,162056.094159156    ,전라남도 순천시 행동 ** ,2023-07-18 19:46:33
4820000,482000004720190002,2019-04-09,,영업/정상,,,,,0,,57967,별다방 야옹이,I,000,2026-03-10 22:39:53,"전라남도 순천시 연향중앙상가길 **, J.C.B *층 (연향동)",,정상,0000,01,,247417.30231592     ,161539.484776015    ,전라남도 순천시 연향동 ****-** J.C.B ,2022-12-28 17:10:10
4830000,483000004720210001,2021-05-09,,영업/정상,,,,,0,,58227,포유앤유,I,000,2026-03-26 22:34:45,"전라남도 나주시 남평읍 강변*길 **, *층",,정상,0000,01,,186406.388082139    ,171328.302426103    ,전라남도 나주시 남평읍 동사리 ***-* ,2026-02-09 10:44:06
4830000,483000004720230001,2023-01-02,,영업/정상,,,,,0,,58244,놀멍쉬멍,I,000,2026-03-26 22:34:45,"전라남도 나주시 대호길 **, *층 (대호동)",,정상,0000,01,,174018.444678521    ,171582.552346674    ,전라남도 나주시 대호동 ****-* *층 ,2023-01-02 18:39:04
4830000,483000004720240001,2024-08-30,,영업/정상,,,,,0,,,멍멍드림,I,L00,2026-03-26 22:34:45,,,정상,0000,01,0613396105,188115.835594682    ,160803.49469158     ,"전라남도 나주시 다도면 방산리 ****-* , ****-* ",2026-03-09 11:40:09
4830000,483000004720210005,2021-10-13,,폐업,2023-01-10,,,,0,,58325,프리멍,I,000,2026-03-26 22:34:45,"전라남도 나주시 그린로 ***, *층 (빛가람동)",,폐업,0002,03,,181116.436710987    ,168850.515053727    ,전라남도 나주시 빛가람동 ***-* ,2023-01-10 14:45:07
4830000,483000004720180011,2018-10-01,,폐업,2023-12-28,,,,0,,58325,브릴랑시앙,I,000,2026-03-26 22:34:45,"전라남도 나주시 배멧*길 **, *동 ***호 (빛가람동)",,폐업,0002,03,,180883.250144067    ,169070.136688539    ,전라남도 나주시 빛가람동 ***-* *동 ***호,2024-02-08 17:55:16
4830000,483000004720200007,2020-06-30,,영업/정상,,,,,0,,,플레이그라운독,I,000,2026-03-26 22:34:45,,,정상,0000,01,,169251.665250885    ,166225.877823026    ,전라남도 나주시 다시면 회진리 ***-* ,2022-04-28 18:10:31
4830000,483000004720200001,2020-01-08,,휴업,,2025-05-23,2028-05-23,,0,,58325,개편한이발소,I,000,2026-03-26 22:34:45,"전라남도 나주시 그린로 ***, 토담빌딩 *동 ***호 (빛가람동)",,휴업,0001,02,,181119.359558569    ,168692.930711065    ,전라남도 나주시 빛가람동 ***-* 토담빌딩 *동 ***호,2025-06-02 14:03:41
4840000,484000004720180014,2018-10-04,,영업/정상,,,,,0,,57774,더펫,I,000,2026-01-13 18:28:02,"전라남도 광양시 사동로 ***, *층 (마동)",,정상,0000,01,0617918977,263439.688701726    ,161683.34485234     ,전라남도 광양시 마동 ****-* ,2022-04-28 18:09:56
4840000,484000004720190006,2019-07-16,,영업/정상,,,,,0,,57737,멍멍왈왈,I,000,2026-01-13 18:28:02,"전라남도 광양시 광양읍 서평*길 *, *층",,정상,0000,01,,252467.216809424    ,164321.683431559    ,전라남도 광양시 광양읍 구산리 ***-** ,2024-01-29 15:16:49
4840000,484000004720190001,2019-01-07,,폐업,2024-12-27,,,,0,,57717,느루,I,000,2026-01-13 18:28:02,"전라남도 광양시 금영로 ***, *층 (광영동)",,폐업,0002,03,07088603903,265629.604206279    ,163030.100670587    ,전라남도 광양시 광영동 ***-* ,2024-12-27 15:09:29
4840000,484000004720180003,2018-08-08,,폐업,2023-07-20,,,,0,,57794,자주오개 까까보개,I,000,2026-01-13 18:28:02,"전라남도 광양시 광장로 ***-**, 상가동 *층 ***호 (중동, 성호*차아파트)",,폐업,0002,03,,263574.920906175    ,159548.395492483    ,전라남도 광양시 중동 **** 성호*차아파트 ,2023-07-20 15:53:26
4840000,484000004720210001,2021-03-25,,영업/정상,,,,,0,,57733,플레이 바우,I,000,2026-01-13 18:28:02,전라남도 광양시 광양읍 신재로 ***,,정상,0000,01,,254472.1036385      ,165500.102190443    ,전라남도 광양시 광양읍 우산리 ***-* ,2022-04-28 18:09:56
4840000,484000004720180005,2018-08-17,,영업/정상,,,,,0,,57754,"안녕, 멍멍아",I,000,2026-01-13 18:28:02,"전라남도 광양시 광양읍 서천*길 **-**, *층",,정상,0000,01,,252831.693455684    ,163580.433837281    ,전라남도 광양시 광양읍 칠성리 ***-* ,2022-04-28 18:09:55
4850000,485000004720230001,2023-05-19,,영업/정상,,,,,0,,57350,플레이펫,I,000,2026-04-08 22:35:09,"전라남도 담양군 담양읍 죽향대로 ****, *층",,정상,0000,01,,199063.870254152    ,201913.344926658    ,전라남도 담양군 담양읍 남산리 ***-* ,2025-10-01 16:51:38
4860000,486000004720260001,2026-01-14,,영업/정상,,,,,0,,57531,압록상상스쿨,I,L00,2026-03-26 22:33:09,전라남도 곡성군 오곡면 섬진강로 ****,,정상,0000,01,07041244952,234124.457782458    ,188556.453235154    ,전라남도 곡성군 오곡면 압록리 *** ,2026-01-14 17:07:11
4890000,489000004720210004,2021-09-14,,폐업,2023-07-24,,,,0,,59425,펫블리,I,000,2026-03-26 22:34:15,전라남도 보성군 벌교읍 시장*길 **,,폐업,0002,03,,231572.825195321    ,149538.412325874    ,전라남도 보성군 벌교읍 벌교리 ***-* ,2023-08-01 14:50:29
4900000,490000004720250001,2025-08-11,,영업/정상,,,,,0,,58134,너른들애견유치원호텔미용,I,000,2026-03-26 22:33:01,전라남도 화순군 화순읍 화동로 **-*,,정상,0000,01,,199406.711793961    ,172865.639102815    ,전라남도 화순군 화순읍 광덕리 *** ,2025-08-11 11:50:36
4900000,490000004720220001,2022-09-16,,영업/정상,,,,,0,,58103,뛰뛰하개,I,000,2026-03-26 22:33:01,전라남도 화순군 이서면 규봉로 ***-**,,정상,0000,01,,204042.548924453    ,176304.443159612    ,전라남도 화순군 이서면 갈두리 **-* ,2022-09-16 09:33:30
4900000,490000004720180002,2018-09-27,,영업/정상,,,,,0,,58140,잘놀개잘살개,I,000,2026-03-26 22:33:01,전라남도 화순군 화순읍 덕음로 ***,,정상,0000,01,,198606.899340207    ,171974.619647968    ,전라남도 화순군 화순읍 삼천리 ***-* ,2022-04-28 18:11:45
4900000,490000004720180006,2018-11-15,,휴업,,2022-12-07,2023-12-06,,0,,58147,도담도담,I,000,2026-03-26 22:33:01,전라남도 화순군 한천면 죽헌로 ***-*,,휴업,0001,02,07088106303,198638.220992556    ,164257.863273697    ,전라남도 화순군 한천면 금전리 ***-* ,2022-12-13 14:18:52
4900000,490000004720190001,2019-01-28,,영업/정상,,,,,0,,58148,숲,I,000,2026-03-26 22:33:01,전라남도 화순군 도곡면 덕리길 **-*,,정상,0000,01,,191955.108284152    ,168789.468558601    ,전라남도 화순군 도곡면 천암리 **-* ,2022-04-28 18:11:49
4910000,491000004720190002,2019-10-29,,영업/정상,,,,,0,,59324,멍이랑옹이랑,I,000,2026-01-13 18:35:02,전라남도 장흥군 장흥읍 문림로 **-**,,정상,0000,01,,191816.020094655    ,131316.767411539    ,전라남도 장흥군 장흥읍 건산리 ***-* ,2022-04-28 18:11:38
4930000,493000004720200002,2020-10-20,,영업/정상,,,,,0,,59008,프리런,I,000,2026-03-26 22:33:05,전라남도 해남군 황산면 공룡대로 ****,,정상,0000,01,,152563.745522571    ,120055.509929911    ,전라남도 해남군 황산면 원호리 산 ** ,2022-04-28 18:11:42
4940000,494000004720230001,2023-04-18,,폐업,2025-03-13,,,,0,,58456,버블독스 영암삼호점,I,000,2026-01-13 18:33:32,"전라남도 영암군 삼호읍 대불주거*로 **, *층",,폐업,0002,03,0614631775,149806.394536677    ,139777.133088957    ,전라남도 영암군 삼호읍 용앙리 ****-** ,2025-03-13 14:03:17
4950000,495000004720210008,2021-09-29,,폐업,2023-11-03,,,,0,,58567,견생공감,I,000,2026-01-13 18:30:32,"전라남도 무안군 삼향읍 남악*로**번가길 **, 남악골드주차타워 ***호",,폐업,0002,03,,151248.874905099    ,146227.452310607    ,전라남도 무안군 삼향읍 남악리 **** 남악골드주차타워 ***호,2023-11-05 10:49:01
4950000,495000004720200005,2020-09-28,,폐업,2022-05-19,,,,0,,58578,견생라이프,I,000,2026-01-13 18:30:32,"전라남도 무안군 삼향읍 남악*로 **, 펠리시티*차",,폐업,0002,03,,151101.186959636    ,145749.534810442    ,전라남도 무안군 삼향읍 남악리 **** 펠리시티*차 ***호,2022-05-19 20:07:26
4950000,495000004720180007,2018-10-04,,폐업,2021-02-17,,,,0,,58568,우다다 애견카페,I,000,2026-01-13 18:30:32,"전라남도 무안군 삼향읍 남악*로**번길 **, 정우빌딩",,폐업,0002,03,,151722.032840148    ,145825.810787414    ,전라남도 무안군 삼향읍 남악리 **** 정우빌딩 ,2022-04-28 18:11:29
4950000,495000004720200003,2020-04-23,,휴업,,2026-01-01,2026-12-31,,0,,58567,랑독,I,000,2026-01-13 18:30:32,"전라남도 무안군 삼향읍 남악*로**번가길 **, *층",,휴업,0001,02,,151218.257500608    ,146237.570766429    ,전라남도 무안군 삼향읍 남악리 **** ,2025-12-19 16:30:51
4950000,495000004720200002,2020-04-09,,영업/정상,,,,,0,,58579,스퀘어독스 롯데남악점,I,000,2026-01-13 18:30:32,"전라남도 무안군 삼향읍 남악로***번길 **, *층",,정상,0000,01,,150976.298714347    ,145015.31300588     ,전라남도 무안군 삼향읍 남악리 **** ,2023-03-07 19:41:01
4970000,497000004720190003,2019-09-25,,폐업,2024-12-31,,,,0,,57048,개편한세상,I,000,2026-01-13 18:33:02,"전라남도 영광군 영광읍 옥당로 **, *층 ***호",,폐업,0002,03,,154846.496057526    ,197056.600481386    ,전라남도 영광군 영광읍 녹사리 **-** ,2024-12-31 13:17:31
4980000,498000004720180003,2018-11-12,,영업/정상,,,,,0,,57250,카페 써니힐,I,000,2026-01-13 18:34:32,전라남도 장성군 남면 마령로 **-**,,정상,0000,01,,178947.758211907    ,194472.226723865    ,전라남도 장성군 남면 마령리 **** ,2025-07-25 10:38:11
4990000,499000004720240001,2024-02-06,,영업/정상,,,,,0,,59123,씨너리,I,000,2026-03-31 23:14:47,전라남도 완도군 완도읍 장보고대로 ***-*,,정상,0000,01,,177548.421337065    ,90787.5709604235    ,전라남도 완도군 완도읍 군내리 ***-** ,2024-02-06 17:11:43
5020000,502000004720190001,2019-01-14,,폐업,2025-07-15,,,,0,,37654,태담이네 하우스,I,000,2026-01-13 17:48:34,경상북도 포항시 남구 연일읍 자명로***번길 **,,폐업,0002,03,,407099.7840885      ,283079.414668977    ,경상북도 포항시 남구 연일읍 학전리 ***-* ,2025-07-15 17:12:37
5020000,502000004720220003,2022-02-24,,폐업,2024-12-09,,,,0,,37572,와우쥬 포항점,I,000,2026-01-13 17:48:34,"경상북도 포항시 북구 장량중앙로**번길 **, 법원시장 *층 (양덕동)",,폐업,0002,03,,415035.738169633    ,290217.975890035    ,경상북도 포항시 북구 양덕동 ***-* ,2024-12-09 18:08:47
5020000,502000004720180043,2018-10-15,,폐업,2020-09-02,,,,0,,37759,마오네,I,000,2026-01-13 17:48:34,"경상북도 포항시 남구 새천년대로 ***, 학림빌딩 *층 (대잠동)",,폐업,0002,03,0546110654,411550.887874972    ,282241.018742443    ,경상북도 포항시 남구 대잠동 ***-* 학림빌딩*층 ,2022-04-26 18:50:25
5020000,502000004720190027,2019-10-29,,폐업,2024-08-13,,,,0,,37890,마오네 문덕점,I,000,2026-01-13 17:48:34,"경상북도 포항시 남구 오천읍 냉천로 ***, *-*층",,폐업,0002,03,0542914656,417040.197532182    ,275800.472357464    ,경상북도 포항시 남구 오천읍 문덕리 ***-* *-*층 ,2024-08-13 10:54:16
5020000,502000004720190003,2019-02-17,,폐업,2021-01-19,,,,0,,37881,꾸꾸네 휴개소,I,000,2026-01-13 17:48:34,"경상북도 포항시 남구 오천읍 중원로 **-**, *층",,폐업,0002,03,,416439.67710002     ,277554.388409446    ,경상북도 포항시 남구 오천읍 원리 ****-* *층 ,2022-04-26 18:50:25
5020000,502000004720260001,2026-01-27,,영업/정상,,,,,0,,37678,카페 고잇,I,000,2026-01-29 22:02:50,"경상북도 포항시 남구 대이로 ***, *층 (대잠동)",,정상,0000,01,,410924.584985938    ,282969.030163733    ,경상북도 포항시 남구 대잠동 ***-* *층 ,2026-01-28 16:00:53
5020000,502000004720190011,2019-04-22,,폐업,2025-07-15,,,,0,,37885,아토맘 수제간식,I,000,2026-01-13 17:48:34,경상북도 포항시 남구 오천읍 냉천로***번길 **-*,,폐업,0002,03,,416919.554917471    ,276748.174632817    ,경상북도 포항시 남구 오천읍 원리 *** ,2025-07-15 10:43:22
5020000,502000004720190025,2019-08-13,,폐업,2025-09-16,,,,0,,37593,퍼니퍼피,I,000,2026-01-13 17:48:34,경상북도 포항시 북구 양덕남로 ** (양덕동),,폐업,0002,03,0542428287,416259.919286745    ,289142.129585025    ,경상북도 포항시 북구 양덕동 **** ,2025-09-17 09:07:07
5020000,502000004720210023,2021-11-05,,영업/정상,,,,,0,,37883,우드펫,I,000,2026-01-13 17:48:34,"경상북도 포항시 남구 오천읍 남원로 **, (수)테라스빌딩 *층 ***호",,정상,0000,01,,416578.129851431    ,277097.790791509    ,경상북도 포항시 남구 오천읍 원리 ***-* ***호,2022-04-26 18:50:31
5020000,502000004720200007,2020-04-27,,영업/정상,,,,,0,,37600,개편한세상,I,000,2026-01-13 17:48:34,경상북도 포항시 북구 환호공원길 **-* (환호동),,정상,0000,01,,415421.751173278    ,287936.391290839    ,경상북도 포항시 북구 환호동 ***-** ,2022-04-26 18:50:29
5020000,502000004720200002,2020-03-31,,영업/정상,,,,,0,,37593,애견카페 펍 곰곰,I,000,2026-01-13 17:48:34,경상북도 포항시 북구 장량로***번길 *-** (양덕동),,정상,0000,01,,415974.873489821    ,289388.857001578    ,경상북도 포항시 북구 양덕동 **** ,2022-04-26 18:50:29
5020000,502000004720190026,2019-10-14,,영업/정상,,,,,0,,37882,여기서 놀개,I,000,2026-01-13 17:48:34,경상북도 포항시 남구 오천읍 하원로*번길 **,,정상,0000,01,,417142.026636612    ,277235.884803938    ,경상북도 포항시 남구 오천읍 원리 **** ,2022-04-26 18:50:28
5020000,502000004720180051,2018-12-26,,영업/정상,,,,,0,,37603,마오네(1호점),I,000,2026-01-13 17:48:34,경상북도 포항시 북구 환호로 **-* (장성동),,정상,0000,01,,415238.033052521    ,288689.769892768    ,경상북도 포항시 북구 장성동 ****-* ,2022-04-26 18:50:25
5020000,502000004720180050,2018-12-07,,폐업,2026-03-30,,,,0,,37794,라미닥,U,000,2026-03-31 03:03:03,경상북도 포항시 남구 상공로***번길 **-* (송도동),,폐업,0002,03,0542842227,414156.449072091    ,283107.656367948    ,경상북도 포항시 남구 송도동 ***-** ,2026-03-30 14:12:18
5020000,502000004720180025,2018-09-10,,영업/정상,,,,,0,,37767,이층집고양이,I,000,2026-01-13 17:48:34,"경상북도 포항시 남구 중흥로***번길 *-*, *층 (상도동)",,정상,0000,01,,412096.583321789    ,281997.057543795    ,경상북도 포항시 남구 상도동 *** *층 ,2022-06-17 17:28:58
5020000,502000004720180052,2018-12-26,,폐업,2019-03-27,,,,0,,37735,마오네(3호점),I,000,2026-01-13 17:48:34,"경상북도 포항시 북구 중앙상가길 **, *층 (상원동)",,폐업,0002,03,,413125.166374741    ,284694.795738269    ,경상북도 포항시 북구 상원동 ***-** *층 ,2022-04-26 18:50:25
5050000,505000004720210002,2021-03-19,,폐업,2023-04-26,,,,0,,38069,디에이뉴(우리개예쁘냥),I,000,2026-01-13 17:38:33,경상북도 경주시 용황로*길 * (황성동),,폐업,0002,03,,400459.24040733     ,266909.386153612    ,경상북도 경주시 황성동 **** ,2023-04-27 10:23:06
5050000,505000004720190004,2019-07-18,,영업/정상,,,,,0,,38003,블랑퍼피,U,000,2026-04-22 03:03:03,경상북도 경주시 강동면 새마을로 ****,,정상,0000,01,,402135.112941629    ,286377.653784248    ,경상북도 경주시 강동면 단구리 **** ,2026-04-21 13:41:19
5050000,505000004720200013,2020-12-10,,취소/말소/만료/정지/중지,,,,,0,,38065,퍼스펫 파크,I,000,2026-01-13 17:38:33,"경상북도 경주시 외외*길 ***-* (효현동, 퍼스 펫 파크)",,말소,0004,04,,395772.975605198    ,261071.875213842    ,경상북도 경주시 효현동 ***-* 퍼스 펫 파크 ,2022-04-28 18:09:53
5050000,505000004720220001,2022-10-25,,영업/정상,,,,,0,,38154,야옹아 놀자 캣카페,I,000,2026-01-13 17:38:33,"경상북도 경주시 중앙로 **-*, *층 (노동동)",,정상,0000,01,,399730.228271452    ,262569.0771573      ,경상북도 경주시 노동동 ***-* ,2022-10-25 09:01:49
5050000,505000004720180012,2018-05-14,,폐업,2018-11-19,,,,0,,38112,cafe 냥's,I,000,2026-01-13 17:38:33,"경상북도 경주시 초당길 **-**, *층 (동천동)",,폐업,0002,03,,401651.151009491    ,262892.79428632     ,경상북도 경주시 동천동 ***-* ,2022-04-28 18:09:51
5050000,505000004720180021,2018-09-04,,폐업,2021-02-15,,,,0,,38004,개지중지,I,000,2026-01-13 17:38:33,경상북도 경주시 강동면 강동로 **-**,,폐업,0002,03,,405029.595123469    ,279084.910394437    ,경상북도 경주시 강동면 유금리 ****-* ,2022-04-28 18:09:51
5050000,505000004720180017,2018-08-13,,휴업,,2025-10-30,2028-10-30,,0,,38032,아지트,I,000,2026-01-13 17:38:33,경상북도 경주시 천북면 한백길 **-*,,휴업,0001,02,0547762776,403063.368388392    ,273438.548769579    ,경상북도 경주시 천북면 오야리 *** ,2025-11-03 10:12:06
5050000,505000004720200010,2020-09-21,,폐업,2023-08-24,,,,0,,38167,미어켓 파크,I,000,2026-01-13 17:38:33,경상북도 경주시 사정로**번길 ** (사정동),,폐업,0002,03,,399465.292858102    ,261733.242290862    ,경상북도 경주시 사정동 ***-* ,2023-08-24 10:08:20
5050000,505000004720190003,2019-06-25,,폐업,2024-12-10,,,,0,,38157,히어로키즈파크,I,L00,2026-01-13 17:38:33,"경상북도 경주시 강변로 ***, 히어로키즈파크 신관 *층 *층 (노서동)",,폐업,0002,03,0546241009,398874.726659033    ,262413.928493251    ,경상북도 경주시 노서동 ***-* 히어로키즈파크 신관 *층 ,2024-12-12 14:14:25
5060000,506000004720250001,2025-02-03,,영업/정상,,,,,0,,39672,애니멀필드2,U,000,2026-04-07 03:03:03,경상북도 김천시 아포읍 한골길 ***,,정상,0000,01,,307975.750755767    ,295515.08138923     ,경상북도 김천시 아포읍 대신리 ***-* ,2026-04-06 17:43:40
5060000,506000004720230001,2023-03-30,,폐업,2024-01-08,,,,0,,39660,다솜생태관,I,000,2026-03-26 22:38:57,"경상북도 김천시 혁신*로 **, 더스퀘어 *층 ***호 (율곡동)",,폐업,0002,03,,306479.064526885    ,291131.588890058    ,경상북도 김천시 율곡동 **** 더스퀘어 ***호,2024-01-08 17:50:44
5060000,506000004720210001,2021-01-06,,영업/정상,,,,,0,,39548,놀다가시개,I,000,2026-03-26 22:38:57,"경상북도 김천시 시청로 **, *층 (신음동)",,정상,0000,01,0544342389,300539.315075911    ,292746.84870907     ,경상북도 김천시 신음동 ***-* ,2022-04-28 18:09:52
5060000,506000004720190009,2019-08-12,,영업/정상,,,,,0,,39660,마킹커피(Marking Coffee),I,000,2026-03-26 22:38:57,"경상북도 김천시 혁신*로 *, ***호 (율곡동)",,정상,0000,01,,306352.513131628    ,291857.088709517    ,경상북도 김천시 율곡동 *** ,2022-04-28 18:09:51
5060000,506000004720180017,2018-12-28,,취소/말소/만료/정지/중지,,,,,0,,39629,개판,I,000,2026-03-26 22:38:57,경상북도 김천시 부곡맛고을*길 **-** (부곡동),,말소,0004,04,,298285.657100476    ,292164.394359632    ,경상북도 김천시 부곡동 **** ,2022-04-28 18:09:51
5070000,507000004720240001,2024-01-05,,영업/정상,,,,,0,,36721,이쁜 댕댕이,I,000,2026-01-13 17:42:32,"경상북도 안동시 경동로 ***, *층 (용상동)",,정상,0000,01,,357099.67819704     ,340958.240611945    ,경상북도 안동시 용상동 ****-* ,2024-01-05 12:59:57
5070000,507000004720200002,2020-07-17,,영업/정상,,,,,0,,36611,동악골레드탑앙독스,I,000,2026-01-13 17:42:32,경상북도 안동시 와룡면 동악골길 ***,,정상,0000,01,,359062.268754376    ,345163.914980295    ,경상북도 안동시 와룡면 중가구리 *** ,2022-04-28 18:09:55
5070000,507000004720190005,2019-10-07,,영업/정상,,,,,0,,36753,미스터멍,I,000,2026-01-13 17:42:32,경상북도 안동시 강남로 *** (정상동),,정상,0000,01,,356917.409167329    ,340009.253727385    ,경상북도 안동시 정상동 ***-* ,2024-08-02 13:36:43
5070000,507000004720180003,2018-08-02,,영업/정상,,,,,0,,36642,강아지를부탁해(돌봄),I,000,2026-02-25 21:32:53,경상북도 안동시 합전*길 ** (송현동),,정상,0000,01,,352020.20319813     ,342511.86123769     ,경상북도 안동시 송현동 *** ,2026-02-24 12:35:15
5070000,507000004720260001,2026-02-23,,영업/정상,,,,,0,,36623,북스 앤 캐츠(BOOKS N CATS),I,000,2026-02-24 21:32:51,경상북도 안동시 노하*길 **-* (노하동),,정상,0000,01,,350335.114247646    ,343243.70311719     ,경상북도 안동시 노하동 *** ,2026-02-23 16:47:54
5080000,508000004720230001,2023-02-01,,영업/정상,,,,,0,,39164,강아지놀이터,I,000,2026-03-10 21:35:56,경상북도 구미시 산동읍 산호대로 ****,,정상,0000,01,,330820.457976883    ,293934.669333252    ,경상북도 구미시 산동읍 봉산리 ***-* ,2023-02-01 08:15:54
5080000,508000004720210016,2021-09-01,,영업/정상,,,,,0,,39437,월 스트리트 애견유치원,I,000,2026-03-10 21:35:56,"경상북도 구미시 인동**길 **-*, 금강타운 *층 (인의동)",,정상,0000,01,,328644.405159737    ,289832.166549382    ,경상북도 구미시 인의동 ***-* ,2022-04-28 18:10:12
5080000,508000004720210012,2021-07-02,,영업/정상,,,,,0,,39353,CATS TIME CAFE,I,000,2026-03-10 21:35:55,경상북도 구미시 왕산로 **-**(임은동),,정상,0000,01,07088643000,322598.365750169    ,288175.621381257    ,경상북도 구미시 임은동 ***-* ,2022-04-28 18:10:12
5080000,508000004720200010,2020-02-06,,영업/정상,,,,,0,,39206,이득카페,I,000,2026-03-10 21:35:54,"경상북도 구미시 봉곡남로 ***, *층 (봉곡동)",,정상,0000,01,0544444430,318324.612886953    ,295289.187878361    ,경상북도 구미시 봉곡동 ***-* ,2022-04-28 18:10:09
5080000,508000004720200003,2020-01-10,,영업/정상,,,,,0,,39218,금산이네,I,000,2026-03-10 21:35:52,경상북도 구미시 역전로 ** (원평동),,정상,0000,01,,319854.709417402    ,293126.293641278    ,경상북도 구미시 원평동 ***-* ,2022-04-28 18:10:08
5080000,508000004720190047,2019-12-04,,영업/정상,,,,,0,,39147,뽀도독 애견카페,I,000,2026-03-10 21:35:52,"경상북도 구미시 고아읍 들성로 ***, ***호",,정상,0000,01,,320955.221221706    ,296379.781193531    ,경상북도 구미시 고아읍 문성리 ****-* ***호,2022-04-28 18:10:04
5080000,508000004720180045,2018-09-28,,영업/정상,,,,,0,,39116,멍마르뜨,I,000,2026-03-10 21:35:51,경상북도 구미시 선산읍 선산대로 ****-*,,정상,0000,01,,318034.584025065    ,307538.053578476    ,경상북도 구미시 선산읍 교리 **-* ,2022-04-28 18:09:58
5080000,508000004720190035,2019-09-19,,폐업,2021-02-09,,,,0,,39437,MY Dog,I,000,2026-03-10 21:35:52,"경상북도 구미시 인동**길 **-*, 금강타운 *층 (인의동)",,폐업,0002,03,,328644.405159737    ,289832.166549382    ,경상북도 구미시 인의동 ***-* *층 ,2024-08-26 11:08:57
5080000,508000004720190033,2019-09-17,,폐업,2022-12-30,,,,0,,39164,카페 요기냥,I,000,2026-03-10 21:35:51,"경상북도 구미시 산동읍 신당*로*길 *, 지테라쎄 ***,***호",,폐업,0002,03,,328537.22633551     ,295810.813602069    ,"경상북도 구미시 산동읍 신당리 **** 지테라쎄 ***,***호 ",2024-02-05 10:48:21
5080000,508000004720190007,2019-02-01,,폐업,2022-06-15,,,,0,,39436,이리오개,I,000,2026-03-10 21:35:51,"경상북도 구미시 인동**길 *, 섬계빌딩 *층 ***호 (인의동)",,폐업,0002,03,,328328.172066597    ,289764.786155724    ,경상북도 구미시 인의동 ***-* ,2024-03-04 16:47:01
5080000,508000004720180006,2018-04-20,,폐업,2024-05-31,,,,0,,39164,비바도기,I,000,2026-03-10 21:35:50,"경상북도 구미시 산동읍 신당*로 **, 아이프라자 ***호",,폐업,0002,03,,328491.223181725    ,295973.723939886    ,경상북도 구미시 산동읍 신당리 **** ,2024-05-28 15:01:03
5080000,508000004720180005,2018-04-20,,폐업,2019-04-01,,,,0,,39407,장dog대,I,000,2026-03-10 21:35:50,"경상북도 구미시 인동**길 **-*, 연희빌딩 *층 (진평동)",,폐업,0002,03,0544711512,328170.996161595    ,289277.472102903    ,경상북도 구미시 진평동 ***-* 연희빌딩 ,2022-04-28 18:09:54
5080000,508000004720230002,2023-07-06,,폐업,2025-07-25,,,,0,,39181,딩굴댕굴,I,000,2026-03-10 21:35:56,"경상북도 구미시 옥계신당로*안길 **, 동일빌딩 ***호 (옥계동)",,폐업,0002,03,,327780.564726705    ,294583.829910022    ,경상북도 구미시 옥계동 **** ,2025-07-26 15:10:03
5080000,508000004720200032,2020-09-03,,폐업,2023-10-10,,,,0,,39445,개놀자까페,I,000,2026-03-10 21:35:55,경상북도 구미시 인동**길 **-** (구평동),,폐업,0002,03,,329846.524755955    ,288584.45658864     ,경상북도 구미시 구평동 *** ,2025-01-16 17:37:23
5080000,508000004720200030,2020-08-27,,폐업,2023-06-02,,,,0,,39301,스토리라오,I,000,2026-03-10 21:35:54,"경상북도 구미시 원남로*길 **, 지하층 (원평동)",,폐업,0002,03,,319534.069408073    ,292829.56487244     ,경상북도 구미시 원평동 **-* ,2023-06-05 11:13:07
5080000,508000004720200007,2020-02-04,,폐업,2020-11-26,,,,0,,39205,다녀오개,I,000,2026-03-10 21:35:54,경상북도 구미시 봉곡서로 ** (봉곡동),,폐업,0002,03,,317545.460421998    ,295754.531605114    ,경상북도 구미시 봉곡동 ***-* ,2022-04-28 18:10:09
5080000,508000004720230003,2023-12-07,,영업/정상,,,,,0,,39464,애니멀랜드,I,000,2026-03-10 21:35:57,"경상북도 구미시 산동읍 신당*로*길 **-*, 나비프라자 ***호",,정상,0000,01,,328586.198647328    ,295917.11938904     ,경상북도 구미시 산동읍 신당리 **** 나비프라자 ,2023-12-07 17:51:55
5080000,508000004720200004,2020-01-17,,폐업,2024-12-23,,,,0,,39407,냥린이네,I,000,2026-03-10 21:35:53,"경상북도 구미시 인동**길 **, *층 (진평동)",,폐업,0002,03,,328198.772036017    ,289304.54264473     ,경상북도 구미시 진평동 **-** ,2025-09-23 17:45:56
5080000,508000004720200006,2020-02-03,,폐업,2025-09-17,,,,0,,39362,구미 고양이카페 분양 제이캣,I,000,2026-03-10 21:35:53,"경상북도 구미시 금오대로**길 *-*, *층 (오태동)",,폐업,0002,03,,321597.867751636    ,286483.952522296    ,경상북도 구미시 오태동 ***-** ,2025-09-18 10:39:24
5100000,510000004720200004,2020-05-26,,영업/정상,,,,,0,,38838,별이랑 놀자,I,000,2026-03-10 21:33:53,"경상북도 영천시 중앙동*길 **, *층 (문외동)",,정상,0000,01,,374233.433324599    ,276681.044008262    ,경상북도 영천시 문외동 ***-* ,2022-04-28 18:09:59
5100000,510000004720260001,2026-03-12,,영업/정상,,,,,0,,38890,고양이 타임,I,000,2026-03-13 21:32:52,경상북도 영천시 완산로 ** (완산동),,정상,0000,01,,374842.226241494    ,275238.129524926    ,경상북도 영천시 완산동 ***-* ,2026-03-12 10:46:14
5100000,510000004720190007,2019-05-27,,영업/정상,,,,,0,,38899,도그휴,I,000,2026-03-10 21:33:52,경상북도 영천시 신성일로 *** (괴연동),,정상,0000,01,,376741.158264782    ,267147.707476045    ,경상북도 영천시 괴연동 *** ,2023-04-21 10:01:33
5130000,513000004720180035,2018-07-11,,폐업,2021-09-09,,,,0,,38691,트레인독,I,000,2026-03-26 22:45:47,경상북도 경산시 옥실길 ** (옥곡동),,폐업,0002,03,,356484.181141229    ,257823.786973864    ,경상북도 경산시 옥곡동 *** ,2022-04-28 18:09:47
5130000,513000004720210015,2021-08-23,,폐업,2023-12-29,,,,0,,38526,강아지와고양이,I,000,2026-03-26 22:45:47,"경상북도 경산시 압량읍 고분길 **, *층 ***호",,폐업,0002,03,0538181088,358771.560440511    ,261556.708827557    ,경상북도 경산시 압량읍 부적리 *** ,2023-12-29 13:05:53
5130000,513000004720250001,2025-08-08,,영업/정상,,,,,0,,38597,앵린이집,I,000,2026-03-26 22:45:47,"경상북도 경산시 백양로**길 *-*, *층 (사동)",,정상,0000,01,,358928.495330239    ,258238.891553445    ,경상북도 경산시 사동 ***-* ,2025-08-08 11:37:33
5130000,513000004720180042,2018-07-19,,폐업,2022-02-08,,,,0,,38530,놀다가개 애견카페,I,000,2026-03-26 22:45:47,"경상북도 경산시 청운*로 **, 동성하이츠 (조영동)",,폐업,0002,03,,358325.80189991     ,261475.916611343    ,경상북도 경산시 조영동 ***-* 동성하이츠 ,2022-04-28 18:09:48
5130000,513000004720180052,2018-09-03,,폐업,2023-05-18,,,,0,,38598,구름한점,I,000,2026-03-26 22:45:47,"경상북도 경산시 백양로**길 *-*, *층 (사동)",,폐업,0002,03,,358815.311844651    ,258312.075101178    ,경상북도 경산시 사동 *** ,2023-05-19 09:33:54
5130000,513000004720230001,2023-07-17,,영업/정상,,,,,0,,38662,퍼피라운지,I,000,2026-03-26 22:45:47,"경상북도 경산시 펜타힐즈로 **, *층 ***호 (중산동)",,정상,0000,01,,355338.379611459    ,260250.543290323    ,경상북도 경산시 중산동 *** ,2025-07-29 14:42:32
5130000,513000004720220001,2022-12-06,,영업/정상,,,,,0,,38678,안녕고양이,I,000,2026-03-26 22:45:47,"경상북도 경산시 경산로 ***, 우성빌딩 *층 (옥산동)",,정상,0000,01,,355994.167022068    ,259471.854974909    ,"경상북도 경산시 옥산동 ***-* 우성빌딩, *층 ",2022-12-06 14:22:30
5130000,513000004720190010,2019-07-10,,영업/정상,,,,,0,,38426,도기온,I,000,2026-03-26 22:45:47,경상북도 경산시 하양읍 대경로 ***,,정상,0000,01,0538519271,359467.751987976    ,265944.048274809    ,경상북도 경산시 하양읍 청천리 *** ,2022-04-28 18:09:49
5130000,513000004720200019,2020-10-19,,영업/정상,,,,,0,,38626,다솜생태체험관,I,000,2026-03-26 22:45:47,경상북도 경산시 중앙로 ** (중방동),,정상,0000,01,0537183948,356401.773686684    ,259344.674567842    ,경상북도 경산시 중방동 ***-** ,2022-04-28 18:09:50
5150000,515000004720180002,2018-05-31,,폐업,2022-02-28,,,,0,,37338,캣츠카페,I,000,2026-03-26 22:37:51,경상북도 의성군 의성읍 중앙길 **,,폐업,0002,03,0548308900,352270.021818657    ,317933.049156432    ,경상북도 의성군 의성읍 후죽리 ***-* ,2022-04-28 18:10:02
5180000,518000004720230001,2023-05-10,,폐업,2024-12-30,,,,0,,36448,영덕 팔각산 동물체험 힐링농장,I,000,2026-03-26 22:36:53,경상북도 영덕군 달산면 매일길 ***,,폐업,0002,03,,405476.631861183    ,322061.009118344    ,경상북도 영덕군 달산면 매일리 *** ,2024-12-30 15:47:35
5180000,518000004720180001,2018-04-25,,취소/말소/만료/정지/중지,2019-05-13,,,,0,,36401,아메리칸 불리 매니아,I,000,2026-03-26 22:36:53,경상북도 영덕군 창수면 영양창수로 ****-**,,말소,0004,04,,409048.494732186    ,341275.345718121    ,경상북도 영덕군 창수면 신기리 ***-* ,2022-04-28 18:09:55
5220000,522000004720180012,2018-05-08,,폐업,2025-10-28,,,,0,,39840,몽블리 애견카페,I,000,2026-01-13 17:48:03,경상북도 칠곡군 석적읍 서중리*길 **-*,,폐업,0002,03,,326573.846805479    ,286961.401940307    ,경상북도 칠곡군 석적읍 중리 ***-* ,2025-10-28 15:57:10
5220000,522000004720180038,2018-10-19,,폐업,2019-12-20,,,,0,,39803,베스트독스,I,000,2026-01-13 17:48:03,경상북도 칠곡군 북삼읍 칠곡대로 ***-**,,폐업,0002,03,,318108.185478879    ,284608.984408163    ,경상북도 칠곡군 북삼읍 보손리 ***-* ,2022-12-20 15:41:09
5220000,522000004720190010,2019-07-06,,폐업,2022-07-25,,,,0,,39899,산책가까,I,000,2026-01-13 17:48:03,"경상북도 칠곡군 왜관읍 평장길 *, *층",,폐업,0002,03,,326312.743282791    ,277201.255431084    ,경상북도 칠곡군 왜관읍 왜관리 ***-* ,2022-07-27 10:44:47
5220000,522000004720200004,2020-01-13,,폐업,2022-12-29,,,,0,,39891,애견나라,I,000,2026-01-13 17:48:03,"경상북도 칠곡군 왜관읍 *번도로길 **, *층",,폐업,0002,03,,325968.436231448    ,277788.827157806    ,경상북도 칠곡군 왜관읍 왜관리 ***-** ,2022-12-30 13:35:30
5220000,522000004720240002,2024-09-02,,영업/정상,,,,,0,,39810,냥이의하루 카페.분양,I,000,2026-01-13 17:48:03,"경상북도 칠곡군 북삼읍 인평중앙로 **, ***호",,정상,0000,01,,321058.852307872    ,286110.388501887    ,경상북도 칠곡군 북삼읍 인평리 *** ***호,2024-09-02 16:05:39
5220000,522000004720180022,2018-06-11,,영업/정상,,,,,0,,39842,나비야놀자,I,000,2026-01-13 17:48:03,경상북도 칠곡군 석적읍 남구미로 ***,,정상,0000,01,,325733.678441594    ,287934.626034869    ,경상북도 칠곡군 석적읍 중리 ***-* ,2022-04-28 18:08:29
5220000,522000004720220003,2022-01-12,,영업/정상,,,,,0,,39839,캣다방,I,000,2026-01-13 17:48:03,"경상북도 칠곡군 석적읍 북중리*길 **, *층",,정상,0000,01,,327013.584807843    ,287422.347623863    ,경상북도 칠곡군 석적읍 중리 **-* ,2024-11-26 18:01:56
5220000,522000004720240001,2024-06-04,,영업/정상,,,,,0,,39801,명품고양이카페,I,000,2026-01-13 17:48:03,경상북도 칠곡군 북삼읍 북삼로 ***,,정상,0000,01,,320191.416986004    ,286168.689997105    ,경상북도 칠곡군 북삼읍 숭오리 **-** ,2024-06-04 18:03:35
5220000,522000004720250001,2025-06-10,,영업/정상,,,,,0,,39848,칠곡동물체험카페,I,000,2026-01-13 17:48:03,경상북도 칠곡군 석적읍 석적로 ***,,정상,0000,01,,326931.463271617    ,284216.559911251    ,경상북도 칠곡군 석적읍 포남리 ***-* ,2025-06-10 09:05:03
5230000,523000004720180001,2018-10-02,,폐업,2024-12-30,,,,0,,36849,MS. &amp; DOG,I,000,2026-03-26 22:38:09,"경상북도 예천군 호명읍 새움*로 **, JM스퀘어빌딩 *층",,폐업,0002,03,0546541233,333284.07057031     ,342688.356506274    ,경상북도 예천군 호명읍 산합리 **** JM스퀘어빌딩 ,2024-12-30 17:44:12
5310000,531000004720190004,2019-03-15,,폐업,2019-07-08,,,,0,,52762,반려동물과 함께하는 # 설렘 (하대점),I,000,2026-03-10 21:35:08,"경상남도 진주시 도동로 ***, *층 (하대동)",,폐업,0002,03,,302074.337235419    ,188913.195082316    ,경상남도 진주시 하대동 ***-* *층 ,2022-04-28 18:09:54
5310000,531000004720200008,2020-10-29,,폐업,2022-12-14,,,,0,,52761,고양이의 정원,I,000,2026-03-10 21:35:09,경상남도 진주시 선학산길 ***-* (하대동),,폐업,0002,03,,301455.711046876    ,188281.057914074    ,경상남도 진주시 하대동 ***-** ,2023-01-30 11:13:33
5310000,531000004720180031,2018-10-15,,영업/정상,,,,,0,,52848,아웃독(OUT DOG),I,000,2026-03-10 21:35:07,경상남도 진주시 내동면 내축로***번길 **,,정상,0000,01,0557560742,292581.596585411    ,181940.987324892    ,경상남도 진주시 내동면 유수리 ***-* ,2022-04-28 18:09:51
5310000,531000004720190014,2019-10-05,,영업/정상,,,,,0,,52822,고양이 모자,I,000,2026-03-10 21:35:08,"경상남도 진주시 가좌길**번길 **, *층 (가좌동)",,정상,0000,01,0559218523,300773.868510601    ,185124.504046149    ,경상남도 진주시 가좌동 ****-* ,2022-04-28 18:09:56
5310000,531000004720240001,2024-03-28,,영업/정상,,,,,0,,52683,구름위의고양이,I,000,2026-03-10 21:35:09,"경상남도 진주시 진주대로****번길 *, *층 (대안동)",,정상,0000,01,,298533.179574204    ,189023.222804316    ,경상남도 진주시 대안동 **-* ,2024-11-20 17:18:30
5310000,531000004720250001,2025-01-16,,영업/정상,,,,,0,,52730,힐브리즈,I,000,2026-03-10 21:35:09,경상남도 진주시 진산로 *** (장재동),,정상,0000,01,,300424.353724096    ,190285.899511413    ,경상남도 진주시 장재동 ***-* ,2025-01-16 17:33:20
5330000,533000004720180005,2018-12-03,,취소/말소/만료/정지/중지,2020-11-13,,,,0,,53070,행복하개 함께할개,I,000,2026-03-11 01:28:48,"경상남도 통영시 미수해안로 **-*, *층 (미수동)",,말소,0004,04,,328402.988922029    ,148884.795746474    ,경상남도 통영시 미수동 *** ,2022-04-28 18:08:35
5340000,534000004720190008,2019-07-29,,폐업,2023-12-04,,,,0,,52518,SAVANNA(사바나 캣카페),I,000,2026-01-13 17:32:03,"경상남도 사천시 사천읍 읍내*길 **-**, *층",,폐업,0002,03,,299118.271158681    ,176429.658911945    ,경상남도 사천시 사천읍 평화리 ***-* ,2023-12-07 09:36:07
5350000,535000004720180014,2018-05-08,,영업/정상,,,,,0,,50997,나비야,I,000,2026-01-13 17:30:35,경상남도 김해시 덕정로*번길 **-* (관동동),,정상,0000,01,,362967.606157793    ,187810.881533922    ,경상남도 김해시 관동동 ***-** ,2025-12-18 14:35:57
5350000,535000004720200050,2020-12-03,,폐업,2024-04-01,,,,0,,50991,세븐카페,I,000,2026-01-13 17:30:35,"경상남도 김해시 금관대로 ***, *층 (대청동)",,폐업,0002,03,,361912.288039085    ,188368.207955642    ,경상남도 김해시 대청동 ***-** ,2024-04-01 14:51:35
5350000,535000004720210012,2021-05-21,,폐업,2023-12-08,,,,0,,50924,라라퍼피,I,000,2026-01-13 17:30:35,"경상남도 김해시 김해대로 ****, *층 (부원동)",,폐업,0002,03,,372264.027422667    ,193689.837460711    ,경상남도 김해시 부원동 ***-* ,2023-12-08 14:11:27
5350000,535000004720210031,2021-09-09,,폐업,2022-05-11,,,,0,,50802,플로라620,I,000,2026-01-13 17:30:35,경상남도 김해시 생림면 인제로 ***,,폐업,0002,03,,371788.513534008    ,199554.114565306    ,경상남도 김해시 생림면 나전리 **-* ,2022-05-11 17:09:47
5350000,535000004720210037,2021-10-20,,폐업,2023-10-25,,,,0,,50988,퍼피가든,I,000,2026-01-13 17:30:35,"경상남도 김해시 번화*로**번길 *, 다인메디컬센타 ***-*호 (대청동)",,폐업,0002,03,,363765.12042944     ,189827.684647315    ,경상남도 김해시 대청동 **-* 다인메디컬센타 ,2023-10-25 14:18:50
5350000,535000004720230001,2023-12-21,,폐업,2025-12-04,,,,0,,50976,엘 미니동물원,I,000,2026-01-13 17:30:35,"경상남도 김해시 장유로 ***, 부영빌딩 *층 ***호 (부곡동)",,폐업,0002,03,,364420.16155877     ,191167.637870963    ,경상남도 김해시 부곡동 ***-* 부영빌딩 ***호,2025-12-05 17:27:48
5350000,535000004720220001,2022-10-17,,영업/정상,,,,,0,,51020,율하냥,I,000,2026-01-13 17:30:35,"경상남도 김해시 율하*로 **, *층 (장유동)",,정상,0000,01,,366156.457269143    ,187364.337049498    ,경상남도 김해시 장유동 ***-* *층 ,2025-12-22 10:44:27
5350000,535000004720240001,2024-05-27,,영업/정상,,,,,0,,50948,cat 3/4,I,000,2026-01-13 17:30:35,"경상남도 김해시 내외중앙로 **, ***호 (외동)",,정상,0000,01,,369858.096915466    ,194214.201216143    ,경상남도 김해시 외동 ****-* ***호,2024-05-27 13:55:38
5350000,535000004720250001,2025-10-23,,영업/정상,,,,,0,,50948,랙돌 고양이 카페 김해,I,000,2026-01-13 17:30:35,경상남도 김해시 내외로**번길 * (내동),,정상,0000,01,,369933.812248308    ,194475.592554188    ,경상남도 김해시 내동 ****-* ,2025-10-23 11:09:45
5350000,535000004720250002,2025-12-18,,영업/정상,,,,,0,,50926,보보네코카페,I,000,2026-01-13 17:30:35,경상남도 김해시 김해대로****번길 ** (봉황동),,정상,0000,01,,371080.418089938    ,193608.691213828    ,경상남도 김해시 봉황동 **-* ,2025-12-18 17:39:39
5350000,535000004720180110,2018-12-20,,폐업,2019-06-10,,,,0,,50902,위드독스,I,000,2026-01-13 17:30:35,"경상남도 김해시 삼계중앙로 **, 신영빌딩 *층 (삼계동)",,폐업,0002,03,,370205.329060609    ,197284.60205126     ,경상남도 김해시 삼계동 ****-* 신영빌딩 ,2022-04-28 18:07:29
5350000,535000004720190020,2019-06-05,,폐업,2020-03-12,,,,0,,50884,PIT A PET,I,000,2026-01-13 17:30:35,경상남도 김해시 김해대로****번길 ** (구산동),,폐업,0002,03,,369896.434405456    ,196155.380095241    ,경상남도 김해시 구산동 ****-* ,2022-04-28 18:07:29
5350000,535000004720190033,2019-06-28,,폐업,2022-05-17,,,,0,,50928,개밥주는 언니,I,000,2026-01-13 17:30:35,경상남도 김해시 분성로 *** (삼정동),,폐업,0002,03,,372600.132336184    ,194492.102132381    ,경상남도 김해시 삼정동 **-* ,2022-05-17 09:19:49
5350000,535000004720200032,2020-07-24,,폐업,2021-12-30,,,,0,,50862,리프패럿 진영점,I,000,2026-01-13 17:30:35,"경상남도 김해시 진영읍 진산대로**번길 **-**, *층",,폐업,0002,03,,356923.566640404    ,202304.246580137    ,경상남도 김해시 진영읍 진영리 ****-** ,2022-04-28 18:07:31
5350000,535000004720200026,2020-06-05,,폐업,2023-01-09,,,,0,,50989,웰컴댕댕,I,000,2026-01-13 17:30:35,"경상남도 김해시 번화*로**번길 **, 엔플러스투빌딩 **층 (대청동)",,폐업,0002,03,,364053.706256006    ,189833.084573917    ,경상남도 김해시 대청동 **-* 엔플러스투빌딩 ,2023-01-09 11:18:25
5350000,535000004720180095,2018-10-08,,폐업,2023-06-09,,,,0,,50809,개리비안 비치,I,000,2026-01-13 17:30:35,경상남도 김해시 대동면 대동로 ***-**,,폐업,0002,03,0553397486,379587.744872446    ,195497.378095293    ,경상남도 김해시 대동면 초정리 ***-* ,2023-06-09 11:39:06
5350000,535000004720180082,2018-09-28,,폐업,2022-01-31,,,,0,,50862,도그타운,I,000,2026-01-13 17:30:35,경상남도 김해시 진영읍 김해대로***번길 *-*,,폐업,0002,03,0553456060,357120.248469413    ,202228.900885348    ,경상남도 김해시 진영읍 진영리 ****-* ,2023-12-27 09:26:48
5350000,535000004720180002,2018-04-10,,폐업,2024-05-20,,,,0,,50948,댕포유,I,000,2026-01-13 17:30:35,"경상남도 김해시 내외중앙로 **, **층 (내동)",,폐업,0002,03,,369893.837021496    ,194471.299641732    ,경상남도 김해시 내동 ****-* ,2024-05-20 10:35:53
5360000,536000004720250001,2025-05-25,,폐업,2026-01-11,,,,0,,50438,하고스,I,000,2026-01-31 21:32:50,"경상남도 밀양시 미리벌중앙로*길 *, *층 (삼문동)",,폐업,0002,03,,358641.112741128    ,221790.119388418    ,경상남도 밀양시 삼문동 ***-* ,2026-01-30 17:29:37
5370000,537000004720180026,2018-10-11,,폐업,2024-12-24,,,,0,,53249,고양이카페레미,I,000,2026-03-26 22:45:50,"경상남도 거제시 중곡로*길 **-*, *층 (고현동)",,폐업,0002,03,,348763.960057765    ,156177.684183196    ,경상남도 거제시 고현동 ****-* ,2024-12-24 14:40:29
5370000,537000004720200015,2020-06-23,,영업/정상,,,,,0,,53254,마루위의 고양이,I,000,2026-03-26 22:45:50,"경상남도 거제시 고현로 **-*, *층 (고현동)",,정상,0000,01,,348347.822410475    ,155406.351166035    ,경상남도 거제시 고현동 **-* ,2024-09-19 19:28:19
5370000,537000004720220001,2022-09-05,,폐업,2023-04-20,,,,0,,53278,와우쥬 거제점,I,000,2026-03-26 22:45:50,"경상남도 거제시 사등면 두동로 *, *층",,폐업,0002,03,,342814.075948196    ,156720.350572987    ,경상남도 거제시 사등면 사곡리 ***-* ,2023-04-20 17:18:38
5370000,537000004720210004,2021-01-25,,폐업,2023-01-30,,,,0,,53294,에덴파크 거제점,I,000,2026-03-26 22:45:50,"경상남도 거제시 상동*길 **, *층 (상동동)",,폐업,0002,03,,349480.716777306    ,153304.800370077    ,경상남도 거제시 상동동 ***-* ,2023-01-31 09:07:18
5370000,537000004720190014,2019-07-05,,폐업,2020-09-28,,,,0,,53209,개밥안주냥,I,000,2026-03-26 22:45:50,경상남도 거제시 연초면 거제대로 ****,,폐업,0002,03,0556340078,350327.17480371     ,157058.509817691    ,경상남도 거제시 연초면 연사리 ****-* ,2022-04-28 18:09:28
5370000,537000004720190023,2019-09-17,,폐업,2022-11-18,,,,0,,53223,아이언독,I,000,2026-03-26 22:45:50,"경상남도 거제시 옥포대첩로*길 *, *층 (옥포동)",,폐업,0002,03,0556874851,354323.086571921    ,156284.004905242    ,경상남도 거제시 옥포동 ***-* ,2022-11-21 10:20:57
5370000,537000004720210003,2021-01-25,,폐업,2023-02-01,,,,0,,53268,리프패럿(장평점),I,000,2026-03-26 22:45:50,경상남도 거제시 장평로 **-* (장평동),,폐업,0002,03,,347049.960857903    ,155840.555069355    ,경상남도 거제시 장평동 ***-* ,2023-02-02 09:12:03
5370000,537000004720180028,2018-10-13,,폐업,2019-09-05,,,,0,,53222,아이언독,I,000,2026-03-26 22:45:50,경상남도 거제시 옥포대첩로*길 ** (옥포동),,폐업,0002,03,,354584.752694066    ,156474.933426495    ,경상남도 거제시 옥포동 ***-** ,2022-04-28 18:09:27
5370000,537000004720190007,2019-04-05,,폐업,2021-12-22,,,,0,,53204,거제도고양이,I,000,2026-03-26 22:45:50,경상남도 거제시 하청면 거제북로 ***,,폐업,0002,03,0556366999,350982.503650632    ,164140.72629789     ,경상남도 거제시 하청면 실전리 *** ,2022-04-28 18:09:27
5380000,538000004720230001,2023-02-23,,영업/정상,,,,,0,,50653,고양이살롱앤카페,I,000,2026-01-13 17:33:04,"경상남도 양산시 물금읍 야리*길 **, 증산스퀘어 ***호",,정상,0000,01,,382565.105919528    ,203030.764730959    ,경상남도 양산시 물금읍 가촌리 ****-* 증산스퀘어 ,2023-02-23 16:31:20
5380000,538000004720220001,2022-07-18,,영업/정상,,,,,0,,50613,와우쥬 양산점,I,000,2026-01-13 17:33:04,"경상남도 양산시 물금읍 청운로 ***, 오즈시티 ***호",,정상,0000,01,,382061.353903074    ,203816.067088552    ,경상남도 양산시 물금읍 가촌리 ****-** 오즈시티 ,2022-07-18 11:17:48
5380000,538000004720200013,2020-07-07,,영업/정상,,,,,0,,50653,CATS&ME(캣츠 앤 미),I,000,2026-01-13 17:33:04,"경상남도 양산시 물금읍 증산역로 ***, 정우프라자 *층 ***호",,정상,0000,01,,382439.569008163    ,202999.893544938    ,경상남도 양산시 물금읍 가촌리 ****-* 정우프라자 ,2022-04-28 18:09:45
5380000,538000004720190020,2019-07-19,,영업/정상,,,,,0,,50611,리틀히어로ZOO,I,000,2026-01-13 17:33:04,경상남도 양산시 물금읍 범구로 ** (유림노르웨이숲),,정상,0000,01,0557851098,382883.341064998    ,204962.55596119     ,경상남도 양산시 물금읍 범어리 ****-* 오슬로파크 지하*층 BG동 *호,2022-04-28 18:09:44
5380000,538000004720180025,2018-07-10,,영업/정상,,,,,0,,50652,The방Zoo,I,000,2026-02-04 21:32:50,"경상남도 양산시 물금읍 야리*길 **, 원타운 ***호",,정상,0000,01,0553659930,382844.254684339    ,203582.069039697    ,경상남도 양산시 물금읍 범어리 **** 원타운 ,2026-02-03 17:20:39
5380000,538000004720200006,2020-05-15,,폐업,2020-10-23,,,,0,,50652,고양이살롱앤카페,I,000,2026-01-13 17:33:04,"경상남도 양산시 물금읍 야리*길 **, A*-city ***호",,폐업,0002,03,,382823.600718891    ,203518.064584145    ,경상남도 양산시 물금읍 범어리 ****-* A*-city ,2022-04-28 18:09:45
5380000,538000004720180080,2018-10-17,,폐업,2019-11-06,,,,0,,50629,땡구네 애견분양카페호텔,I,000,2026-01-13 17:33:04,"경상남도 양산시 양산역*길 **, 나래프라자 ***호 (중부동)",,폐업,0002,03,0553862050,384277.785473689    ,206003.962099616    ,경상남도 양산시 중부동 ***-* 나래프라자 ,2022-04-28 18:09:42
5380000,538000004720180078,2018-10-16,,폐업,2023-08-07,,,,0,,50653,아이러브퍼피,I,000,2026-01-13 17:33:04,"경상남도 양산시 물금읍 야리로 ***, 우성프라자 ***호",,폐업,0002,03,,382588.586492515    ,203156.496997023    ,경상남도 양산시 물금읍 가촌리 ****-* 우성프라자 ,2023-08-07 10:59:42
5380000,538000004720180075,2018-10-16,,폐업,2023-01-20,,,,0,,50620,사랑할개,I,000,2026-01-13 17:33:04,"경상남도 양산시 양주*길 **, 사랑할개 (중부동)",,폐업,0002,03,,384724.226073739    ,206446.071408037    ,경상남도 양산시 중부동 ***-* 사랑할개 ,2023-01-20 15:28:35
5380000,538000004720180017,2018-05-31,,폐업,2025-05-23,,,,0,,50525,견인차,I,000,2026-01-13 17:33:04,경상남도 양산시 대운로 *** (삼호동),,폐업,0002,03,,397496.309115803    ,214552.220747633    ,경상남도 양산시 삼호동 ***-* ,2025-05-23 14:10:51
5380000,538000004720240001,2024-01-19,,영업/정상,,,,,0,,50549,독스쿨,I,000,2026-01-13 17:33:04,"경상남도 양산시 평산남*길 *, 동화골프연습장 (평산동)",,정상,0000,01,0553650720,395593.64195232     ,211030.884541122    ,경상남도 양산시 평산동 *** 동화골프연습장 ,2024-01-19 10:31:15
5380000,538000004720180013,2018-05-28,,폐업,2021-04-05,,,,0,,50536,멍스타그램,I,000,2026-01-13 17:33:04,경상남도 양산시 명동*길 ** (명동),,폐업,0002,03,07040464865,396579.960992544    ,213060.805899903    ,경상남도 양산시 명동 ***-* ,2022-04-28 18:09:40
5460000,546000004720200002,2020-08-18,,폐업,2023-04-10,,,,0,,50031,해시도그,I,000,2026-03-26 22:30:34,경상남도 함양군 함양읍 함양로 ****,,폐업,0002,03,,,,경상남도 함양군 함양읍 교산리 ***-* ,2023-04-10 17:12:44
5470000,547000004720190001,2019-05-22,,폐업,2019-12-27,,,,0,,50132,제이캣,I,000,2026-03-26 22:37:48,경상남도 거창군 거창읍 상동*길 **-**,,폐업,0002,03,,281854.880485019    ,243471.700867928    ,경상남도 거창군 거창읍 상림리 ***-* ,2022-04-28 18:09:30
5470000,547000004720180002,2018-04-25,,폐업,2018-12-31,,,,0,,50129,제이캣,I,000,2026-03-26 22:37:48,"경상남도 거창군 거창읍 죽전길 **, *층",,폐업,0002,03,0559411197,282079.267415376    ,243782.493475657    ,경상남도 거창군 거창읍 상림리 **-** ,2022-04-28 18:09:29
5530000,577000004720180068,2018-08-29,,폐업,2024-04-05,,,,0,,18436,퍼스트독,I,000,2026-02-01 10:34:20,경기도 화성시 동탄구 외삼미로 *** (반송동),,폐업,0002,03,,205410.585517593    ,410845.3356826      ,경기도 화성시 동탄구 반송동  **-* ,2024-04-05 17:39:27
5530000,577000004720190047,2019-08-06,,폐업,2023-11-30,,,,0,,18479,히어로키즈파크 동탄지점,I,L00,2026-02-01 10:34:20,"경기도 화성시 동탄구 동탄광역환승로 **, 지하 **호 (오산동, 동탄역 반도유보라 아이비파크 *.*)",,폐업,0002,03,,,,경기도 화성시 동탄구 오산동  ***-**** 동탄역 반도유보라 아이비파크 *.* ,2023-11-30 17:25:16
5530000,577000004720230001,2023-06-27,,폐업,2024-07-31,,,,0,,18453,커피멍냥 앤 몽몽살롱,I,000,2026-02-01 10:34:20,"경기도 화성시 동탄구 동탄지성로 *, ***호 (반송동, 동탄 플래티넘)",,폐업,0002,03,,206491.146821923    ,411458.976720896    ,경기도 화성시 동탄구 반송동  **-* 동탄 플래티넘 ,2024-09-13 09:19:00
5530000,574000004720210064,2021-07-08,,폐업,2024-02-20,,,,0,,18244,꼬몽,I,000,2026-02-01 10:34:18,"경기도 화성시 만세구 꽃내음*길 **-**, 송산프라자 ***호 (새솔동)",,폐업,0002,03,,183827.469149701    ,420215.479331034    ,경기도 화성시 만세구 새솔동 **-* 송산프라자 ***호,2024-02-20 17:45:25
5530000,574000004720220023,2022-08-18,,폐업,2025-12-25,,,,0,,18540,독스타,I,000,2026-02-01 10:34:18,경기도 화성시 만세구 마도면 송정로 **,,폐업,0002,03,,180118.09643424     ,411903.173128344    ,경기도 화성시 만세구 마도면 두곡리 ***-* ,2026-01-02 16:27:34
5530000,575000004720180118,2018-10-15,,폐업,2019-02-26,,,,0,,18302,러버독,I,000,2026-02-01 10:34:19,"경기도 화성시 효행구 봉담읍 동화길 **-**, *층",,폐업,0002,03,0312977980,196357.63220419     ,412768.085338134    ,경기도 화성시 효행구 봉담읍 동화리 ***-* ,2022-04-28 18:09:28
5530000,575000004720200021,2020-03-04,,폐업,2023-04-07,,,,0,,18515,치프리멍,I,000,2026-02-01 10:34:19,경기도 화성시 효행구 정남면 정남동로***번길 **-**,,폐업,0002,03,,201337.791493414    ,403706.939327858    ,경기도 화성시 효행구 정남면 제기리 ***-* ,2023-04-07 15:51:04
5530000,575000004720220024,2022-11-21,,폐업,2024-05-09,,,,0,,18336,KGBKENNEL(케이지비켄넬),I,000,2026-02-01 10:34:19,경기도 화성시 효행구 봉담읍 하가등안길 **-**,,폐업,0002,03,,194892.230637423    ,405396.691677498    ,경기도 화성시 효행구 봉담읍 하가등리 ***-* ,2025-01-14 18:39:08
5530000,576000004720180002,2018-02-14,,폐업,2019-12-04,,,,0,,18398,달빛고양이카페,I,000,2026-02-01 10:34:20,"경기도 화성시 병점구 효행로 ****-*, 뱅뱅프라자 ***호 (진안동)",,폐업,0002,03,0315482079,203794.722205901    ,412640.560149756    ,경기도 화성시 병점구 진안동  ***-* 뱅뱅프라자 ***호,2022-04-28 18:09:26
5530000,576000004720180111,2018-10-15,,폐업,2021-01-22,,,,0,,18385,동네개카페,I,000,2026-02-01 10:34:20,"경기도 화성시 병점구 효행로 ****-**, *층 (기산동)",,폐업,0002,03,0312222808,204872.762603222    ,412999.412717355    ,경기도 화성시 병점구 기산동  ** ,2022-04-28 18:09:27
5530000,577000004720180051,2018-07-25,,폐업,2023-12-06,,,,0,,18476,커피볶는강아지 minipia,I,000,2026-02-01 10:34:20,"경기도 화성시 동탄구 동탄대로시범길 ***, 중앙프라자 *층 ***호 (청계동)",,폐업,0002,03,,209628.402846431    ,411080.816236071    ,경기도 화성시 동탄구 청계동  ***-* ***호,2023-12-06 18:07:15
5530000,576000004720260001,2026-04-20,,영업/정상,,,,,0,,18418,키워볼래&카페,I,000,2026-04-21 21:32:57,"경기도 화성시 병점구 **용사로 ***, *층 (능동)",,정상,0000,01,,204043.836891245    ,410768.7576023      ,경기도 화성시 병점구 능동 *** ,2026-04-20 10:36:16
5530000,553000004720180115,2018-10-15,,폐업,2025-02-01,,,,0,,18431,멍화만사성,I,000,2026-02-01 10:34:18,"경기도 화성시 동탄지성로 ***, 에버스타 ***-***호 (능동)",,폐업,0002,03,,,,경기도 화성시 능동 ****-* 에버스타 ***-*호,2025-02-06 15:17:27
5530000,574000004720180007,2018-04-10,,폐업,2024-07-24,,,,0,,18252,에이벨,I,000,2026-02-01 10:34:18,"경기도 화성시 만세구 남양읍 남이로**번길 **-**, *층",,폐업,0002,03,,184180.774211802    ,416517.115256052    ,경기도 화성시 만세구 남양읍 수화리 *** *층 ,2024-07-29 17:26:46
5530000,574000004720180015,2018-04-18,,폐업,2019-01-14,,,,0,,18566,BUBU&amp;DOG,I,000,2026-02-01 10:34:18,경기도 화성시 만세구 우정읍 장안로 **,,폐업,0002,03,0313565606,183912.806955361    ,398522.186074192    ,경기도 화성시 만세구 우정읍 조암리 ***-* ,2022-04-28 18:09:26
5530000,574000004720190032,2019-05-14,,폐업,2023-12-28,,,,0,,18553,제부애니멀카페and펜션,I,000,2026-02-01 10:34:18,경기도 화성시 만세구 서신면 해안길***번길 **,,폐업,0002,03,,166219.623324026    ,406878.717356714    ,경기도 화성시 만세구 서신면 제부리 **-* ,2023-12-28 16:28:22
5530000,577000004720180061,2018-08-06,,영업/정상,,,,,0,,18459,플레이어스,I,000,2026-02-01 10:34:20,"경기도 화성시 동탄구 노작로*길 **-*, *층 (반송동)",,정상,0000,01,,206933.803068273    ,410517.468179562    ,경기도 화성시 동탄구 반송동  ***-* ,2022-04-28 18:09:27
5530000,577000004720200030,2020-04-14,,영업/정상,,,,,0,,18487,주식회사 쥬라리움 동탄,I,L00,2026-02-01 10:34:20,"경기도 화성시 동탄구 동탄기흥로***번가길 **, C동 **호 (방교동)",,정상,0000,01,,208093.243413282    ,408754.639871921    ,경기도 화성시 동탄구 방교동  ***-* ,2023-04-17 09:52:33
5530000,577000004720230003,2023-07-25,,영업/정상,,,,,0,,18474,타샤의 그림정원,I,000,2026-02-01 10:34:20,"경기도 화성시 동탄구 동탄치동천로*길 *-**, *층 (영천동)",,정상,0000,01,0313727133,210893.825600614    ,411244.873953917    ,경기도 화성시 동탄구 영천동  ***-* ,2024-03-26 10:49:28
5530000,577000004720240001,2024-05-01,,영업/정상,,,,,0,,18497,캣플 동탄점,I,000,2026-02-01 10:34:20,"경기도 화성시 동탄구 동탄대로*길 **, 라크몽 *층 E***~E***호 (송동)",,정상,0000,01,,209267.831935403    ,407233.52541514     ,경기도 화성시 동탄구 송동  ***-* ,2025-07-10 09:53:41
5530000,553000004720200051,2020-07-21,,영업/정상,,,,,0,,18427,미묘,I,000,2026-02-01 10:34:18,"경기도 화성시 여울로 **, *층 (능동)",,정상,0000,01,,,,경기도 화성시 능동 ****-* ,2023-08-10 14:16:44
5530000,574000004720190031,2019-05-14,,영업/정상,,,,,0,,18583,댕댕라운지,I,000,2026-02-01 10:34:18,"경기도 화성시 만세구 장안면 한천*길 **-*, *층",,정상,0000,01,,186534.01447127     ,396258.445913868    ,경기도 화성시 만세구 장안면 독정리 ***-* ,2022-04-28 18:09:29
5530000,574000004720210061,2021-07-07,,영업/정상,,,,,0,,18556,휴먼앤독,I,000,2026-02-01 10:34:18,경기도 화성시 만세구 서신면 안벼슬길***번길 ***,,정상,0000,01,,,,경기도 화성시 만세구 서신면 사곶리 *-* ,2022-04-28 18:09:32
5530000,575000004720220022,2022-03-18,,영업/정상,,,,,0,,18309,이웃집고양이&루나펠트,I,000,2026-02-01 10:34:19,"경기도 화성시 효행구 봉담읍 상리*길 **, 토마토메디컬 *층 ***호",,정상,0000,01,07082280222,195238.534634398    ,413630.318703919    ,경기도 화성시 효행구 봉담읍 상리 ***-* ,2024-03-28 09:22:47
5530000,575000004720230002,2023-06-29,,영업/정상,,,,,0,,18298,하이애니멀,I,000,2026-02-01 10:34:19,경기도 화성시 효행구 봉담읍 새말안길 **-**,,정상,0000,01,,196472.038095083    ,413195.277390029    ,경기도 화성시 효행구 봉담읍 동화리 ***-* ,2024-01-02 09:45:00
5530000,575000004720250001,2025-05-14,,영업/정상,,,,,0,,18329,훈트(HUND),I,000,2026-02-01 10:34:19,경기도 화성시 효행구 봉담읍 최루백로 ***-*,,정상,0000,01,,197095.760716649    ,410830.764862157    ,경기도 화성시 효행구 봉담읍 분천리 ***-* ,2025-05-14 11:40:10
5530000,576000004720190020,2019-03-08,,영업/정상,,,,,0,,18412,카페 커피캣,I,000,2026-02-01 10:34:20,"경기도 화성시 병점구 떡전골로 **-*, 미라클 프라자 *층 (병점동)",,정상,0000,01,0313080280,202975.729734666    ,411680.382141823    ,경기도 화성시 병점구 병점동  ***-* 미라클 프라자 ,2024-05-22 10:38:23
5540000,554000004720200019,2020-09-29,,폐업,2021-11-30,,,,0,,12726,씨티독 도심속의 강아지,I,000,2026-01-13 17:15:33,경기도 광주시 곤지암읍 만삼로 **-**,,폐업,0002,03,,236307.203808571    ,430310.725236168    ,경기도 광주시 곤지암읍 유사리 ***-* ,2022-04-28 18:09:04
5540000,554000004720200025,2020-11-17,,폐업,2021-12-24,,,,0,,12790,견인구역,I,000,2026-01-13 17:15:33,경기도 광주시 추자동 오포로 ***,,폐업,0002,03,,,,경기도 광주시 추자동 ***-* ,2022-04-28 18:09:05
5540000,554000004720260002,2026-01-28,,영업/정상,,,,,0,,12820,블레스,I,000,2026-01-29 21:02:50,경기도 광주시 문형산길 *** (신현동),,정상,0000,01,,,,경기도 광주시 신현동 ***-* ,2026-01-28 09:59:55
5540000,554000004720260001,2026-01-19,,영업/정상,,,,,0,,12805,미니미펫,I,000,2026-01-20 21:02:50,경기도 광주시 곤지암읍 평촌길 **,,정상,0000,01,,228629.074150856    ,428135.185660004    ,경기도 광주시 곤지암읍 삼리 ***-* ,2026-01-19 15:17:00
5540000,554000004720240001,2024-10-23,,영업/정상,,,,,0,,12728,다올,I,000,2026-01-13 17:15:33,경기도 광주시 초월읍 지월로**번길 **,,정상,0000,01,,226361.619505635    ,434827.812247057    ,경기도 광주시 초월읍 지월리 ***-* ,2024-10-23 16:57:49
5540000,554000004720210005,2021-03-25,,영업/정상,,,,,0,,12761,Mew,I,000,2026-03-14 21:02:50,"경기도 광주시 경안안길 **, 영민빌딩 *층 (경안동)",,정상,0000,01,,222694.085514288    ,434231.340325451    ,경기도 광주시 경안동 **-* 영민빌딩 ,2026-03-13 13:56:20
5540000,554000004720190048,2019-12-02,,영업/정상,,,,,0,,12765,마이펫,I,000,2026-01-13 17:15:33,"경기도 광주시 이배재로 ***, *층 (목현동)",,정상,0000,01,,219435.565398371    ,437080.365336261    ,경기도 광주시 목현동 ***-** ,2022-04-28 18:09:04
5540000,554000004720190013,2019-02-26,,영업/정상,,,,,0,,12718,아이러브마이독,I,000,2026-01-13 17:15:33,경기도 광주시 곤지암읍 광여로 ***-**,,정상,0000,01,,233791.070968757    ,428201.351850158    ,경기도 광주시 곤지암읍 오향리 **-* ,2024-08-23 13:04:39
5540000,554000004720260003,2026-04-07,,영업/정상,,,,,0,,12716,루이비독,I,000,2026-04-08 21:02:51,경기도 광주시 퇴촌면 천진암로 ****,,정상,0000,01,,232307.762084857    ,436788.453000538    ,경기도 광주시 퇴촌면 우산리 *** ,2026-04-07 13:39:46
5580000,558000004720180008,2018-07-27,,폐업,2021-11-05,,,,0,,32803,루디아펫타운,I,000,2026-04-22 22:33:05,충청남도 계룡시 엄사면 전원*길 **,,폐업,0002,03,0428411772,221705.522171043    ,310072.230523605    ,충청남도 계룡시 엄사면 엄사리 ***-* ,2022-04-28 18:11:59
5590000,559000004720240001,2024-08-06,,영업/정상,,,,,0,,11483,아이캣유,I,000,2026-03-10 21:35:16,"경기도 양주시 만삼로 ***, *층 (삼숭동)",,정상,0000,01,,209113.642613066    ,478280.627242843    ,경기도 양주시 삼숭동 ***-* ,2024-08-06 11:35:07
5590000,559000004720250001,2025-02-17,,영업/정상,,,,,0,,11520,양주곤충박물관,I,000,2026-03-10 21:35:16,"경기도 양주시 장흥면 권율로 ***, *층",,정상,0000,01,,195575.563684096    ,469167.06187761     ,경기도 양주시 장흥면 일영리 **-** ,2025-09-11 14:00:29
5590000,559000004720250002,2025-11-19,,영업/정상,,,,,0,,11473,묘해,I,000,2026-03-10 21:35:17,"경기도 양주시 옥정동로*나길 **, 폴리프라자* ***호 (옥정동)",,정상,0000,01,,208153.549108134    ,479742.042872861    ,경기도 양주시 옥정동 ***-* 폴리프라자* ,2025-11-19 17:46:36
5590000,559000004720180052,2018-11-06,,영업/정상,,,,,0,,11492,냥아,I,000,2026-03-10 21:35:14,"경기도 양주시 고읍남로 *-**, 제이프라자 ***호 (광사동)",,정상,0000,01,,206902.538217822    ,477045.901653051    ,경기도 양주시 광사동 ***-* 제이프라자 ,2022-04-28 18:09:20
5590000,559000004720180051,2018-11-01,,폐업,,,,,0,,11494,스머펫,I,000,2026-03-10 21:35:14,"경기도 양주시 만송로 ***, *층 (만송동)",,폐업,0002,03,,207801.159087046    ,476002.329888868    ,경기도 양주시 만송동 ***-* ,2022-04-28 18:09:20
5590000,559000004720190017,2019-06-19,,폐업,2020-02-04,,,,0,,11474,무지개좋아,I,000,2026-03-10 21:35:15,"경기도 양주시 옥정동로 ***, 다올레이크프라자 *층 (옥정동)",,폐업,0002,03,,208649.058351816    ,480001.316857064    ,경기도 양주시 옥정동 ****-* ,2022-04-28 18:09:20
5590000,559000004720180042,2018-10-18,,폐업,2022-07-01,,,,0,,11414,메종드시앙,I,000,2026-03-10 21:35:13,경기도 양주시 광적면 광적로***번길 *,,폐업,0002,03,0318554946,197881.993839051    ,481354.431037349    ,경기도 양주시 광적면 석우리 ***-* ,2023-01-20 10:37:22
5590000,559000004720180038,2018-10-04,,영업/정상,,,,,0,,11427,독도리,I,000,2026-03-10 21:35:12,경기도 양주시 은현면 화합로***번길 ***-*,,정상,0000,01,0318661672,202317.133378296    ,484737.918498628    ,경기도 양주시 은현면 선암리 *** ,2022-04-28 18:09:20
5590000,559000004720180028,2018-09-27,,폐업,2022-12-21,,,,0,,11492,뭉개구름,I,000,2026-03-10 21:35:12,"경기도 양주시 고읍남로 *-**, 한솔프라자 ***호 (광사동)",,폐업,0002,03,0318210476,206922.912876206    ,477071.269876205    ,경기도 양주시 광사동 ***-* ,2022-12-22 09:19:01
5590000,559000004720230001,2023-02-21,,영업/정상,,,,,0,,11448,매일 그개와,I,000,2026-03-10 21:35:15,경기도 양주시 칠봉산로***번길 ***-**(봉양동),,정상,0000,01,,205602.261176787    ,483583.411767975    ,경기도 양주시 봉양동 *** ,2023-02-21 16:19:33
5590000,559000004720180050,2018-11-01,,영업/정상,,,,,0,,11496,어울림,I,000,2026-03-10 21:35:13,경기도 양주시 마전로 *** (마전동),,정상,0000,01,,204600.215465946    ,474546.313781825    ,경기도 양주시 마전동 ***-* ,2022-04-28 18:09:20
5600000,560000004720180027,2018-09-20,,영업/정상,,,,,0,,11157,너와함개냥,I,000,2026-03-10 21:34:51,경기도 포천시 군내면 포천로 ****-*,,정상,0000,01,,217765.916465446    ,484209.949864752    ,경기도 포천시 군내면 유교리 *** ,2025-03-27 08:52:23
5600000,560000004720180031,2018-10-18,,폐업,2019-11-25,,,,0,,11185,행복하개 cafe,I,000,2026-03-10 21:34:51,경기도 포천시 소흘읍 죽엽산로 ***-*,,폐업,0002,03,,214548.852642685    ,476108.065034594    ,경기도 포천시 소흘읍 고모리 ***-* ,2022-04-28 18:09:24
5600000,560000004720190003,2019-04-11,,영업/정상,,,,,0,,11170,카페 캣츠,I,000,2026-03-10 21:34:52,"경기도 포천시 소흘읍 솔모루로 ***, *층",,정상,0000,01,,213385.863093432    ,481415.323984775    ,경기도 포천시 소흘읍 송우리 **-* ,2022-04-28 18:09:24
5600000,560000004720180036,2018-12-06,,폐업,2022-01-06,,,,0,,11181,"헤이,커멍",I,000,2026-03-10 21:34:52,"경기도 포천시 소흘읍 죽엽산로 **, *층",,폐업,0002,03,,213305.78627752     ,480448.963787391    ,경기도 포천시 소흘읍 이가팔리 *** ,2022-04-28 18:09:24
5600000,560000004720220001,2022-12-08,,영업/정상,,,,,0,,11192,그루비독,I,000,2026-03-10 21:34:52,경기도 포천시 내촌면 소리개길 **-**,,정상,0000,01,,221127.117864483    ,475112.242536091    ,경기도 포천시 내촌면 음현리 **-** ,2022-12-08 09:33:04
5670000,567000004720190042,2019-05-02,,폐업,2023-08-03,,,,0,,51111,우리애견카페,I,000,2026-03-10 21:37:24,"경상남도 창원시 의창구 북면 동전로 ***, 지하*층",,폐업,0002,03,,345126.219396511    ,201828.568727599    ,경상남도 창원시 의창구 북면 감계리 **-* ,2023-08-03 14:22:11
5670000,567000004720190054,2019-06-25,,폐업,2021-11-15,,,,0,,51676,이리왈 애견카페,I,000,2026-03-10 21:37:24,경상남도 창원시 진해구 중원로 **-* (대흥동),,폐업,0002,03,,351153.620153046    ,184759.012261859    ,경상남도 창원시 진해구 대흥동 *-* ,2022-04-28 18:08:47
5670000,567000004720190032,2019-03-18,,폐업,2025-05-01,,,,0,,51628,프로펫샵,I,000,2026-03-10 21:37:23,"경상남도 창원시 진해구 충장로***번길 **, 이엠시티빌딩 ***호 (장천동)",,폐업,0002,03,,355476.459143541    ,182600.537940974    ,경상남도 창원시 진해구 장천동 ***-* ,2025-05-01 14:45:26
5670000,567000004720190022,2019-02-26,,폐업,2022-11-07,,,,0,,51447,또오개,I,000,2026-03-10 21:37:23,"경상남도 창원시 성산구 동산로***번길 **, *층 (사파동)",,폐업,0002,03,,354581.387784313    ,193027.185910397    ,경상남도 창원시 성산구 사파동 ***-* ,2022-11-07 21:13:08
5670000,567000004720190003,2019-01-03,,폐업,2025-07-29,,,,0,,51364,벨르시앙,I,000,2026-03-10 21:37:23,"경상남도 창원시 마산회원구 팔용로 **, 벨르시앙 (양덕동)",,폐업,0002,03,,344378.370208687    ,193709.743164153    ,경상남도 창원시 마산회원구 양덕동 **-* ,2025-07-29 13:16:40
5670000,567000004720180007,2018-04-09,,폐업,2018-10-01,,,,0,,51453,뽕실공주네 러블리도그룸,I,000,2026-03-10 21:37:22,"경상남도 창원시 성산구 비음로 *-*, *층 (사파동)",,폐업,0002,03,,354380.594019551    ,193519.540355533    ,경상남도 창원시 성산구 사파동 **-* ,2022-04-28 18:08:41
5670000,567000004720170016,2017-09-01,,폐업,2022-11-11,,,,0,,51370,레인보우 불스,I,000,2026-03-10 21:37:21,"경상남도 창원시 의창구 평산로***번길 *, ***호 (서상동)",,폐업,0002,03,,347886.71935506     ,196863.11405067     ,경상남도 창원시 의창구 서상동 ***-* ,2022-11-11 18:35:42
5670000,567000004720200054,2020-11-13,,폐업,2023-02-01,,,,0,,51514,몽스홀릭,I,000,2026-03-10 21:37:24,"경상남도 창원시 성산구 용지로***번길 *, 경남빌딩 (중앙동)",,폐업,0002,03,,352722.975200781    ,193125.953822666    ,경상남도 창원시 성산구 중앙동 **-* 경남빌딩 ,2023-02-01 14:25:44
5670000,567000004720240002,2024-12-17,,영업/정상,,,,,0,,51377,캣츠하우스,I,000,2026-03-10 21:37:25,"경상남도 창원시 의창구 팔용로 ***, 화성빌딩 ***호 (팔용동)",,정상,0000,01,,346648.521482915    ,196239.97224553     ,경상남도 창원시 의창구 팔용동 ***-* 화성빌딩 ,2024-12-17 21:42:30
5670000,567000004720180017,2018-06-27,,휴업,,2026-01-01,2028-12-31,,0,,51110,댕댕이 애견카페,I,000,2026-03-10 21:37:22,"경상남도 창원시 의창구 북면 구룡로 ***, *층",,휴업,0001,02,,345991.91481388     ,201243.711352911    ,경상남도 창원시 의창구 북면 화천리 ***-* ,2026-01-06 13:50:23
5670000,567000004720180116,2018-12-04,,영업/정상,,,,,0,,51615,퍼피랜드애견카페,I,000,2026-03-10 21:37:22,경상남도 창원시 진해구 남영로***번길 ** (남양동),,정상,0000,01,,362185.297705403    ,180676.452136249    ,경상남도 창원시 진해구 남양동 ***-** ,2022-04-28 18:08:45
5670000,567000004720240001,2024-05-24,,영업/정상,,,,,0,,51513,봉순이네,I,000,2026-03-10 21:37:25,"경상남도 창원시 성산구 용지로***번길 **-*, 천보빌딩 ***호 (중앙동)",,정상,0000,01,,352602.469696467    ,193396.589577492    ,경상남도 창원시 성산구 중앙동 **-** 천보빌딩 ,2025-02-04 19:10:18
5680000,568000004720250001,2025-01-10,,영업/정상,,,,,0,,31801,헤이커멍,I,000,2026-04-22 22:31:52,충청남도 당진시 정미면 구울미길 **,,정상,0000,01,,163734.15821112     ,371229.860901767    ,충청남도 당진시 정미면 대운산리 ***-* ,2025-01-10 18:03:29
5680000,568000004720230001,2023-11-07,,영업/정상,,,,,0,,31768,야옹야옹,I,000,2026-04-22 22:31:52,"충청남도 당진시 북문로*길 *-**, 레지던스 G *층 (읍내동)",,정상,0000,01,,166954.811704915    ,377636.719983544    ,충청남도 당진시 읍내동 **** 레지던스 G ,2023-11-07 11:19:31
5690000,569000004720240001,2024-08-13,,영업/정상,,,,,0,,30100,핑크젤리 고양이카페 앤 호텔,I,000,2026-01-14 16:09:52,"세종특별자치시 아름서*길 **, 세종조이* *동 ***,***호 (아름동)",,정상,0000,01,,221748.190769814    ,334464.075533952    ,세종특별자치시 아름동 **** 세종조이* ,2025-09-26 09:59:54
5690000,569000004720250001,2025-01-15,,영업/정상,,,,,0,,30151,13번째고양이 분양카페,I,000,2026-02-05 21:03:00,"세종특별자치시 한누리대로 ****, 코끼리타워 ***호 (소담동)",,정상,0000,01,,226798.938789094    ,331630.096443848    ,세종특별자치시 소담동 *** 코끼리타워 ,2026-02-04 13:54:18
5690000,569000004720200027,2020-11-18,,폐업,2024-03-31,,,,0,,30101,야옹천국,I,000,2026-01-14 16:09:52,"세종특별자치시 세종로 ****, 세종중앙타워 *층 ***호 (고운동)",,폐업,0002,03,,221519.372333673    ,334536.790588003    ,세종특별자치시 고운동 산 *** 세종중앙타워 ***호,2024-08-05 13:59:09
5700000,570000004720260001,2026-04-09,,영업/정상,,,,,0,,12612,산속애,I,000,2026-04-10 21:32:53,경기도 여주시 북내면 상교*길 ***,,정상,0000,01,,257747.168476327    ,433668.386226659    ,경기도 여주시 북내면 상교리 ***-** ,2026-04-09 09:59:15
5700000,570000004720250001,2025-07-08,,영업/정상,,,,,0,,12660,은아목장,I,000,2026-03-10 21:34:45,경기도 여주시 가남읍 금당*길 ***,,정상,0000,01,,255018.009407542    ,412411.08244429     ,경기도 여주시 가남읍 금당리 *-* ,2025-07-08 15:12:41
5700000,570000004720210009,2021-08-18,,폐업,2023-05-23,,,,0,,12631,어서오시개,I,000,2026-03-10 21:34:44,"경기도 여주시 세종로**번길 **, 모범빌딩 *층 (홍문동)",,폐업,0002,03,,256497.574954433    ,421326.704771123    ,경기도 여주시 홍문동 *** 모범빌딩 ,2023-05-23 13:50:33
5710000,571000004720180031,2018-08-09,,폐업,2019-12-31,,,,0,,28541,유카,I,000,2026-03-26 22:33:20,"충청북도 청주시 상당구 무심동로 ***, *층 (영동)",,폐업,0002,03,,243210.430882828    ,349261.118557696    ,충청북도 청주시 상당구 영동 ***-** ,2022-04-28 18:08:55
5710000,571000004720180037,2018-08-22,,폐업,2021-04-13,,,,0,,28670,행복하시개,I,000,2026-03-26 22:33:20,"충청북도 청주시 서원구 서원남로**번길 *, 엘림빌 *층 (모충동)",,폐업,0002,03,,242993.906087282    ,346871.689251071    ,충청북도 청주시 서원구 모충동 ***-** 엘림빌 ,2022-04-28 18:08:56
5710000,571000004720180055,2018-09-19,,폐업,2019-06-26,,,,0,,28320,돌봄애견카페,I,000,2026-03-26 22:33:20,"충청북도 청주시 청원구 율량로***번길 **-*, *층 (율량동)",,폐업,0002,03,,244348.517273115    ,351680.368220556    ,충청북도 청주시 청원구 율량동 **** ,2022-04-28 18:09:00
5710000,571000004720180068,2018-10-22,,폐업,2021-01-18,,,,0,,28115,베스트하우스pet,I,000,2026-03-26 22:33:20,"충청북도 청주시 청원구 오창읍 과학산업*로 ***, 신우에비뉴엘빌딩 *층 *호",,폐업,0002,03,,237632.475520918    ,357156.065889725    ,충청북도 청주시 청원구 오창읍 양청리 ***-* 신우에비뉴엘빌딩 ***호,2022-04-28 18:09:02
5710000,571000004720180072,2018-11-08,,폐업,2021-01-14,,,,0,,28525,빛나다,I,000,2026-03-26 22:33:20,"충청북도 청주시 상당구 상당로**번길 **-*, 태왕프라자 ***호 (북문로*가)",,폐업,0002,03,07071215235,243600.78807251     ,348444.750755164    ,충청북도 청주시 상당구 북문로*가 *** 태왕프라자 ,2022-04-28 18:09:03
5710000,571000004720180073,2018-11-09,,폐업,2023-05-12,,,,0,,28356,하이디펫,I,000,2026-03-26 22:33:21,충청북도 청주시 흥덕구 신성로 ** (향정동),,폐업,0002,03,0432731173,237641.30901828     ,349951.505852591    ,충청북도 청주시 흥덕구 향정동 ***-* ,2023-05-15 20:28:27
5710000,571000004720180075,2018-11-16,,폐업,2019-03-28,,,,0,,28632,모리셔스개린이집,I,000,2026-03-26 22:33:21,충청북도 청주시 서원구 남이면 *순환로 ****-**,,폐업,0002,03,,241689.858992544    ,344389.552092883    ,충청북도 청주시 서원구 남이면 가마리 ***-* ,2022-04-28 18:09:03
5710000,571000004720190008,2019-02-21,,폐업,2019-09-20,,,,0,,28526,멍이와 쿤이,I,000,2026-03-26 22:33:21,"충청북도 청주시 상당구 상당로**번길 *-*, *층 (북문로*가)",,폐업,0002,03,,243725.551865842    ,348364.738728018    ,충청북도 청주시 상당구 북문로*가 ** ,2022-04-28 18:09:05
5710000,571000004720190016,2019-03-12,,폐업,2021-01-21,,,,0,,28744,아조폴랑,I,000,2026-03-26 22:33:21,"충청북도 청주시 상당구 산성로***번길 **, *층 (용담동)",,폐업,0002,03,,245121.558181559    ,348001.705819694    ,충청북도 청주시 상당구 용담동 *** ,2022-04-28 18:09:07
5710000,571000004720190023,2019-04-03,,폐업,2021-03-30,,,,0,,28632,모리셔스 개린이집,I,000,2026-03-26 22:33:21,충청북도 청주시 서원구 남이면 *순환로 ****-**,,폐업,0002,03,,241689.858992544    ,344389.552092883    ,충청북도 청주시 서원구 남이면 가마리 ***-* ,2022-04-28 18:09:08
5710000,571000004720190045,2019-09-09,,폐업,2023-11-16,,,,0,,28292,개프탑라운지,I,000,2026-03-26 22:33:21,"충청북도 청주시 흥덕구 송화로 ***, ***호 (송절동)",,폐업,0002,03,0439000733,240203.259297078    ,351753.196439544    ,충청북도 청주시 흥덕구 송절동 *** ***호,2023-11-16 11:16:32
5710000,571000004720190050,2019-10-08,,폐업,2021-02-01,,,,0,,28119,펫구름,I,000,2026-03-26 22:33:21,"충청북도 청주시 청원구 오창읍 중심상업로 **, 거묵빌딩 ***호",,폐업,0002,03,,238370.774444525    ,356890.502555414    ,충청북도 청주시 청원구 오창읍 양청리 ***-* 거묵빌딩 ,2022-04-28 18:09:12
5710000,571000004720190055,2019-11-05,,폐업,2022-12-23,,,,0,,28451,멍사냥,I,000,2026-03-26 22:33:21,충청북도 청주시 흥덕구 *순환로 *** (봉명동),,폐업,0002,03,0432620049,241366.672891603    ,349399.284717092    ,충청북도 청주시 흥덕구 봉명동 ****-* ,2022-12-23 16:26:32
5710000,571000004720200029,2020-05-20,,폐업,2023-07-25,,,,0,,28173,펫크닉,I,000,2026-03-26 22:33:21,"충청북도 청주시 흥덕구 강내면 월탄*길 **-**, *층",,폐업,0002,03,07076640909,231230.282426455    ,345655.38892765     ,충청북도 청주시 흥덕구 강내면 월탄리 ***-** ,2023-07-25 14:24:02
5710000,571000004720200037,2020-06-22,,폐업,2024-01-10,,,,0,,28803,더멍멍컴퍼니,I,000,2026-03-26 22:33:21,충청북도 청주시 서원구 궁뜰로***번길 ** (장성동),,폐업,0002,03,,243249.207369377    ,344067.322850397    ,충청북도 청주시 서원구 장성동 ** ,2024-01-10 15:30:34
5710000,571000004720200039,2020-06-29,,폐업,2024-02-15,,,,0,,28511,디어독,I,000,2026-03-26 22:33:21,"충청북도 청주시 상당구 대성로 ***-*, *층층 (수동)",,폐업,0002,03,0432214885,243948.270779161    ,348843.461379631    ,충청북도 청주시 상당구 수동 ***-** ,2024-02-15 14:06:19
5710000,571000004720200064,2020-11-20,,폐업,2022-04-20,,,,0,,28630,모여봐요 멍멍이숲,I,000,2026-03-26 22:33:22,충청북도 청주시 서원구 산남로 ** (산남동),,폐업,0002,03,0432869393,241772.897388134    ,345632.835781183    ,충청북도 청주시 서원구 산남동 *** ,2022-04-28 18:09:27
5710000,571000004720200065,2020-12-01,,폐업,2022-09-23,,,,0,,28186,38.5DOG(삼십팔점오독),I,000,2026-03-26 22:33:22,충청북도 청주시 상당구 남일면 미천고은로 ***,,폐업,0002,03,,245174.483001896    ,339765.641592645    ,충청북도 청주시 상당구 남일면 가산리 ***-* ,2022-09-26 09:09:42
5710000,571000004720210009,2021-04-16,,폐업,2023-01-17,,,,0,,28632,모리셔스 개린이집,I,000,2026-03-26 22:33:22,충청북도 청주시 서원구 남이면 *순환로 ****-**,,폐업,0002,03,0432920225,241689.858992544    ,344389.552092883    ,충청북도 청주시 서원구 남이면 가마리 ***-* ,2023-01-18 09:56:28
5710000,571000004720220003,2022-12-30,,폐업,2024-04-01,,,,0,,28327,세븐디가든앤쥬,I,000,2026-03-26 22:33:22,"충청북도 청주시 청원구 율봉로 ***, *층 (율량동)",,폐업,0002,03,,243710.496282803    ,352090.431196966    ,충청북도 청주시 청원구 율량동 *** ,2025-01-06 18:52:11
5710000,571000004720230002,2023-02-27,,폐업,2024-07-15,,,,0,,28497,프레티올라,I,000,2026-03-26 22:33:22,"충청북도 청주시 청원구 안덕벌로***번길 **-*, *층 (내덕동)",,폐업,0002,03,,244568.187918996    ,350805.328208902    ,충청북도 청주시 청원구 내덕동 **-** ,2024-07-15 13:28:53
5710000,571000004720180042,2018-09-07,,영업/정상,,,,,0,,28630,청주유기동물입양지원센터 개가 꿈꾸는 세상,I,000,2026-03-26 22:33:20,"충청북도 청주시 서원구 두꺼비로**번길 **, *층 (산남동)",,정상,0000,01,0432887515,241661.121053247    ,345625.116002913    ,충청북도 청주시 서원구 산남동 *** ,2022-11-04 08:56:14
5710000,571000004720180050,2018-09-19,,영업/정상,,,,,0,,28115,돌봄,I,000,2026-03-26 22:33:20,"충청북도 청주시 청원구 오창읍 오창공원로 **-*, *층",,정상,0000,01,,237645.302267791    ,357249.273355928    ,충청북도 청주시 청원구 오창읍 양청리 ***-* ,2022-04-28 18:08:59
5710000,571000004720180057,2018-09-29,,영업/정상,,,,,0,,28804,A tail,I,000,2026-03-26 22:33:20,"충청북도 청주시 서원구 *순환로****번길 *, *층 ***호 (분평동)",,정상,0000,01,,243996.794158807    ,345058.232838322    ,충청북도 청주시 서원구 분평동 *** ***호,2024-08-05 16:02:51
5710000,571000004720190027,2019-04-29,,영업/정상,,,,,0,,28470,청주고양이입양지원센터 애니멀공화국,I,L00,2026-03-26 22:33:21,"충청북도 청주시 흥덕구 직지대로***번길 *, *층 (운천동)",,정상,0000,01,,242545.426191063    ,349414.935724192    ,충청북도 청주시 흥덕구 운천동 **** ,2022-04-28 18:09:09
5710000,571000004720190034,2019-07-02,,영업/정상,,,,,0,,28320,펫돌봄(돌봄컴퍼니),I,000,2026-03-26 22:33:21,"충청북도 청주시 청원구 율량로***번길 **-*, *층 (율량동)",,정상,0000,01,0432127516,244348.517273115    ,351680.368220556    ,충청북도 청주시 청원구 율량동 **** *층 ,2022-10-21 16:28:55
5710000,571000004720190049,2019-09-30,,영업/정상,,,,,0,,28526,멍이와쿤이,I,000,2026-03-26 22:33:21,"충청북도 청주시 상당구 상당로**번길 *-*, *층 (북문로*가)",,정상,0000,01,0432222243,243725.551865842    ,348364.738728018    ,충청북도 청주시 상당구 북문로*가 ** ,2022-04-28 18:09:12
5710000,571000004720200005,2020-01-03,,영업/정상,,,,,0,,28630,그루밍공화국,I,000,2026-03-26 22:33:21,충청북도 청주시 서원구 두꺼비로**번길 ** (산남동),,정상,0000,01,,241636.638437875    ,345502.296580947    ,충청북도 청주시 서원구 산남동 *** ,2024-02-13 08:56:59
5710000,571000004720200014,2020-02-20,,영업/정상,,,,,0,,28382,호텔멍,I,000,2026-03-26 22:33:21,충청북도 청주시 흥덕구 *순환로****번길 * (가경동),,정상,0000,01,,238925.14404406     ,346374.267114518    ,충청북도 청주시 흥덕구 가경동 ***-** ,2022-04-28 18:09:17
5710000,571000004720200017,2020-03-09,,영업/정상,,,,,0,,28381,어테일(ATail),I,000,2026-03-26 22:33:21,"충청북도 청주시 흥덕구 서부로 ****-*, *층 (강서동)",,정상,0000,01,,237777.587488851    ,345548.918548028    ,충청북도 청주시 흥덕구 강서동 ***-* *층 ,2022-04-28 18:09:18
5710000,571000004720200021,2020-03-19,,영업/정상,,,,,0,,28207,발라당눕스,I,000,2026-03-26 22:33:21,충청북도 청주시 상당구 문의면 덕유남계로 ***,,정상,0000,01,0432220406,243070.771957535    ,338399.234743056    ,충청북도 청주시 상당구 문의면 남계리 *** ,2022-04-28 18:09:19
5710000,571000004720200024,2020-04-10,,영업/정상,,,,,0,,28496,왈왈애견,I,000,2026-03-26 22:33:21,충청북도 청주시 청원구 안덕벌로 *** (내덕동),,정상,0000,01,0437161207,244685.518351264    ,350770.108270954    ,충청북도 청주시 청원구 내덕동 **-** ,2022-04-28 18:09:20
5710000,571000004720200033,2020-06-02,,폐업,2026-02-24,,,,0,,28152,댕그라운드,I,000,2026-03-26 22:33:21,충청북도 청주시 청원구 내수읍 원통숲안*길 **-*,,폐업,0002,03,,245160.650885103    ,355842.446311699    ,충청북도 청주시 청원구 내수읍 원통리 ***-* ,2026-02-25 10:19:39
5710000,571000004720200057,2020-09-29,,영업/정상,,,,,0,,28320,진주 2024,I,000,2026-03-26 22:33:21,"충청북도 청주시 청원구 율량로***번길 **, *층 (율량동)",,정상,0000,01,,244118.073280919    ,351665.093724745    ,충청북도 청주시 청원구 율량동 **** ,2022-04-28 18:09:27
5710000,571000004720210003,2021-02-24,,영업/정상,,,,,0,,28165,유자네 댕댕이,I,000,2026-03-26 22:33:22,"충청북도 청주시 흥덕구 오송읍 오송생명*로 ***, ***호",,정상,0000,01,,228953.419975246    ,347252.057051873    ,충청북도 청주시 흥덕구 오송읍 연제리 *** ***호,2023-02-17 10:04:47
5710000,571000004720210006,2021-03-15,,영업/정상,,,,,0,,28115,돌봄 애견,I,000,2026-03-26 22:33:22,충청북도 청주시 청원구 오창읍 오창공원로 **-*,,정상,0000,01,0432147515,237645.302267791    ,357249.273355928    ,충청북도 청주시 청원구 오창읍 양청리 ***-* ,2022-04-28 18:09:29
5710000,571000004720210014,2021-04-29,,영업/정상,,,,,0,,28808,아이러브퍼피 청주점,I,000,2026-03-26 22:33:22,"충청북도 청주시 상당구 중고개로***번길 *, 남송휴프라자 ***호 (용암동)",,정상,0000,01,0432951011,246292.215798039    ,346219.500681479    ,충청북도 청주시 상당구 용암동 **** 남송휴프라자 ***호,2022-04-28 18:09:31
5710000,571000004720220001,2022-06-27,,영업/정상,,,,,0,,28470,엔탈피,I,000,2026-03-26 22:33:22,"충청북도 청주시 흥덕구 직지대로***번길 **, *층 (운천동)",,정상,0000,01,,242508.665209465    ,349563.88790217     ,충청북도 청주시 흥덕구 운천동 **** ,2023-09-05 09:39:13
5710000,571000004720220002,2022-11-08,,영업/정상,,,,,0,,28219,캣인큐브,I,000,2026-03-26 22:33:22,충청북도 청주시 서원구 남이면 가마*길 *-**,,정상,0000,01,,241637.200620907    ,344211.260092939    ,충청북도 청주시 서원구 남이면 가마리 ***-* ,2022-11-08 12:07:25
5710000,571000004720230001,2023-01-06,,휴업,,2023-08-31,2024-08-31,,0,,28545,랙돌 카페 프리티돌,I,000,2026-03-26 22:33:22,"충청북도 청주시 상당구 사직대로 ***, ***호 (북문로*가)",,휴업,0001,02,0439008787,243632.180202448    ,348545.589945352    ,충청북도 청주시 상당구 북문로*가 **-* ***호,2023-09-06 10:55:32
5710000,571000004720230003,2023-11-21,,영업/정상,,,,,0,,28309,동네고양이,I,000,2026-03-26 22:33:22,"충청북도 청주시 청원구 충청대로***번길 **, A동 (주성동)",,정상,0000,01,,244583.146677321    ,353139.623275433    ,충청북도 청주시 청원구 주성동 ***-* ,2023-11-21 17:06:09
5710000,571000004720230004,2023-12-07,,영업/정상,,,,,0,,28385,쥬니멀 반려동물카페,I,000,2026-03-26 22:33:22,충청북도 청주시 흥덕구 남석로 *** (석곡동),,정상,0000,01,,238040.188868577    ,344469.080200909    ,충청북도 청주시 흥덕구 석곡동 ***-* ,2023-12-07 09:32:02
5710000,571000004720240001,2024-04-02,,영업/정상,,,,,0,,28115,그냥,I,000,2026-03-26 22:33:22,"충청북도 청주시 청원구 오창읍 양청*길 *, *층",,정상,0000,01,,238067.735337783    ,357456.07355348     ,충청북도 청주시 청원구 오창읍 양청리 ***-** ,2024-04-26 09:52:01
5710000,571000004720240002,2024-05-01,,영업/정상,,,,,0,,28117,피카쥬,I,000,2026-03-26 22:33:22,"충청북도 청주시 청원구 오창읍 *산단*로 **, *층 ***호",,정상,0000,01,,240570.735357429    ,359512.834367659    ,충청북도 청주시 청원구 오창읍 주성리 *** ,2024-05-01 13:58:00
5710000,571000004720240003,2024-05-03,,영업/정상,,,,,0,,28525,냥이 싸롱,I,000,2026-03-26 22:33:22,"충청북도 청주시 상당구 성안로 **, *층 (북문로*가)",,정상,0000,01,0432230245,243647.09455046     ,348427.495182753    ,충청북도 청주시 상당구 북문로*가 ***-* ,2024-05-03 13:38:02
5710000,571000004720240004,2024-05-21,,영업/정상,,,,,0,,28367,괜찮아 댕댕냥,I,000,2026-03-26 22:33:22,"충청북도 청주시 흥덕구 가로수로 ****-**, *층 (비하동)",,정상,0000,01,,237039.859857872    ,347406.190033037    ,충청북도 청주시 흥덕구 비하동 **-* ,2025-08-20 18:19:28
5710000,571000004720240005,2024-12-03,,영업/정상,,,,,0,,28477,쵸이캣 청주점,I,000,2026-03-26 22:33:22,"충청북도 청주시 흥덕구 직지대로 ***, *,*층 (봉명동)",,정상,0000,01,,241374.58253877     ,349221.412599468    ,충청북도 청주시 흥덕구 봉명동 *** ,2025-11-06 16:14:13
5710000,571000004720250001,2025-02-04,,영업/정상,,,,,0,,28148,쥬니멀 초정행궁점,I,000,2026-03-26 22:33:22,"충청북도 청주시 청원구 내수읍 초정약수로 ***, *층",,정상,0000,01,0432178886,,,충청북도 청주시 청원구 내수읍 초정리 **-* ,2025-02-04 17:10:02
5710000,571000004720250002,2025-04-10,,영업/정상,,,,,0,,28340,하이댕댕,I,000,2026-03-26 22:33:22,"충청북도 청주시 청원구 주성로**번길 **, 카이스트빌딩 ***호 (율량동)",,정상,0000,01,,242724.153438824    ,351902.678823488    ,충청북도 청주시 청원구 율량동 **** 카이스트빌딩 ,2025-04-10 09:44:37
5710000,571000004720250003,2025-08-12,,영업/정상,,,,,0,,28545,고양이카페 왔냥,I,000,2026-03-26 22:33:22,"충청북도 청주시 상당구 사직대로 ***, *층 (북문로*가)",,정상,0000,01,,243632.180202448    ,348545.589945352    ,충청북도 청주시 상당구 북문로*가 **-* ,2025-08-12 19:02:29
5710000,571000004720250004,2025-09-03,,영업/정상,,,,,0,,28125,캣플헤븐 청주오창점,I,L00,2026-03-26 22:33:23,"충청북도 청주시 청원구 오창읍 과학산업*로 ***, *층 ***-***호 (오창반도유보라퍼스티지)",,정상,0000,01,,238384.113542141    ,356397.983294011    ,충청북도 청주시 청원구 오창읍 각리 ***-* 오창반도유보라퍼스티지 ,2025-09-03 18:07:42
5710000,571000004720250005,2025-12-10,,영업/정상,,,,,0,,28129,오창 동네고양이,I,000,2026-03-26 22:33:23,충청북도 청주시 청원구 오창읍 공항로 ****,,정상,0000,01,,240305.401320169    ,360207.476530201    ,충청북도 청주시 청원구 오창읍 장대리 ***-* ,2025-12-10 19:10:34
5710000,571000004720180027,2018-07-24,,폐업,2025-11-03,,,,0,,28484,마이프렌즈,I,000,2026-03-26 22:33:20,"충청북도 청주시 청원구 직지대로 ***, 성림네트웩 *층 (우암동)",,폐업,0002,03,,243059.348450931    ,349668.912362569    ,충청북도 청주시 청원구 우암동 ***-* 성림네트웩 ,2025-11-03 17:51:08
5710000,571000004720260001,2026-02-27,,영업/정상,,,,,0,,28532,비스캣 고양이카페,I,000,2026-03-26 22:33:23,충청북도 청주시 상당구 무심동로***번길 **-* (남문로*가),,정상,0000,01,,243576.997841052    ,347880.704805849    ,충청북도 청주시 상당구 남문로*가 ***-** ,2026-02-27 09:42:35
5710000,571000004720200009,2020-02-10,,취소/말소/만료/정지/중지,2025-10-24,,,,0,,28529,헤이독청주,I,000,2026-03-26 22:33:21,"충청북도 청주시 상당구 성안로 **, *층 (남문로*가)",,말소,0004,04,0432217380,243658.040370294    ,348022.140594233    ,충청북도 청주시 상당구 남문로*가 ** ,2025-11-14 14:44:14
5710000,571000004720210008,2021-04-14,,폐업,2022-05-04,,,,0,,28465,멍냥이 스토리,I,000,2026-03-26 22:33:22,충청북도 청주시 흥덕구 덕암로***번길 ** (봉명동),,폐업,0002,03,,241251.856801838    ,349934.398023071    ,충청북도 청주시 흥덕구 봉명동 **** ,2022-05-06 14:55:56
6510000,651000004720180053,2018-09-21,,영업/정상,,,,,0,,63198,개편한 세상,I,000,2026-03-26 22:33:06,제주특별자치도 제주시 중앙로 *** (이도일동),,정상,0000,01,0647221585,155943.687559467    ,926.824705844336    ,제주특별자치도 제주시 이도일동 ****-* ,2022-04-28 18:12:03
6510000,651000004720180088,2018-10-16,,취소/말소/만료/정지/중지,2024-12-11,,,,0,,63349,당나귀와 댕댕이,I,000,2026-03-26 22:33:07,제주특별자치도 제주시 구좌읍 일주동로 ****,,말소,0004,04,,182425.855369663    ,5247.41512753422    ,제주특별자치도 제주시 구좌읍 행원리 ***-** ,2024-12-11 15:52:19
6510000,651000004720190003,2019-01-14,,영업/정상,,,,,0,,63114,오멍가멍 애견카페&호텔,I,000,2026-03-26 22:33:07,제주특별자치도 제주시 어영길 **-** (용담삼동),,정상,0000,01,,153309.015470434    ,2452.13047704213    ,제주특별자치도 제주시 용담삼동 **** ,2022-04-28 18:12:08
6510000,651000004720200020,2020-05-29,,영업/정상,,,,,0,,63091,더 펫츠,I,000,2026-03-26 22:33:07,"제주특별자치도 제주시 ****로 ****, *층 (노형동)",,정상,0000,01,,152070.285695816    ,-3329.94614198298   ,제주특별자치도 제주시 노형동 ***-* ,2022-04-28 18:12:13
6510000,651000004720210010,2021-04-22,,영업/정상,,,,2025-05-26,0,,63172,Cafe 몽스파,I,L00,2026-03-26 22:33:07,"제주특별자치도 제주시 서사로 **, 삼성리빙프라자 제주삼도점 *층 (삼도일동)",,정상,0000,01,,155282.476728033    ,1595.85237912718    ,제주특별자치도 제주시 삼도일동 ***-* 삼성리빙프라자 제주삼도점 ,2025-05-27 09:39:17
6510000,651000004720210026,2021-07-08,,영업/정상,,,,,0,,63084,펫다방,I,000,2026-03-26 22:33:07,"제주특별자치도 제주시 ****로 ****, 정원빌딩 *층 (노형동)",,정상,0000,01,,151694.243488106    ,-1337.50371088434   ,제주특별자치도 제주시 노형동 ***-* 정원빌딩 ,2022-04-28 18:12:15
6510000,651000004720230001,2023-03-31,,휴업,,2025-08-01,2026-08-31,,0,,63147,Cat Gallery,I,000,2026-03-26 22:33:07,"제주특별자치도 제주시 아연로 ***, *층 (오라이동)",,휴업,0001,02,,153814.117137704    ,-2479.42167202822   ,제주특별자치도 제주시 오라이동 ****-* ,2025-10-13 13:36:19
6510000,651000004720180084,2018-10-06,,영업/정상,,,,,0,,63198,퍼펫 애견카페,I,000,2026-03-26 22:33:07,"제주특별자치도 제주시 중앙로 ***, *층 (이도일동)",,정상,0000,01,,156113.564937087    ,618.675810107823    ,제주특별자치도 제주시 이도일동 ****-** ,2022-04-28 18:12:06
6510000,651000004720240001,2024-06-10,,폐업,2025-01-24,,,,0,,63086,강생이랑,I,000,2026-03-26 22:33:07,"제주특별자치도 제주시 과원북*길 *, *층 (노형동)",,폐업,0002,03,,151845.862457891    ,-1549.16592466227   ,제주특별자치도 제주시 노형동 ***-* ,2025-01-24 14:54:45
6510000,651000004720260001,2026-03-18,,영업/정상,,,,,0,,63078,블랙노즈 인 제주,I,000,2026-03-26 22:33:07,제주특별자치도 제주시 ****로 **** (노형동),,정상,0000,01,,152032.655356997    ,-4101.66355953174   ,제주특별자치도 제주시 노형동 ***-* ,2026-03-18 14:42:51
6510000,651000004720220008,2022-02-25,,폐업,2023-03-07,,,,0,,63326,카이터스,I,000,2026-03-26 22:33:07,"제주특별자치도 제주시 매촌*길 *, *층 (도련이동)",,폐업,0002,03,0647032032,161968.216292934    ,2276.11373201631    ,제주특별자치도 제주시 도련이동 *** ,2023-03-07 14:36:32
6510000,651000004720180003,2018-04-09,,폐업,2020-01-20,,,,0,,63092,개좋아,I,000,2026-03-26 22:33:06,"제주특별자치도 제주시 ****로 ****-*, 지하*층 (노형동)",,폐업,0002,03,,151916.585547211    ,-2328.36422432296   ,제주특별자치도 제주시 노형동 ***-* ,2022-04-28 18:11:59
6510000,651000004720180013,2018-05-28,,폐업,2020-11-25,,,,0,,63078,카페개랑,I,000,2026-03-26 22:33:06,"제주특별자치도 제주시 ****로 ****, *층 (노형동)",,폐업,0002,03,,152144.697072833    ,-5146.76025330222   ,제주특별자치도 제주시 노형동 ***-* ,2022-04-28 18:12:00
6510000,651000004720180022,2018-08-09,,폐업,2025-09-18,,,,0,,63207,비만고양이,I,000,2026-03-26 22:33:06,"제주특별자치도 제주시 신성로**길 **, *층 (이도이동)",,폐업,0002,03,,156298.971496882    ,232.372970615683    ,제주특별자치도 제주시 이도이동 ****-** ,2025-09-18 15:35:12
6510000,651000004720180052,2018-09-14,,폐업,2024-01-28,,,,0,,63059,스마일러펫,I,000,2026-03-26 22:33:06,제주특별자치도 제주시 애월읍 상고길 **,,폐업,0002,03,,145620.292087081    ,-2781.51494887893   ,제주특별자치도 제주시 애월읍 하귀*리 ****-* ,2024-01-28 14:06:46
6510000,651000004720180054,2018-09-21,,폐업,2021-11-01,,,,0,,63011,커피타는 야옹이,I,000,2026-03-26 22:33:07,제주특별자치도 제주시 한림읍 한림로 ***-*,,폐업,0002,03,0647960105,128996.434358142    ,-11359.1653711548   ,제주특별자치도 제주시 한림읍 협재리 ****-* ,2022-10-28 17:48:19
6510000,651000004720180077,2018-09-22,,폐업,2024-10-31,,,,0,,63149,해피 애견 카페,I,000,2026-03-26 22:33:07,"제주특별자치도 제주시 오라로*길 **-*, *층 (오라삼동)",,폐업,0002,03,,154199.407929889    ,289.843563185031    ,제주특별자치도 제주시 오라삼동 ****-* ,2024-10-31 17:45:42
6510000,651000004720180097,2018-10-26,,폐업,2024-09-23,,,,0,,63124,뒹굴개,I,000,2026-03-26 22:33:07,"제주특별자치도 제주시 삼무로 **, *층 (연동)",,폐업,0002,03,,152941.634720422    ,-644.452517929027   ,제주특별자치도 제주시 연동 ***-** ,2024-09-23 17:58:13
6510000,651000004720190040,2019-08-14,,폐업,2020-11-05,,,,0,,63274,디씨펫랜드,I,000,2026-03-26 22:33:07,"제주특별자치도 제주시 동광로**길 *-*, *층 (일도이동)",,폐업,0002,03,,156862.468073103    ,1025.77050515435    ,제주특별자치도 제주시 일도이동 ***-** ,2022-04-28 18:12:11
6510000,651000004720200010,2020-04-25,,폐업,2021-05-04,,,,0,,63277,어서오시개,I,000,2026-03-26 22:33:07,"제주특별자치도 제주시 관덕로**길 *, *층 (일도일동)",,폐업,0002,03,,155957.552026151    ,1993.10074238942    ,제주특별자치도 제주시 일도일동 ****-** ,2022-04-28 18:12:13
6510000,651000004720200018,2020-05-29,,폐업,2021-05-14,,,,0,,63319,곱닥한개,I,000,2026-03-26 22:33:07,"제주특별자치도 제주시 설촌로**길 **, *층 (삼양이동)",,폐업,0002,03,,161160.446300137    ,3125.04923228441    ,제주특별자치도 제주시 삼양이동 ****-** ,2022-04-28 18:12:13
6510000,651000004720200030,2020-07-14,,폐업,2022-12-30,,,,0,,63035,달래애견카페,I,000,2026-03-26 22:33:07,"제주특별자치도 제주시 애월읍 중산간서로 ****, *층",,폐업,0002,03,0648058777,138004.220302389    ,-5642.94178578524   ,제주특별자치도 제주시 애월읍 납읍리 ***-* ,2022-12-30 17:33:41
6510000,651000004720200035,2020-09-02,,폐업,2021-09-06,,,,0,,63358,돌썸냥,I,000,2026-03-26 22:33:07,"제주특별자치도 제주시 구좌읍 해맞이해안로 ***-**, ***동 *층",,폐업,0002,03,,182584.386554092    ,6912.37913734287    ,제주특별자치도 제주시 구좌읍 행원리 *** ,2022-04-28 18:12:14
6510000,651000004720200049,2020-12-24,,폐업,2024-01-05,,,,0,,63091,코기절미,I,000,2026-03-26 22:33:07,제주특별자치도 제주시 ****로 ****-** (노형동),,폐업,0002,03,,152134.817168842    ,-2478.47720568855   ,제주특별자치도 제주시 노형동 **-* ,2024-01-05 09:41:35
6510000,651000004720210017,2021-06-17,,폐업,2023-04-26,,,,0,,63095,멍더랜드,I,000,2026-03-26 22:33:07,"제주특별자치도 제주시 월광로 ***, *층 (노형동)",,폐업,0002,03,,150985.318150069    ,-347.833661576231   ,제주특별자치도 제주시 노형동 **** ,2023-05-26 18:03:32
6510000,651000004720210020,2021-06-19,,폐업,2024-12-31,,,,0,,63245,러블리 독스,I,000,2026-03-26 22:33:07,"제주특별자치도 제주시 연북로 ***, D동 *층 (이도이동)",,폐업,0002,03,,157998.598077805    ,-338.305120274733   ,제주특별자치도 제주시 이도이동 ***-* ,2025-01-06 13:54:35
6510000,651000004720220006,2022-02-22,,폐업,2022-11-14,,,,0,,63237,다같이애견카페,I,000,2026-03-26 22:33:07,"제주특별자치도 제주시 아란*길 **, *층 ***호 (아라일동, 미빌딩)",,폐업,0002,03,07086912475,157201.260046261    ,-2365.64639377787   ,제주특별자치도 제주시 아라일동 ****-* 미빌딩 ,2022-11-15 21:23:05
6510000,651000004720220009,2022-03-02,,폐업,2023-11-08,,,,0,,63147,요기개,I,000,2026-03-26 22:33:07,제주특별자치도 제주시 오남로 ***(오라이동),,폐업,0002,03,,154675.174854888    ,-2684.01778726761   ,제주특별자치도 제주시 오라이동 ***-* ,2023-11-08 14:55:44
6510000,651000004720220010,2022-06-15,,폐업,2023-11-14,,,,0,,63034,레그돌,I,000,2026-03-26 22:33:07,"제주특별자치도 제주시 애월읍 곽지*길 **, *층",,폐업,0002,03,,135500.66376108     ,-4796.39429719773   ,제주특별자치도 제주시 애월읍 곽지리 ****-** ,2023-11-15 10:46:35
6520000,652000004720250002,2025-08-18,,영업/정상,,,,,0,,63632,아일랜드 플라워 팜,I,000,2026-03-26 22:33:19,제주특별자치도 서귀포시 성산읍 서성일로 ***,,정상,0000,01,0647820955,185968.148287364    ,-7997.37303553686   ,제주특별자치도 서귀포시 성산읍 난산리 **** ,2025-08-18 16:27:43
6520000,652000004720250001,2025-01-22,,영업/정상,,,,,0,,63620,제주 캣월드,I,L00,2026-03-26 22:33:19,제주특별자치도 서귀포시 남원읍 태위로 ***,,정상,0000,01,0647643100,171909.569880359    ,-24443.4062721954   ,제주특별자치도 서귀포시 남원읍 남원리 **** ,2025-01-22 10:41:04
